payment_id,expected_order_id,expected_settlement_exists,true_status,exception_type
pay_bdd640fb-0667-4ad1-9c80-317fa3b1799d,ORD00001,True,matched,none
pay_23b8c1e9-3924-46de-beb1-3b9046685257,ORD00002,True,matched,none
pay_bd9c66b3-ad3c-4d6d-9a3d-1fa7bc8960a9,ORD00003,True,matched,none
pay_972a8469-1641-4f82-8b9d-2434e465e150,ORD00004,True,matched,none
pay_17fc695a-07a0-4a6e-8822-e8f36c031199,ORD00005,True,matched,none
pay_9a1de644-815e-46d1-bb8f-aa1837f8a88b,ORD00006,True,matched,none
pay_b74d0fb1-32e7-4629-8fad-c1a606cb0fb3,ORD00007,True,matched,none
pay_6b65a6a4-8b81-48f6-b38a-088ca65ed389,ORD00008,True,matched,none
pay_47378190-96da-4dac-b2ff-5d2a386ecbe0,ORD00009,True,matched,none
pay_c241330b-01a9-471f-9e8a-774bcf36d58b,ORD00010,True,matched,none
pay_6c307511-b2b9-437a-a8df-6ec4ce4a2bbd,ORD00011,True,matched,none
pay_371ecd7b-27cd-4130-8722-9389571aa876,ORD00012,True,matched,none
pay_1a2a73ed-562b-4f79-8374-59eef50bea63,ORD00013,True,matched,none
pay_5be6128e-18c2-4797-a142-ea7d17be3111,ORD00014,True,matched,none
pay_43b7a3a6-9a8d-4a03-980d-7b71d8f56413,ORD00015,True,matched,none
pay_759cde66-bacf-43d0-8b1f-9163ce9ff57f,ORD00016,True,matched,none
pay_ec1b8ca1-f91e-4d4c-9ff4-9b7889463e85,ORD00017,True,matched,none
pay_4b0dbb41-8d52-48f1-942c-3fe860e7a113,ORD00018,True,matched,none
pay_e2acf72f-9e57-4f7a-a0ee-89aed453dd32,ORD00019,True,matched,none
pay_3139d32c-93cd-49bf-9c94-1cf0dc98d2c1,ORD00020,True,matched,none
pay_a9488d99-0bbb-4599-91ce-5dd2b45ed1f0,ORD00021,True,exception,settlement_delay
pay_fc377a4c-4a15-444d-85e7-ce8a3a578a8e,ORD00022,True,matched,none
pay_ddd1dfb2-3b98-4ef8-9af6-1a26146d3f31,ORD00023,True,matched,none
pay_7412b293-4729-4739-a14f-f3d719db3ad0,ORD00024,True,matched,none
pay_29a3b2e9-5d65-4441-9588-42dea2bc372f,ORD00025,True,exception,missing_settlement
pay_ab9099a4-35a2-40ae-9af3-05535ec42e08,ORD00026,True,matched,none
pay_aefcfad8-efc8-4849-b3aa-7efe4458a885,ORD00027,True,matched,none
pay_a28defe3-9bf0-4273-9247-6f57a5e5a5ab,ORD00028,True,exception,settlement_delay
pay_3eabedcb-baa8-4dd4-88bd-64072bcfbe01,ORD00029,True,exception,amount_mismatch
pay_451b4cf3-6123-4df7-b656-af7229d4beef,ORD00030,True,matched,none
pay_b02b61c4-a3d7-4628-ace6-6fa2fd5166e6,ORD00031,True,matched,none
pay_5304317f-af42-412f-b838-b3268e944239,ORD00032,True,exception,amount_mismatch
pay_0e51f30d-c6a7-4e39-84b0-32ccd7c524a5,ORD00033,True,exception,duplicate_settlement
pay_ce177b4e-0837-48a3-9261-a7ab3aa2e4f9,ORD00034,True,matched,none
pay_10f1bc81-448a-4a9e-a6b2-bc5b50c187fc,ORD00035,True,matched,none
pay_9132b63e-f162-47e4-a9c3-49e03602f8ac,ORD00036,True,matched,none
pay_366eb16f-508e-4ad7-b7c9-3acfe059a0ee,ORD00037,True,matched,none
pay_e27a984d-6548-41d0-bfcd-9eb1a7cad415,ORD00038,True,matched,none
pay_24933b83-7577-40a9-a491-f0b2ea1fca65,ORD00039,True,matched,none
pay_beb79919-3f22-4af8-a3be-d01d43cf2fde,ORD00040,True,matched,none
pay_bf3c4c06-4343-48bc-89fa-6a688fb5d27b,ORD00041,True,matched,none
pay_956269f0-e5d7-4875-adad-d6c795a76d79,ORD00042,True,exception,settlement_delay
pay_ff50bde4-3825-47b8-9cab-cc97663f1c97,ORD00043,True,matched,none
pay_7e570ddf-8270-40a8-a369-b584ff5e9ff0,ORD00044,True,exception,duplicate_settlement
pay_dc713d96-0c0f-4195-817a-f08a1745d6d8,ORD00045,True,matched,none
pay_28f49481-a0a0-4dc4-a720-9bdf1c11f735,ORD00046,True,matched,none
pay_98ae4334-6c12-4ce8-ae34-0454cac5b68c,ORD00047,True,matched,none
pay_988c24c9-61b1-4d22-a280-1c4510435a10,ORD00048,True,matched,none
pay_405cacec-8774-49a9-b7d2-1e02ff01cf99,ORD00049,True,matched,none
pay_f143262f-dc5c-4eed-8da0-365bf89897b9,ORD00050,True,matched,none
pay_1d53434b-b881-49b9-ae27-0da702f06b90,ORD00051,True,exception,duplicate_settlement
pay_c0398710-8976-4334-a281-7efdae849217,ORD00052,True,matched,none
pay_5715bd6f-a416-4293-84c2-e2e3444ea7c8,ORD00053,True,matched,none
pay_287d06ca-6f4c-469a-8b22-d3081c8eaee9,ORD00054,True,matched,none
pay_b8db0672-f42d-47cc-80d4-af5974273ca3,ORD00055,True,matched,none
pay_f8cda88b-436d-46e2-b83c-fe0be037e5ed,ORD00056,True,matched,none
pay_81f76d1c-2dbc-4134-830f-f46e8026695f,ORD00057,True,matched,none
pay_a013ac6e-deda-4e16-9b3d-bd5ce9a1fa6f,ORD00058,True,matched,none
pay_81f631d4-a392-41a7-9777-a4774c66e0a8,ORD00059,True,matched,none
pay_5fb8d16c-2720-497d-b2eb-d6899be578c7,ORD00060,True,matched,none
pay_f4188f3f-8a14-4e62-a95b-4715c333e861,ORD00061,True,matched,none
pay_eb2263dd-87c5-421e-ac24-a3c5c754108f,ORD00062,True,matched,none
pay_7d154385-52fb-443b-9954-6eb400257ad1,ORD00063,True,matched,none
pay_5cec4eb5-edd9-4831-9ca3-5cfb04fc6d82,ORD00064,True,matched,none
pay_ce88cb2d-d4e8-4839-bc3e-058be0f3eab0,ORD00065,True,matched,none
pay_3da9c2a9-0ed4-4f1a-bd4c-bf374eb93eff,ORD00066,True,matched,none
pay_14296c07-f26b-4776-913e-4de2e0c53cb8,ORD00067,True,matched,none
pay_d0e6e660-7c69-4ee1-bb5e-4bcf15ed6269,ORD00068,True,matched,none
pay_885f6e66-c2b6-42c5-ba5d-310011b7e948,ORD00069,True,matched,none
pay_a8e56e0c-20de-435d-a031-d750c40db9b4,ORD00070,True,matched,none
pay_2a45c2ab-8cbf-4db0-b264-accc79ac1b1e,ORD00071,True,matched,none
pay_9b49bd26-df57-459a-8715-a10343dac043,ORD00072,True,exception,amount_mismatch
pay_edcd465e-3638-4821-b6e0-7cc06c52c49f,ORD00073,True,exception,duplicate_settlement
pay_b09b2a5c-badc-432a-8159-0f538a0f4efb,ORD00074,True,exception,amount_mismatch
pay_66245bfa-4fcc-439a-b683-d2e6337ea2df,ORD00075,True,matched,none
pay_5f987c71-a65e-488e-abf3-ad39fec21bbe,ORD00076,True,matched,none
pay_7394988f-847f-49b4-a64d-1bcb702753a1,ORD00077,True,matched,none
pay_1064005c-3985-43cf-bf76-be1d1efa2197,ORD00078,True,exception,missing_settlement
pay_8dcdcd03-969b-4662-8562-8059568cc69b,ORD00079,True,matched,none
pay_01d74256-3860-4ab6-96a4-02f23ae8cc93,ORD00080,True,matched,none
pay_0f1259e0-a18f-46b6-b535-106e122c9a56,ORD00081,True,exception,missing_settlement
pay_080aadfb-e7c9-4b26-9141-25c63a9bedd4,ORD00082,True,matched,none
pay_839fbc50-1223-4513-9496-f63cdc1110c1,ORD00083,True,matched,none
pay_7c441fe7-ab42-40a7-874a-493b3ceddf2d,ORD00084,True,matched,none
pay_b92da22b-21df-406f-8a0b-3c3336d8393a,ORD00085,True,matched,none
pay_93829b43-922f-415a-a1e3-db63ef7ddc76,ORD00086,True,matched,none
pay_7914c120-c8dc-419f-be35-11287900f7f9,ORD00087,True,matched,none
pay_1825bc54-30be-445f-a835-14f2ceb81f9d,ORD00088,True,matched,none
pay_5ab33edf-6e59-4ed3-a8b3-17fa18d0752b,ORD00089,True,matched,none
pay_dd2467ac-778e-4db3-a93d-ffbc6c6fa611,ORD00090,True,exception,amount_mismatch
pay_a748dbcf-ac61-4e63-8dde-29a6baa4b71a,ORD00091,True,matched,none
pay_0f844fef-1931-49ee-a56c-0941fbf24050,ORD00092,True,matched,none
pay_ccf3a171-56dc-4907-ba6c-34ab6712303a,ORD00093,True,matched,none
pay_310c0c00-3fa7-4104-9bf9-0e27dc96925e,ORD00094,True,matched,none
pay_23e2fcb4-72d8-467d-894a-05e430b187ef,ORD00095,True,matched,none
pay_766ecb15-474e-4c19-aef9-12766c006f61,ORD00096,True,matched,none
pay_134c6c92-ec5b-427c-9fde-4fbf3ff350bf,ORD00097,True,matched,none
pay_db20a56e-dc81-4fe7-8eda-8bbb71710434,ORD00098,True,matched,none
pay_a6f2f7b8-0cf3-4b58-9910-8be58ce21ea3,ORD00099,True,matched,none
pay_03c72ba8-d605-4770-8a63-f881ffd0f9d5,ORD00100,True,exception,missing_settlement
pay_c0e9ab30-ed26-42e9-97e0-11b7f8102383,ORD00101,True,matched,none
pay_680ac07a-2a93-4d62-bc83-5dc0d9441fa5,ORD00102,True,matched,none
pay_dd59ba71-36b8-4481-bb3a-4e3e7c52fa17,ORD00103,True,matched,none
pay_2a25a888-0f02-4ad0-a706-7ef466aa9385,ORD00104,True,matched,none
pay_63f2ae24-fc3d-4348-808d-4127610461e3,ORD00105,True,matched,none
pay_c8fe3ccd-c8b8-49c6-ad30-49cf43e458fc,ORD00106,True,matched,none
pay_b253d218-6c4a-47ea-8906-17f2747b6dba,ORD00107,True,matched,none
pay_c88a618e-fed4-457d-bb02-6576f512c4c3,ORD00108,True,matched,none
pay_7c967f79-b7e9-4aca-a970-65e18e46d534,ORD00109,True,matched,none
pay_37bb3eec-4bf5-4b52-b09d-258c27a0c3d7,ORD00110,True,exception,settlement_delay
pay_bc594585-9445-48c0-8ef8-c2d6f7fd5646,ORD00111,True,exception,settlement_delay
pay_504867ba-bf7b-439b-8f9a-ea4b8acd4e10,ORD00112,True,exception,amount_mismatch
pay_7a0ecfea-958c-49ba-8cd6-20c20ea2622b,ORD00113,True,matched,none
pay_87f7e1fb-da4b-49ca-ab5c-f46780bacd64,ORD00114,True,exception,amount_mismatch
pay_82010c62-f5f5-4b22-8e8f-a8e0284d82e5,ORD00115,True,matched,none
pay_118a9d29-2f92-4996-99f1-95d014822f53,ORD00116,True,exception,duplicate_settlement
pay_dca02eec-acda-4acc-9165-e21098543881,ORD00117,True,matched,none
pay_f10c718b-1eb0-438a-a75d-d5af3c365296,ORD00118,True,matched,none
pay_94340a03-3f07-4814-91d6-3f78e3e9de99,ORD00119,True,matched,none
pay_14fcdd54-9e8f-4965-8a2c-827e98326856,ORD00120,True,exception,amount_mismatch
pay_90b2b633-956b-4c0c-a849-9b926b5252e3,ORD00121,True,matched,none
pay_42c18a62-ef48-48d5-90fd-9d3f85d51695,ORD00122,True,exception,amount_mismatch
pay_506e5a9a-b758-488d-ab73-295b344a54b8,ORD00123,True,matched,none
pay_21813d25-6552-48a6-83ff-50113d1a85dd,ORD00124,True,matched,none
pay_750cab75-4ccc-4bc2-a53f-8a28abf3e3fc,ORD00125,True,exception,missing_settlement
pay_ef8c485b-c07a-40f2-add4-253b50f0fd0a,ORD00126,True,exception,settlement_delay
pay_9f044aed-7552-4327-8262-7f7312922f83,ORD00127,True,matched,none
pay_19985f15-ff00-4d4d-9020-59e4ff9ab5c2,ORD00128,True,matched,none
pay_8181a8cc-3691-47eb-89a2-688b12c136e0,ORD00129,True,matched,none
pay_5958a499-eeea-463e-a1e8-ac6843e42caf,ORD00130,True,matched,none
pay_3e896c64-e117-4ac3-919c-4ea3e1805081,ORD00131,True,exception,settlement_delay
pay_702cdd20-2862-48b8-88f4-ef125e9953d2,ORD00132,True,matched,none
pay_4d71c366-b41b-4143-8b10-550cd5704f32,ORD00133,True,exception,missing_settlement
pay_ce9e1a11-fcbb-4e59-bbdd-cf7c9c96e9ec,ORD00134,True,matched,none
pay_aaf91531-0200-41f0-8768-a84fa76afde6,ORD00135,True,matched,none
pay_ee87905e-4ca4-45ea-8dfa-6a56d12dbc9a,ORD00136,True,matched,none
pay_e0ccedc5-f05d-476e-9a84-a51aa9d3d7c7,ORD00137,True,matched,none
pay_e3c43657-1d8c-4bac-83b4-09ef2260e70f,ORD00138,True,matched,none
pay_27cb6f2a-8da0-4097-be0f-051b1b66b5a9,ORD00139,True,matched,none
pay_35ebd32d-9ad6-40ab-8821-2ddb45b89cd9,ORD00140,True,exception,duplicate_settlement
pay_afffcfd2-341e-440b-97c7-00aab7b56ea7,ORD00141,True,exception,amount_mismatch
pay_81627cf1-4394-42e6-9a58-7e8aa25d6b29,ORD00142,True,matched,none
pay_e87d1c78-e7c4-41c7-8049-7b717d106c60,ORD00143,True,matched,none
pay_a2607723-17a0-4f49-8d01-280fd89a40c0,ORD00144,True,matched,none
pay_0b49452d-46d4-43f3-9450-281c6c6f7633,ORD00145,True,matched,none
pay_217d65a0-c568-41cd-9563-f61600e85ece,ORD00146,True,matched,none
pay_295d6fbf-430f-401d-bad4-09e2a319dcb4,ORD00147,True,exception,duplicate_settlement
pay_b4a69f3c-8d3a-4d99-b11c-21c9bdc14f1f,ORD00148,True,matched,none
pay_1ca3c448-0279-46a6-8f97-97b06d7ce3c9,ORD00149,True,exception,amount_mismatch
pay_b0e6a969-e213-42b0-b1ee-dba313432e61,ORD00150,True,matched,none
pay_093923de-8bab-4e3b-a628-6bfbe767dcea,ORD00151,True,matched,none
pay_8d7248e2-951f-48d0-9e84-f058d5a804eb,ORD00152,True,matched,none
pay_0ab54bde-20a0-4502-ae06-809725e97977,ORD00153,True,matched,none
pay_eededb07-e623-4689-9d59-cd2a4eea04e7,ORD00154,True,exception,amount_mismatch
pay_0a368ce7-dc57-4131-b8e1-daa7cbceabde,ORD00155,True,exception,amount_mismatch
pay_ae9bec36-35c7-436c-9b99-62c6e61fecc0,ORD00156,True,matched,none
pay_5a8aaeca-1a50-4ec3-aabc-25fa3fe12e47,ORD00157,True,matched,none
pay_dfed2c43-e256-46dc-8f54-86b7c7b5b2bc,ORD00158,True,matched,none
pay_bfddc3d9-9ee3-4c2a-b94d-62046808593f,ORD00159,True,matched,none
pay_3c9ad14c-ee0c-4eb5-acfe-db992790cebd,ORD00160,True,matched,none
pay_ccc56569-f9e8-4369-a999-b735dd56cc94,ORD00161,True,matched,none
pay_698c206f-e1a4-4e10-ad53-4dd0cf8ebc5a,ORD00162,True,matched,none
pay_ecab3301-bc8f-4d29-adea-94930658663a,ORD00163,True,matched,none
pay_696608aa-ee49-4329-884a-7b28550a1b46,ORD00164,True,exception,amount_mismatch
pay_bc2cbb0d-dd33-4cc7-ab7f-089acd5f4822,ORD00165,True,exception,amount_mismatch
pay_28c13091-444d-410b-bf87-e362cf8d446a,ORD00166,True,exception,settlement_delay
pay_61ee411a-1bac-47a7-b386-f7a4c991603f,ORD00167,True,matched,none
pay_787f2425-dbcc-4477-89e9-db0adf465290,ORD00168,True,matched,none
pay_eb1fa9f2-d10b-41d0-b317-347038f16a81,ORD00169,True,exception,missing_settlement
pay_d20eac17-4e20-4d1a-9983-36e375d66ed4,ORD00170,True,matched,none
pay_39118497-3a43-42ba-9f0f-06cbcb9bc326,ORD00171,True,matched,none
pay_6601ddd0-3170-4437-a8f7-ef5a060edf5b,ORD00172,True,matched,none
pay_11c58ef0-dd46-4c09-8752-87aa5408f9ac,ORD00173,True,matched,none
pay_59e4b671-4774-4c58-85f8-bc16f7860b50,ORD00174,True,matched,none
pay_adf4e62d-6651-429e-8268-690ba43825b5,ORD00175,True,matched,none
pay_54c63cd8-8945-4f27-97fa-2d8dfb2ca025,ORD00176,True,matched,none
pay_e08596db-1d87-4966-8710-d430f071d879,ORD00177,True,matched,none
pay_94a1875d-2db6-4edb-82de-ffccf86c2ca2,ORD00178,True,matched,none
pay_09cb3942-43f5-4a85-bbc9-f87af668a617,ORD00179,True,exception,missing_settlement
pay_587ef344-6f3f-420c-98b8-e4cc1bc044fc,ORD00180,True,matched,none
pay_6fb78271-504d-481f-8953-5b63ba81edd9,ORD00181,True,matched,none
pay_1d9af659-82ec-4f2d-bbf6-e16f9b3080d5,ORD00182,True,matched,none
pay_30a900ad-939b-462d-a645-f129629c2ae3,ORD00183,True,matched,none
pay_6fa17735-b572-43d0-8b5c-ea6a41357e8c,ORD00184,True,matched,none
pay_ce777f00-ecf2-4e76-8519-7ff4006ed6e3,ORD00185,True,matched,none
pay_f0b5156b-b82c-4074-afd5-dea589d7fd6c,ORD00186,True,exception,settlement_delay
pay_3270e4fa-abae-4f43-bcae-8081bdf070aa,ORD00187,True,matched,none
pay_f2e9702d-11e9-4daa-ae69-81a35d3d9e56,ORD00188,True,matched,none
pay_9f871ce7-5487-4d4f-abb7-a385aa0b7b14,ORD00189,True,matched,none
pay_1fe771d6-d917-4793-a9d3-c2e6505cc686,ORD00190,True,matched,none
pay_81d2c7de-4ce1-4b90-a669-7833b841d0a0,ORD00191,True,matched,none
pay_5380b904-688c-4015-aab9-7e494f2d4796,ORD00192,True,exception,missing_settlement
pay_8dedf9fb-4bb0-4f20-b27c-40266703b636,ORD00193,True,matched,none
pay_aa38d0a1-6ba2-4efe-b11c-6eb62095eef6,ORD00194,True,exception,duplicate_settlement
pay_bf85bf0e-ad64-456c-a10f-aa3ff0bbac67,ORD00195,True,matched,none
pay_91b0e1d9-9d92-42af-ac8d-0e44e71e43a6,ORD00196,True,matched,none
pay_d56f0350-8c45-4ce2-a7f4-8ad54d0b0d1a,ORD00197,True,matched,none
pay_35ce8841-4973-4d6c-8dca-bfb7001a9a8b,ORD00198,True,matched,none
pay_9b4e2c24-9479-41e6-8927-7d9b6e0d2648,ORD00199,True,matched,none
pay_7118e364-7709-4749-927e-ecfaa79ac9aa,ORD00200,True,matched,none
pay_82dc4c8e-36b5-429a-acf5-e81e71316269,ORD00201,True,matched,none
pay_f5b78cc7-e6b3-4944-8b32-3e357922bac2,ORD00202,True,matched,none
pay_a8aa7158-2b70-4525-bc67-f831cbc84759,ORD00203,True,exception,settlement_delay
pay_a9f25336-83f4-49a9-88a6-39d015b52908,ORD00204,True,matched,none
pay_17e8392a-55ce-45db-9e87-e04ca2086977,ORD00205,True,matched,none
pay_3c20592f-c04a-46c4-b3b6-3fe1d1843324,ORD00206,True,matched,none
pay_ce7ae7f6-3982-4cff-8f77-a665ac3c5640,ORD00207,True,matched,none
pay_0bd4a990-0640-4e0f-a5b8-fd4b32fa2de8,ORD00208,True,exception,missing_settlement
pay_9c7c7377-79a2-4903-bbe3-3b243eae0032,ORD00209,True,matched,none
pay_74962764-12a4-4ef0-84bb-b7a9d98868dd,ORD00210,True,matched,none
pay_935f2b0a-a138-4ddc-a2d9-de5d6a18ce4c,ORD00211,True,exception,missing_settlement
pay_624c69b6-b244-45a7-b7e5-848131c681ec,ORD00212,True,exception,amount_mismatch
pay_25c73c44-3e75-43b4-a64f-a6637e8f8095,ORD00213,True,matched,none
pay_e4855aa1-016b-4287-b008-05cca7f36ae9,ORD00214,True,matched,none
pay_e2add909-c521-4f2d-9c45-d539c03f3538,ORD00215,True,matched,none
pay_3805f907-6cd6-4193-8746-8f591b494e15,ORD00216,True,matched,none
pay_b227462c-f53d-4330-8dda-24ba2d06e8cf,ORD00217,True,exception,duplicate_settlement
pay_8eb22579-0cdb-4ca4-b6ec-bdd68498e113,ORD00218,True,matched,none
pay_1f115b76-d92c-4227-aadf-50853fcb7546,ORD00219,True,matched,none
pay_76f2dbfe-cd29-436f-a222-82e174daaebf,ORD00220,True,matched,none
pay_8f15ba58-fce6-4504-87f8-424daae65fc1,ORD00221,True,matched,none
pay_c1581092-f335-4ba3-913a-7052986f9025,ORD00222,True,matched,none
pay_d0a44432-9cd6-4852-b14c-7df4e4347d51,ORD00223,True,matched,none
pay_6d3ee1dc-8139-4443-a45b-712eb8225688,ORD00224,True,matched,none
pay_722764e6-8c41-461b-a827-a1b9d4a02e53,ORD00225,True,matched,none
pay_dc8aee30-be60-43f7-a8be-9288e5af6e39,ORD00226,True,exception,missing_settlement
pay_c074718e-425a-409f-b337-c59979844388,ORD00227,True,exception,duplicate_settlement
pay_46fde062-a33d-47af-9701-410d3f4b1a70,ORD00228,True,matched,none
pay_7c0e8cd8-8573-4793-8715-b2b9c40c5d91,ORD00229,True,matched,none
pay_709b7d97-464c-44af-bd3f-3799a07295e9,ORD00230,True,exception,missing_settlement
pay_3c07c574-4925-4af1-b6aa-e05b13d5f2f7,ORD00231,True,matched,none
pay_e49d681d-51d8-4c64-95fa-1ab8458f1f19,ORD00232,True,matched,none
pay_269cd696-236c-4b87-94a0-bccb8a476a87,ORD00233,True,exception,settlement_delay
pay_271e3ee2-b1a6-41f1-a20e-99d33b33f3d8,ORD00234,True,matched,none
pay_6a34c854-1071-4d51-b6c5-9dacb4d7e28e,ORD00235,True,exception,missing_settlement
pay_7746d0ba-8ae8-405b-94b4-a48268586eba,ORD00236,True,matched,none
pay_d5385b0e-34f3-493c-8ff0-a55c6a702e2f,ORD00237,True,matched,none
pay_c51155ff-e7a3-4e81-a3b4-c08b6b8e869f,ORD00238,True,matched,none
pay_05000bc6-b20d-4b6e-b231-1f1795863a76,ORD00239,True,matched,none
pay_9360715f-c3fe-4183-a172-b725db52ca58,ORD00240,True,matched,none
pay_f1578470-0182-47c4-ba1b-58066160a6b4,ORD00241,True,matched,none
pay_63d62a39-c0e3-4efd-8c71-e0fe5a0cdd7c,ORD00242,True,exception,duplicate_settlement
pay_d5f25073-f414-42b1-a442-9ebbda7b9095,ORD00243,True,matched,none
pay_bc10fa52-bf5d-4fdf-89c8-d2ab6b44fa8d,ORD00244,True,exception,duplicate_settlement
pay_e5d6f6e6-9a6e-42f5-8cc4-29038bcf53a1,ORD00245,True,matched,none
pay_45df16b6-382c-443f-bcfc-9b793875394c,ORD00246,True,matched,none
pay_638c254c-076e-4bba-bc53-08bf6f92f25e,ORD00247,True,matched,none
pay_cc530e36-addc-4e13-ab3b-4d37560c95ee,ORD00248,True,matched,none
pay_d72b6108-2a40-4f12-b963-f37f67814c1f,ORD00249,True,matched,none
pay_fb10987f-20ac-4703-ab67-146a77a6e17c,ORD00250,True,matched,none
pay_e82c7d7b-06e7-45f9-88bc-539c9f4c3b79,ORD00251,True,matched,none
pay_a9ba5a27-907b-4e36-9786-48f864de82e6,ORD00252,True,matched,none
pay_6db99102-a48b-4dbe-957d-94a106f028ff,ORD00253,True,matched,none
pay_2e85cb21-7631-4e9d-9de9-f86322bd3388,ORD00254,True,exception,missing_settlement
pay_53cd6268-610c-4373-8299-9aa40cdf742b,ORD00255,True,matched,none
pay_56666f9f-53ac-4ab9-b467-2cd9362f5e5c,ORD00256,True,matched,none
pay_473bd358-610e-4a64-a130-1617c2dff335,ORD00257,True,matched,none
pay_6bebac31-d4f8-4d72-b382-1cfdc083b73a,ORD00258,True,exception,amount_mismatch
pay_78660765-14f7-4e8d-95bc-b8d04094dded,ORD00259,True,matched,none
pay_0d557b61-8a17-4dfe-bfc0-0dc804f64d86,ORD00260,True,exception,missing_settlement
pay_39669fa7-5997-4043-b3b1-025bfff9f585,ORD00261,True,matched,none
pay_f510ab53-c7fe-439f-9190-f938a66fd7f7,ORD00262,True,matched,none
pay_07f194f9-c115-4d6d-8a4e-5b70a6d964a3,ORD00263,True,matched,none
pay_d6d7b3b8-3309-4d35-bf4d-f561f319c125,ORD00264,True,exception,duplicate_settlement
pay_3d114802-2702-478b-9f0f-da8d05379ff6,ORD00265,True,matched,none
pay_1d48a071-ab61-47b1-b93b-4c3220500494,ORD00266,True,matched,none
pay_770c7798-37cc-463b-b2a0-345990604f62,ORD00267,True,exception,amount_mismatch
pay_5e6fea07-c453-4f1d-8199-2fdfb31022f0,ORD00268,True,matched,none
pay_f6b751f7-9b74-4245-9b1b-c8952af43ab7,ORD00269,True,matched,none
pay_c71d5e60-1d52-46ab-b7e6-427cbf780e3f,ORD00270,True,matched,none
pay_4fa03f26-f6f7-40cc-a9ec-8e49d1bdb8c0,ORD00271,True,matched,none
pay_edcb8cb6-0692-4c63-9424-aed51bac5c15,ORD00272,True,exception,missing_settlement
pay_e87466d7-ad66-41bd-9367-6a024fdc6e1b,ORD00273,True,matched,none
pay_f1043785-658b-4523-a014-1de9f54ad0a2,ORD00274,True,matched,none
pay_9793b9b4-1374-4146-b2c5-bd89b70b3420,ORD00275,True,matched,none
pay_3e2b6091-a092-452a-94a0-57a7b0cc1b3b,ORD00276,True,matched,none
pay_4d3485c5-c5c1-4eb4-b27b-3d901a16342c,ORD00277,True,exception,amount_mismatch
pay_ce3714af-99b4-4350-af2b-99b4d9acd158,ORD00278,True,matched,none
pay_90e0f4a0-fbdd-4933-8bd5-8bf61efd76e9,ORD00279,True,matched,none
pay_8861fe18-58e2-4888-8a83-81bec85aca46,ORD00280,True,matched,none
pay_11a72609-5edd-4bbf-a959-76636daa2e68,ORD00281,True,matched,none
pay_033d2bce-575a-4d2c-a5c5-650c8186a576,ORD00282,True,matched,none
pay_7d7ddbed-d284-476c-ab88-f83dd97dc9cd,ORD00283,True,matched,none
pay_5cb85aed-f5f6-4c97-aefb-63b11b049863,ORD00284,True,matched,none
pay_75b17a55-d426-4982-a43e-4288a2b5b498,ORD00285,True,matched,none
pay_2d174fc9-6f7c-45ea-a72a-6d8eb5122df8,ORD00286,True,exception,amount_mismatch
pay_a6846099-f729-4951-8591-31d2bbda0242,ORD00287,True,matched,none
pay_eb6c1016-cee6-44d0-9dac-6e8345241ea6,ORD00288,True,matched,none
pay_7701f7bb-7bc6-4e1f-864e-e6e389c5b31a,ORD00289,True,exception,missing_settlement
pay_97ac6aa8-bb24-48a3-9363-57b66f81cf4f,ORD00290,True,matched,none
pay_3ed8c56c-da09-4fa0-9282-8d8044b591f7,ORD00291,True,matched,none
pay_4767d76c-162f-4a24-af43-613cd4aac9a3,ORD00292,True,matched,none
pay_c01f36bf-3e6d-458b-b367-c28de1b294de,ORD00293,True,matched,none
pay_ab0e664e-9c3e-42d5-91e1-aa9676f72255,ORD00294,True,matched,none
pay_7e8adee7-0758-4201-961e-16d16105716b,ORD00295,True,exception,amount_mismatch
pay_7cd0129d-2e8d-4e87-9334-20e6d9d80b8d,ORD00296,True,exception,amount_mismatch
pay_4223623b-cc3e-4dde-9ad5-cf06364d7c87,ORD00297,True,matched,none
pay_989d9d4a-e15c-4666-8797-b2c957207246,ORD00298,True,exception,missing_settlement
pay_8e485223-46b9-4991-a14e-b70db380c73a,ORD00299,True,matched,none
pay_30e912f2-f2b4-4abf-8441-aefd0299436a,ORD00300,True,exception,settlement_delay
pay_680bac63-b856-4035-bdc9-829015eabb27,ORD00301,True,matched,none
pay_3d85de89-c217-4429-8e20-07247d137018,ORD00302,True,matched,none
pay_b63b4dc3-a559-4463-b9e1-3ceab0cbc61f,ORD00303,True,exception,amount_mismatch
pay_046a0df5-cafd-4613-b2bb-912d7da67785,ORD00304,True,matched,none
pay_6786d506-38ba-4abc-8b53-05e517d2582e,ORD00305,True,matched,none
pay_a9f948b2-4e63-44bb-be49-3f43b118f68d,ORD00306,True,matched,none
pay_8db06746-7927-4973-9e78-1fd794e0d3ba,ORD00307,True,exception,amount_mismatch
pay_ff233d5f-6ced-415d-9800-7c0287ea7ff5,ORD00308,True,matched,none
pay_5a104129-54ae-4d1b-8ce6-424dbef59fe6,ORD00309,True,exception,missing_settlement
pay_4e7ed827-455a-4762-b428-a656b3ee4d3b,ORD00310,True,matched,none
pay_b8a6171f-1ee3-4dc4-bb04-8a8b405bfdc9,ORD00311,True,matched,none
pay_be2d740a-1e9b-43bc-90c7-c006314d3441,ORD00312,True,matched,none
pay_b0ae8f08-c31e-4bbc-b36c-b62b892e6161,ORD00313,True,matched,none
pay_bd1531c8-3764-4bda-b108-d4482f65fafa,ORD00314,True,matched,none
pay_96ef2ad6-b97e-4703-86c8-adfe7bf47042,ORD00315,True,matched,none
pay_98c7472a-864e-4a13-829c-fc0cfa02eaec,ORD00316,True,exception,duplicate_settlement
pay_d52721e7-19bc-443e-bb02-bebb48729a4d,ORD00317,True,matched,none
pay_5c62b3a2-3a3c-463e-8bd6-cee631b1b099,ORD00318,True,matched,none
pay_b540b30e-039f-4a25-8d61-68bd2defe193,ORD00319,True,exception,duplicate_settlement
pay_0ba6eab9-4639-447b-a067-bdac88bd13d1,ORD00320,True,matched,none
pay_4ac9778d-8da8-4ee4-8df5-6ac6f96b648a,ORD00321,True,exception,amount_mismatch
pay_a34b6cf6-2053-4a42-b1af-db65b289f224,ORD00322,True,matched,none
pay_1a432f0a-7daa-49f0-80b6-fce2de53790a,ORD00323,True,matched,none
pay_48ca7651-92f5-4f7b-8323-d342df6a8f93,ORD00324,True,matched,none
pay_5738811d-70c2-403f-ba8d-03aa782a65e0,ORD00325,True,matched,none
pay_40a26c60-0d27-4659-b72a-da9b2f32751e,ORD00326,True,matched,none
pay_1d34d08e-7a4c-45d4-9c99-e04cf0e98b3b,ORD00327,True,matched,none
pay_7de31a51-6694-4343-90ba-58e3d2762bdc,ORD00328,True,matched,none
pay_afbb411a-a123-4a8c-93b7-a88612f70c97,ORD00329,True,matched,none
pay_cfa701cd-2631-400b-a6d7-94d30db95301,ORD00330,True,matched,none
pay_15ce6a66-4dc8-4a1e-b2f9-e5fa90164161,ORD00331,True,exception,duplicate_settlement
pay_8edddfcd-1e52-4770-bf89-7142fe716b14,ORD00332,True,matched,none
pay_989bc4da-9b37-422b-aa8a-616fc3b290d0,ORD00333,True,exception,duplicate_settlement
pay_c693da11-39c6-41ca-9e50-aa42ca6dfda1,ORD00334,True,matched,none
pay_e893be3d-7354-4a6f-a160-745985c7504b,ORD00335,True,matched,none
pay_96a9954f-dc33-41f9-8c1f-55ab715629ee,ORD00336,True,matched,none
pay_9191b363-4e2d-4645-adc7-cac7fd72b050,ORD00337,True,matched,none
pay_f5c9b047-9c10-4572-8f6b-40d09efba58b,ORD00338,True,matched,none
pay_c342bd2b-f295-456e-9967-5f06bd767e35,ORD00339,True,exception,amount_mismatch
pay_43bfd931-3605-4f54-a021-c0ca3531968d,ORD00340,True,matched,none
pay_3d67cde9-2834-44c0-94c8-b3b4a911d192,ORD00341,True,matched,none
pay_2812859a-1337-439e-8d4f-5d272c7f0b79,ORD00342,True,matched,none
pay_b07aa066-7354-45ea-a894-9b8d00af5b3a,ORD00343,True,matched,none
pay_085b15fb-4a8f-4810-b84c-2f29980402a2,ORD00344,True,matched,none
pay_48603b32-b4fb-4eb9-89c1-3de73b4206c5,ORD00345,True,exception,amount_mismatch
pay_1238d630-743b-45a2-9c0f-2fcfb3f6fe0d,ORD00346,True,matched,none
pay_43b9da13-ec85-4f37-bbc1-a987aff8754d,ORD00347,True,matched,none
pay_96fc734d-a003-4d28-8a8f-3653c9af18f8,ORD00348,True,matched,none
pay_32a447b2-ef04-457d-8dcc-c33aa9434aa0,ORD00349,True,matched,none
pay_398d1ca6-8b68-40b5-9d61-fac36cd5e859,ORD00350,True,matched,none
pay_44007d5a-e88d-4719-a624-2b40a5cb63a2,ORD00351,True,exception,settlement_delay
pay_0f44704f-1247-4a4e-a469-98e8d39e198b,ORD00352,True,matched,none
pay_9854ce4e-4ebf-45c3-8ae9-b4a72a79ea68,ORD00353,True,matched,none
pay_ebd34616-91b7-4d8e-9301-6989bfbbb17f,ORD00354,True,matched,none
pay_77fc9703-1fd5-4423-b06c-5c5649e2623d,ORD00355,True,matched,none
pay_670acc5c-b321-4f21-8dd8-eb85b04d3376,ORD00356,True,matched,none
pay_8a3c3b5e-801e-41da-85b1-ed25f1533ae8,ORD00357,True,exception,missing_settlement
pay_9918ee46-1497-4658-b010-f7197e695d0d,ORD00358,True,matched,none
pay_bc0a6a5d-6e99-4e3e-a3b1-37fc0a3450fc,ORD00359,True,matched,none
pay_069f14f1-4018-4c6e-9a8c-fa3c5283aac7,ORD00360,True,matched,none
pay_ac9ed156-f63f-4e41-ba9a-ca5e176132ed,ORD00361,True,matched,none
pay_964db03f-9340-4fad-9c4a-d56bd6016237,ORD00362,True,matched,none
pay_c3c75611-ffe3-4a49-854f-92fff366bad4,ORD00363,True,matched,none
pay_9384ec2b-44fe-4cae-9248-a9a7ac1aa554,ORD00364,True,matched,none
pay_2cd94cbb-c19a-458c-835b-1c8c0a4c9f7f,ORD00365,True,matched,none
pay_7135f221-a6c9-437f-84da-d06a7872bdeb,ORD00366,True,exception,settlement_delay
pay_ff37d19c-2e76-428b-8735-44f9ea83bf00,ORD00367,True,matched,none
pay_d0725b5c-a281-4044-af96-288295d82980,ORD00368,True,matched,none
pay_785299f4-175b-498d-b814-01027de1bdfe,ORD00369,True,matched,none
pay_5230dfbd-5553-42fe-a889-803e5913f9d3,ORD00370,True,matched,none
pay_292bd156-db94-4570-9ac7-0ec0ab8ddeb4,ORD00371,True,exception,missing_settlement
pay_7ed70ed7-b194-490b-a961-929e546e035a,ORD00372,True,matched,none
pay_668409e3-f1f8-443e-a99f-131849c8a43f,ORD00373,True,matched,none
pay_0964fbbf-8cd3-41b0-82b0-1cfdd045dd1c,ORD00374,True,matched,none
pay_409d3602-5084-4242-968b-1625746f7891,ORD00375,True,exception,amount_mismatch
pay_c5c5b37a-f85e-46a1-9dad-09b252c21221,ORD00376,True,exception,missing_settlement
pay_d32e6dcd-83bc-4478-9d6a-c7b86778043b,ORD00377,True,exception,amount_mismatch
pay_de8ede0b-a85c-4e4a-804b-6fabfcf56188,ORD00378,True,exception,settlement_delay
pay_0de051a6-69ca-47d2-b644-14fd8ae769ed,ORD00379,True,exception,settlement_delay
pay_9f64eeed-5c9d-427d-84b8-71bb300568d2,ORD00380,True,matched,none
pay_71299889-a01a-4992-bf9d-3e64c1a6423b,ORD00381,True,matched,none
pay_445dcc38-341c-4494-8d36-6dfcc28ebd70,ORD00382,True,matched,none
pay_49bc473f-ed7b-4656-a18a-15368c99a894,ORD00383,True,matched,none
pay_7c16128d-b2c0-4394-a17f-29e170286046,ORD00384,True,exception,duplicate_settlement
pay_a14923c2-f920-464c-8763-fcd01f15c7b6,ORD00385,True,matched,none
pay_b5b453ca-3d42-493c-8c9f-d3349bdf0377,ORD00386,True,exception,missing_settlement
pay_03802b70-8d03-491e-8f8d-5238288b78b5,ORD00387,True,exception,amount_mismatch
pay_3985fb62-17dc-4eff-a872-13f98d605936,ORD00388,True,matched,none
pay_1d0bc9bd-e9b5-45cf-9766-5cdafe049059,ORD00389,True,matched,none
pay_a5d04d53-1e12-42e3-b272-92b6762172ed,ORD00390,True,matched,none
pay_eec259dc-7f95-497c-a76a-a6ced50755d9,ORD00391,True,matched,none
pay_b495db4e-8245-4fb4-8ab7-706eb77350ca,ORD00392,True,matched,none
pay_7b85179a-d5b0-47e0-aa5d-932b45ff2c83,ORD00393,True,exception,missing_settlement
pay_74eff545-3e65-4603-b8e3-654bfaf14ff0,ORD00394,True,matched,none
pay_30cbd755-6232-417a-a507-41818d1fb540,ORD00395,True,matched,none
pay_bf0d073d-821c-4336-9970-cf60ebff8d15,ORD00396,True,exception,amount_mismatch
pay_11df12d7-dd30-4e89-a2f2-35f2e11b868d,ORD00397,True,matched,none
pay_dabac50d-ca3d-4859-85ce-099c46b82659,ORD00398,True,exception,amount_mismatch
pay_c9a7d91f-ef2a-4713-9702-10496a39aaa6,ORD00399,True,matched,none
pay_00a81de9-d20f-47d0-8465-6d6b81fb18b3,ORD00400,True,matched,none
pay_d664d264-4c6e-47ff-b9de-7a3a486822b9,ORD00401,True,matched,none
pay_a8f1e091-ffb8-402d-9475-dbc996418ced,ORD00402,True,matched,none
pay_7250ee18-260a-4962-9d81-b7f57d5911c6,ORD00403,True,matched,none
pay_551ac8ea-585a-4afa-bbfd-cc1289e06ab3,ORD00404,True,matched,none
pay_6090d697-8b1e-4b9d-834b-9fbb8d4a75b8,ORD00405,True,matched,none
pay_de9e3757-5260-401e-aecf-67d2749176f4,ORD00406,True,matched,none
pay_3d225c30-b28f-41de-bb14-0bc3304b8590,ORD00407,True,matched,none
pay_db23aa8c-3bca-4f85-a20a-60ac9261549d,ORD00408,True,matched,none
pay_517400f8-0b2c-482a-a928-8e92c68a152f,ORD00409,True,matched,none
pay_e9d68f23-b489-4070-b914-f8a8bea4ff31,ORD00410,True,matched,none
pay_fd08b32c-62d6-4e93-a198-5d54cfb87e6f,ORD00411,True,matched,none
pay_a6eab79e-d21c-42f8-8ada-4f80a9e782d4,ORD00412,True,matched,none
pay_f6febc0e-7ecd-4baf-a6f0-5fcffb16e5db,ORD00413,True,matched,none
pay_f72169bb-8096-4718-a051-acef097a1e10,ORD00414,True,matched,none
pay_19b17e80-dea4-4e17-94fd-9ad39716108e,ORD00415,True,matched,none
pay_1986b4b2-70b7-4868-9854-80f0dfcaf0b7,ORD00416,True,matched,none
pay_03edd1f8-74f9-4d17-a912-b4bf86a4bae4,ORD00417,True,matched,none
pay_def57689-68f4-4bce-a4e7-5e8eb8f21423,ORD00418,True,exception,amount_mismatch
pay_1327f1bc-2784-478f-b84f-16b3a79fbfaf,ORD00419,True,matched,none
pay_43d88870-f81d-4aa1-8812-0a8e78308930,ORD00420,True,exception,amount_mismatch
pay_65c17795-b155-46bc-9f8d-ed9756abf2f1,ORD00421,True,exception,missing_settlement
pay_541cdfcd-da0d-4a5f-948f-8b74a65bb1f2,ORD00422,True,exception,settlement_delay
pay_889b78d5-dbfd-497e-aca2-b148da330aa1,ORD00423,True,exception,settlement_delay
pay_a075e927-5110-4492-b442-7e0b61484bb3,ORD00424,True,matched,none
pay_7cea2045-c268-483e-a32f-2e63b7fddd71,ORD00425,True,matched,none
pay_9e11d2cd-0930-4ef6-8a80-068ddf547e50,ORD00426,True,matched,none
pay_af34cf65-a193-44b2-bc19-e71d118405ad,ORD00427,True,matched,none
pay_3a3c8a71-ff57-4e2b-8991-ab9bebc2026f,ORD00428,True,matched,none
pay_fa745761-6f18-4108-9723-199dbf2c14a0,ORD00429,True,matched,none
pay_b4323070-a23d-4c2f-82a7-96891933918c,ORD00430,True,matched,none
pay_2a96e1e2-7194-4ae2-99ba-d7aedf615a5c,ORD00431,True,exception,duplicate_settlement
pay_0769165f-e746-4cb9-8ca9-cf07b1aa0f6a,ORD00432,True,matched,none
pay_0e5dd462-cbd0-4ef2-930a-37df0bc61066,ORD00433,True,matched,none
pay_6e417d47-5ff5-45ea-9bc4-40f14b1a269b,ORD00434,True,matched,none
pay_697c3923-87fa-441a-be83-b91f25440fe0,ORD00435,True,matched,none
pay_2e183554-cae2-4e66-ae8a-781390e0a95b,ORD00436,True,matched,none
pay_9c07a751-1437-4509-acd1-586a2b840c67,ORD00437,True,exception,missing_settlement
pay_aee1e86b-9ea5-46aa-a1ee-6c5bdeef580f,ORD00438,True,matched,none
pay_9549c931-e9af-499d-bf67-1eec3da70577,ORD00439,True,matched,none
pay_a34db7c5-760d-4bbb-bb70-b3a124a35cf2,ORD00440,True,matched,none
pay_aab612c9-415d-474a-b5a6-69814104a8b5,ORD00441,True,matched,none
pay_771ad655-cdfc-4ee0-a61e-de900267deb3,ORD00442,True,matched,none
pay_8beddb12-ad77-482f-89a2-3a89e6b5a92c,ORD00443,True,exception,amount_mismatch
pay_f1faf665-7115-43f3-92e8-9d1028711733,ORD00444,True,matched,none
pay_4c955f6a-966b-4964-bcd6-bdca5876fd09,ORD00445,True,matched,none
pay_b0b862ef-6c9f-42b9-b647-8986a3917c99,ORD00446,True,matched,none
pay_4d57d880-d865-469a-b4f3-310340066ff2,ORD00447,True,matched,none
pay_da743152-627b-41a1-bfd6-f23232ffe294,ORD00448,True,exception,missing_settlement
pay_61a11729-3cb9-4350-9b4d-a0fe7bb38605,ORD00449,True,exception,amount_mismatch
pay_4bbe4aff-9326-4ffd-9be4-bf5192698698,ORD00450,True,matched,none
pay_059dd55d-4b94-4e30-b303-f438fe2110d0,ORD00451,True,exception,amount_mismatch
pay_6553867d-a881-4fd3-947d-577bfa5a91ca,ORD00452,True,matched,none
pay_dd750e98-90e0-495f-8212-b554464458b4,ORD00453,True,matched,none
pay_f93e08d5-bea2-4dfe-873f-6e1baf908e3c,ORD00454,True,matched,none
pay_bec39a37-9b3d-44bd-a91e-314e0c8e29e3,ORD00455,True,exception,settlement_delay
pay_e726be23-e776-4886-9534-ee1d7f2984f5,ORD00456,True,matched,none
pay_3ae909fe-cc82-48da-8696-f5e64944051b,ORD00457,True,matched,none
pay_3810ae66-5a31-44cc-8d4b-69a99b689c88,ORD00458,True,matched,none
pay_402913ec-9ef2-493e-b0ac-7d7ba2f963a3,ORD00459,True,matched,none
pay_c478f6f1-b88e-4318-816d-83edad81f8bd,ORD00460,True,matched,none
pay_2303f6c6-d69d-42f1-ae4c-84ffa8c01f05,ORD00461,True,matched,none
pay_a0a11839-e745-4704-98df-bc3ca0d4de3d,ORD00462,True,matched,none
pay_c9e26074-4f16-49a0-8a17-991ea5769411,ORD00463,True,matched,none
pay_5d678bb1-945e-42e4-888a-93ec70d9c9f8,ORD00464,True,matched,none
pay_e8dd5e5a-1712-4b16-a1a4-344fbb7bee03,ORD00465,True,matched,none
pay_6a5e6920-bf5a-47e6-93a3-dd5a4b8c5bdc,ORD00466,True,matched,none
pay_c958e75e-21d5-4971-b367-49b52cf6bf75,ORD00467,True,exception,amount_mismatch
pay_5da8d6d2-f8b3-4a8b-a05f-b8bc8a16a06c,ORD00468,True,matched,none
pay_45c45a3e-e9da-484a-8075-9f1f87e5f0fe,ORD00469,True,matched,none
pay_e9ff1cae-41c8-4a8c-aa1f-955ad499da99,ORD00470,True,exception,amount_mismatch
pay_f7a67b94-7b5a-411a-b1b6-4afed31edf1a,ORD00471,True,matched,none
pay_ded255d0-bf1e-4366-8b8e-63d4ce7607ad,ORD00472,True,matched,none
pay_77e490c7-1d7b-4313-8de2-2f1c56b60afc,ORD00473,True,matched,none
pay_c1101266-2408-46dc-9346-d1a9f6802cdb,ORD00474,True,exception,missing_settlement
pay_ad238d36-dc32-4c97-b9c1-e262f76c8ede,ORD00475,True,matched,none
pay_65bcc272-fadd-4ea3-aca5-e2fdb966442a,ORD00476,True,matched,none
pay_8eac0a33-cdf9-44a7-9882-b5c1f79efd70,ORD00477,True,exception,settlement_delay
pay_6502d6a2-ca6a-4224-971e-16cc5da36f1b,ORD00478,True,matched,none
pay_1fa382e8-895c-4d99-83b3-8eb403902c5d,ORD00479,True,exception,missing_settlement
pay_bfbf397b-ac3e-4b0d-9e5b-a13d746cdb77,ORD00480,True,matched,none
pay_618ae305-95a5-4afa-831d-029fac1e86d8,ORD00481,True,matched,none
pay_5f18e583-f0b6-483f-a377-f6f1d289f0ab,ORD00482,True,matched,none
pay_78b2b549-3bdb-409e-acc2-16a01bbc91f7,ORD00483,True,matched,none
pay_f1738856-e25d-46eb-9e9a-9f83066803ee,ORD00484,True,matched,none
pay_9c2e58de-ea4e-4617-93f8-382b8fb864e4,ORD00485,True,matched,none
pay_a2a9d4d8-102e-4de5-a5cc-8bf738ab854c,ORD00486,True,exception,amount_mismatch
pay_b379cb1e-e8cd-40cc-b6da-3ca0d2e82f38,ORD00487,True,matched,none
pay_1dde7969-6886-43db-a634-8e784d5c55c7,ORD00488,True,matched,none
pay_0986bbeb-f23e-423d-8b9b-d93423c86d30,ORD00489,True,matched,none
pay_1dba1267-7e1c-45a1-bef5-18a64dead645,ORD00490,True,matched,none
pay_899ca782-e323-4d1a-bc1b-dacc18e19331,ORD00491,True,matched,none
pay_5efa9c5b-7421-4f46-a37e-4b0122bae10e,ORD00492,True,matched,none
pay_b24cc64f-be3e-4e57-b30a-9e32aba4fc03,ORD00493,True,matched,none
pay_965befdf-6b4b-4411-8a4a-0e2df22b5b98,ORD00494,True,matched,none
pay_e2aa7a5d-278e-400d-ba02-66efbe055787,ORD00495,True,exception,duplicate_settlement
pay_d56ce8ea-1959-4b5a-a7a8-f6366a35df59,ORD00496,True,matched,none
pay_f065c817-687a-4850-9d9b-62317d45d8ef,ORD00497,True,matched,none
pay_b0b63bcf-0860-4833-879d-0cdaf396ea37,ORD00498,True,matched,none
pay_71d79665-7181-4dcf-b79e-fc6e5edb0d3c,ORD00499,True,matched,none
pay_5cd8fe1a-dafe-48a9-bc71-e0bef3579560,ORD00500,True,matched,none
