order_id,invoice_id,customer_id,order_amount,order_date,currency,order_status
ORD00001,INV00001,CUST0164,5655.42,2026-04-17 19:27:32,INR,paid
ORD00002,INV00002,CUST0063,11238.22,2026-02-09 19:19:27,INR,paid
ORD00003,INV00003,CUST0174,37059.32,2026-07-31 19:11:04,INR,paid
ORD00004,INV00004,CUST0023,29565.58,2026-01-13 08:14:09,INR,paid
ORD00005,INV00005,CUST0008,4775.39,2026-04-01 08:33:24,INR,paid
ORD00006,INV00006,CUST0130,30140.73,2026-08-06 23:10:59,INR,paid
ORD00007,INV00007,CUST0051,35829.38,2026-07-31 15:13:21,INR,paid
ORD00008,INV00008,CUST0108,11099.99,2026-08-17 20:21:15,INR,paid
ORD00009,INV00009,CUST0072,40490.58,2026-01-03 12:34:22,INR,paid
ORD00010,INV00010,CUST0195,40310.38,2026-06-14 03:03:06,INR,paid
ORD00011,INV00011,CUST0088,13965.78,2026-03-25 14:52:10,INR,paid
ORD00012,INV00012,CUST0246,38198.36,2026-02-09 16:40:07,INR,paid
ORD00013,INV00013,CUST0024,19058.37,2026-05-20 09:55:49,INR,paid
ORD00014,INV00014,CUST0217,17263.39,2026-04-13 17:30:47,INR,paid
ORD00015,INV00015,CUST0207,2268.18,2026-06-28 10:09:00,INR,paid
ORD00016,INV00016,CUST0138,6328.83,2026-05-28 00:11:46,INR,paid
ORD00017,INV00017,CUST0021,27646.83,2026-08-29 05:01:18,INR,paid
ORD00018,INV00018,CUST0227,43099.17,2026-08-13 05:18:43,INR,paid
ORD00019,INV00019,CUST0050,35258.13,2026-01-18 19:06:51,INR,paid
ORD00020,INV00020,CUST0170,11472.12,2026-04-23 09:17:28,INR,paid
ORD00021,INV00021,CUST0021,42780.35,2026-02-09 05:24:05,INR,paid
ORD00022,INV00022,CUST0098,13970.88,2026-05-22 16:28:56,INR,paid
ORD00023,INV00023,CUST0042,18572.03,2026-03-23 08:44:49,INR,paid
ORD00024,INV00024,CUST0172,13422.19,2026-01-28 17:31:10,INR,paid
ORD00025,INV00025,CUST0156,31785.42,2026-07-27 10:32:40,INR,paid
ORD00026,INV00026,CUST0187,12316.07,2026-06-29 12:34:38,INR,paid
ORD00027,INV00027,CUST0098,13570.4,2026-08-05 07:08:52,INR,paid
ORD00028,INV00028,CUST0057,34262.25,2026-01-22 17:22:46,INR,paid
ORD00029,INV00029,CUST0059,41107.95,2026-05-03 12:14:07,INR,paid
ORD00030,INV00030,CUST0103,13460.27,2026-03-23 22:30:09,INR,paid
ORD00031,INV00031,CUST0234,47151.19,2026-05-03 05:00:37,INR,paid
ORD00032,INV00032,CUST0055,32806.39,2026-06-03 15:33:23,INR,paid
ORD00033,INV00033,CUST0227,45735.92,2026-06-28 04:48:33,INR,paid
ORD00034,INV00034,CUST0037,13317.52,2026-04-06 18:44:05,INR,paid
ORD00035,INV00035,CUST0191,28112.27,2026-04-13 00:55:45,INR,paid
ORD00036,INV00036,CUST0192,29270.84,2026-08-15 14:55:15,INR,paid
ORD00037,INV00037,CUST0103,18163.62,2026-02-23 17:20:43,INR,paid
ORD00038,INV00038,CUST0131,24726.44,2026-01-19 07:09:23,INR,paid
ORD00039,INV00039,CUST0221,5571.49,2026-03-04 03:08:25,INR,paid
ORD00040,INV00040,CUST0203,34056.01,2026-08-20 14:56:06,INR,paid
ORD00041,INV00041,CUST0017,19299.89,2026-08-20 10:04:57,INR,paid
ORD00042,INV00042,CUST0120,26502.81,2026-08-03 20:26:20,INR,paid
ORD00043,INV00043,CUST0221,47127.3,2026-02-14 11:41:58,INR,paid
ORD00044,INV00044,CUST0175,44250.94,2026-04-14 14:59:27,INR,paid
ORD00045,INV00045,CUST0197,32083.99,2026-02-13 07:44:29,INR,paid
ORD00046,INV00046,CUST0076,21794.79,2026-06-26 05:00:41,INR,paid
ORD00047,INV00047,CUST0001,47695.41,2026-04-13 06:57:49,INR,paid
ORD00048,INV00048,CUST0249,25079.25,2026-03-11 09:09:22,INR,paid
ORD00049,INV00049,CUST0130,45640.13,2026-04-26 21:42:25,INR,paid
ORD00050,INV00050,CUST0216,31983.58,2026-08-25 12:00:49,INR,paid
ORD00051,INV00051,CUST0051,7726.68,2026-03-04 17:44:46,INR,paid
ORD00052,INV00052,CUST0139,47679.64,2026-07-25 23:15:16,INR,paid
ORD00053,INV00053,CUST0236,128.54,2026-05-06 21:21:12,INR,paid
ORD00054,INV00054,CUST0126,1071.89,2026-05-21 23:13:33,INR,paid
ORD00055,INV00055,CUST0225,49267.54,2026-04-30 10:14:21,INR,paid
ORD00056,INV00056,CUST0062,2990.47,2026-08-09 08:08:59,INR,paid
ORD00057,INV00057,CUST0243,4029.98,2026-07-08 17:45:33,INR,paid
ORD00058,INV00058,CUST0209,3553.7,2026-07-26 21:10:52,INR,paid
ORD00059,INV00059,CUST0197,6375.45,2026-07-04 13:57:10,INR,paid
ORD00060,INV00060,CUST0243,27535.2,2026-04-13 22:30:24,INR,paid
ORD00061,INV00061,CUST0136,43634.41,2026-06-14 07:55:53,INR,paid
ORD00062,INV00062,CUST0247,10668.73,2026-07-29 10:36:13,INR,paid
ORD00063,INV00063,CUST0194,36523.56,2026-03-20 02:51:49,INR,paid
ORD00064,INV00064,CUST0183,15654.64,2026-05-26 00:31:52,INR,paid
ORD00065,INV00065,CUST0113,44990.74,2026-06-25 08:09:21,INR,paid
ORD00066,INV00066,CUST0031,12470.49,2026-01-25 20:45:52,INR,paid
ORD00067,INV00067,CUST0087,1149.61,2026-08-04 02:55:22,INR,paid
ORD00068,INV00068,CUST0059,29463.16,2026-01-03 19:01:24,INR,paid
ORD00069,INV00069,CUST0019,35421.26,2026-01-23 20:44:35,INR,paid
ORD00070,INV00070,CUST0059,3463.28,2026-01-13 04:47:23,INR,paid
ORD00071,INV00071,CUST0221,16588.38,2026-07-19 16:16:56,INR,paid
ORD00072,INV00072,CUST0061,13996.02,2026-07-08 12:23:27,INR,paid
ORD00073,INV00073,CUST0055,27007.77,2026-08-10 18:30:26,INR,paid
ORD00074,INV00074,CUST0148,23686.28,2026-07-03 16:25:38,INR,paid
ORD00075,INV00075,CUST0207,20412.29,2026-02-06 15:10:48,INR,paid
ORD00076,INV00076,CUST0025,32983.24,2026-05-18 14:17:33,INR,paid
ORD00077,INV00077,CUST0109,20614.0,2026-01-22 00:54:43,INR,paid
ORD00078,INV00078,CUST0173,32707.43,2026-02-08 05:19:15,INR,paid
ORD00079,INV00079,CUST0016,20190.8,2026-05-12 18:31:46,INR,paid
ORD00080,INV00080,CUST0205,43097.46,2026-04-07 13:38:42,INR,paid
ORD00081,INV00081,CUST0050,9591.42,2026-06-24 05:22:52,INR,paid
ORD00082,INV00082,CUST0036,21151.89,2026-04-19 04:13:44,INR,paid
ORD00083,INV00083,CUST0119,12565.34,2026-01-30 06:38:17,INR,paid
ORD00084,INV00084,CUST0114,40420.31,2026-08-02 17:24:13,INR,paid
ORD00085,INV00085,CUST0026,2624.36,2026-07-29 22:38:41,INR,paid
ORD00086,INV00086,CUST0215,836.42,2026-02-06 05:16:19,INR,paid
ORD00087,INV00087,CUST0238,37702.92,2026-04-02 19:12:59,INR,paid
ORD00088,INV00088,CUST0043,20380.06,2026-07-06 22:35:08,INR,paid
ORD00089,INV00089,CUST0055,43246.05,2026-01-23 18:31:17,INR,paid
ORD00090,INV00090,CUST0043,19010.76,2026-06-01 14:59:40,INR,paid
ORD00091,INV00091,CUST0068,46333.25,2026-06-26 16:59:07,INR,paid
ORD00092,INV00092,CUST0074,21208.07,2026-08-04 20:08:10,INR,paid
ORD00093,INV00093,CUST0170,35948.57,2026-03-02 02:48:39,INR,paid
ORD00094,INV00094,CUST0049,14905.72,2026-01-23 17:06:13,INR,paid
ORD00095,INV00095,CUST0149,36813.29,2026-01-24 16:09:56,INR,paid
ORD00096,INV00096,CUST0192,15748.88,2026-01-20 11:21:37,INR,paid
ORD00097,INV00097,CUST0150,23891.75,2026-07-26 06:27:15,INR,paid
ORD00098,INV00098,CUST0041,2938.29,2026-07-17 05:18:16,INR,paid
ORD00099,INV00099,CUST0021,42581.99,2026-01-27 14:39:54,INR,paid
ORD00100,INV00100,CUST0153,3491.25,2026-04-02 08:15:33,INR,paid
ORD00101,INV00101,CUST0104,6082.34,2026-08-10 05:45:34,INR,paid
ORD00102,INV00102,CUST0064,28988.06,2026-01-16 10:25:08,INR,paid
ORD00103,INV00103,CUST0159,4190.97,2026-08-15 16:13:12,INR,paid
ORD00104,INV00104,CUST0145,26186.86,2026-04-12 06:30:44,INR,paid
ORD00105,INV00105,CUST0053,33519.33,2026-05-03 00:24:21,INR,paid
ORD00106,INV00106,CUST0062,13354.16,2026-02-20 19:52:26,INR,paid
ORD00107,INV00107,CUST0172,32310.49,2026-06-27 13:38:30,INR,paid
ORD00108,INV00108,CUST0081,46458.01,2026-01-29 04:09:03,INR,paid
ORD00109,INV00109,CUST0003,22968.45,2026-08-07 15:28:51,INR,paid
ORD00110,INV00110,CUST0026,3755.71,2026-03-24 18:44:31,INR,paid
ORD00111,INV00111,CUST0130,13333.5,2026-05-16 12:59:53,INR,paid
ORD00112,INV00112,CUST0226,3532.69,2026-04-05 20:53:44,INR,paid
ORD00113,INV00113,CUST0095,14320.87,2026-06-20 04:10:34,INR,paid
ORD00114,INV00114,CUST0214,27206.58,2026-04-28 11:39:50,INR,paid
ORD00115,INV00115,CUST0157,49194.28,2026-07-25 10:05:04,INR,paid
ORD00116,INV00116,CUST0003,33426.37,2026-08-04 09:16:04,INR,paid
ORD00117,INV00117,CUST0077,46594.63,2026-02-10 05:29:46,INR,paid
ORD00118,INV00118,CUST0241,43918.54,2026-04-13 17:00:03,INR,paid
ORD00119,INV00119,CUST0030,44496.66,2026-08-03 20:25:05,INR,paid
ORD00120,INV00120,CUST0040,13690.18,2026-08-23 21:25:21,INR,paid
ORD00121,INV00121,CUST0054,35908.85,2026-03-21 01:39:52,INR,paid
ORD00122,INV00122,CUST0176,31748.47,2026-04-13 12:30:29,INR,paid
ORD00123,INV00123,CUST0130,24477.74,2026-01-20 17:28:48,INR,paid
ORD00124,INV00124,CUST0024,31750.79,2026-04-18 10:50:47,INR,paid
ORD00125,INV00125,CUST0012,276.93,2026-02-20 19:19:39,INR,paid
ORD00126,INV00126,CUST0164,48991.92,2026-03-04 18:03:11,INR,paid
ORD00127,INV00127,CUST0190,22147.59,2026-06-16 02:19:51,INR,paid
ORD00128,INV00128,CUST0144,582.52,2026-01-30 05:19:24,INR,paid
ORD00129,INV00129,CUST0242,44167.01,2026-02-27 21:17:11,INR,paid
ORD00130,INV00130,CUST0140,1897.8,2026-05-24 09:20:32,INR,paid
ORD00131,INV00131,CUST0150,27671.0,2026-06-16 21:54:09,INR,paid
ORD00132,INV00132,CUST0033,2187.26,2026-05-22 14:47:54,INR,paid
ORD00133,INV00133,CUST0231,46661.09,2026-01-16 11:50:49,INR,paid
ORD00134,INV00134,CUST0231,17954.68,2026-04-07 21:47:08,INR,paid
ORD00135,INV00135,CUST0171,5229.4,2026-08-06 10:29:33,INR,paid
ORD00136,INV00136,CUST0227,43748.16,2026-08-30 00:59:04,INR,paid
ORD00137,INV00137,CUST0192,7812.21,2026-04-02 22:33:06,INR,paid
ORD00138,INV00138,CUST0222,8208.84,2026-03-10 18:14:51,INR,paid
ORD00139,INV00139,CUST0226,20673.49,2026-03-11 15:45:45,INR,paid
ORD00140,INV00140,CUST0189,46231.92,2026-06-09 21:26:41,INR,paid
ORD00141,INV00141,CUST0206,33528.37,2026-04-07 09:05:10,INR,paid
ORD00142,INV00142,CUST0069,8043.97,2026-02-11 23:31:27,INR,paid
ORD00143,INV00143,CUST0098,43621.12,2026-07-02 19:08:56,INR,paid
ORD00144,INV00144,CUST0057,10058.68,2026-06-28 18:20:13,INR,paid
ORD00145,INV00145,CUST0090,15329.02,2026-03-30 09:20:37,INR,paid
ORD00146,INV00146,CUST0058,1280.86,2026-03-17 00:06:00,INR,paid
ORD00147,INV00147,CUST0103,16480.27,2026-01-27 23:02:53,INR,paid
ORD00148,INV00148,CUST0248,38689.0,2026-05-17 08:55:08,INR,paid
ORD00149,INV00149,CUST0165,25519.34,2026-07-28 05:53:34,INR,paid
ORD00150,INV00150,CUST0085,46967.93,2026-02-14 19:03:46,INR,paid
ORD00151,INV00151,CUST0225,48522.99,2026-03-11 08:22:21,INR,paid
ORD00152,INV00152,CUST0149,48130.46,2026-04-14 02:19:33,INR,paid
ORD00153,INV00153,CUST0010,5509.29,2026-06-18 18:25:40,INR,paid
ORD00154,INV00154,CUST0089,36454.4,2026-05-02 19:41:04,INR,paid
ORD00155,INV00155,CUST0112,30349.82,2026-07-18 14:48:30,INR,paid
ORD00156,INV00156,CUST0030,19321.25,2026-08-12 22:11:24,INR,paid
ORD00157,INV00157,CUST0049,12810.65,2026-06-19 08:21:02,INR,paid
ORD00158,INV00158,CUST0001,26044.03,2026-07-29 02:44:10,INR,paid
ORD00159,INV00159,CUST0176,35999.56,2026-03-18 12:30:01,INR,paid
ORD00160,INV00160,CUST0094,21621.74,2026-05-09 05:41:14,INR,paid
ORD00161,INV00161,CUST0160,15764.39,2026-02-18 09:35:31,INR,paid
ORD00162,INV00162,CUST0185,45012.34,2026-07-16 22:43:27,INR,paid
ORD00163,INV00163,CUST0080,33377.96,2026-05-07 16:14:42,INR,paid
ORD00164,INV00164,CUST0104,34890.7,2026-08-04 07:29:55,INR,paid
ORD00165,INV00165,CUST0033,9672.82,2026-05-28 05:53:24,INR,paid
ORD00166,INV00166,CUST0174,37431.91,2026-03-09 14:03:08,INR,paid
ORD00167,INV00167,CUST0158,28498.35,2026-06-07 16:53:41,INR,paid
ORD00168,INV00168,CUST0141,41702.89,2026-04-29 00:19:11,INR,paid
ORD00169,INV00169,CUST0074,10588.12,2026-08-14 05:50:59,INR,paid
ORD00170,INV00170,CUST0156,32769.81,2026-06-30 14:00:14,INR,paid
ORD00171,INV00171,CUST0114,22163.77,2026-03-24 23:50:29,INR,paid
ORD00172,INV00172,CUST0131,23711.99,2026-03-07 21:38:18,INR,paid
ORD00173,INV00173,CUST0169,4331.3,2026-07-20 04:21:39,INR,paid
ORD00174,INV00174,CUST0170,31683.75,2026-05-11 04:10:51,INR,paid
ORD00175,INV00175,CUST0024,40939.33,2026-04-02 05:08:02,INR,paid
ORD00176,INV00176,CUST0173,15589.93,2026-03-19 08:01:31,INR,paid
ORD00177,INV00177,CUST0038,1318.83,2026-04-06 02:05:52,INR,paid
ORD00178,INV00178,CUST0122,30602.57,2026-01-29 06:48:29,INR,paid
ORD00179,INV00179,CUST0117,20780.61,2026-08-12 13:38:30,INR,paid
ORD00180,INV00180,CUST0050,35945.46,2026-05-30 02:56:19,INR,paid
ORD00181,INV00181,CUST0127,20042.68,2026-02-27 07:27:52,INR,paid
ORD00182,INV00182,CUST0168,34412.36,2026-02-11 09:27:56,INR,paid
ORD00183,INV00183,CUST0200,21314.8,2026-03-10 07:22:57,INR,paid
ORD00184,INV00184,CUST0206,47902.51,2026-07-21 03:42:58,INR,paid
ORD00185,INV00185,CUST0119,2605.9,2026-04-07 18:41:46,INR,paid
ORD00186,INV00186,CUST0235,42431.98,2026-06-27 06:31:57,INR,paid
ORD00187,INV00187,CUST0035,40090.69,2026-07-26 06:30:28,INR,paid
ORD00188,INV00188,CUST0144,29813.07,2026-06-21 21:04:59,INR,paid
ORD00189,INV00189,CUST0157,40768.82,2026-07-16 00:52:24,INR,paid
ORD00190,INV00190,CUST0110,41545.4,2026-08-01 18:32:12,INR,paid
ORD00191,INV00191,CUST0115,44870.68,2026-07-04 08:17:11,INR,paid
ORD00192,INV00192,CUST0116,13033.66,2026-04-07 00:26:28,INR,paid
ORD00193,INV00193,CUST0216,31919.31,2026-07-22 10:51:59,INR,paid
ORD00194,INV00194,CUST0125,31374.75,2026-04-17 15:26:01,INR,paid
ORD00195,INV00195,CUST0113,3966.42,2026-04-21 23:10:45,INR,paid
ORD00196,INV00196,CUST0061,13658.58,2026-05-05 03:54:32,INR,paid
ORD00197,INV00197,CUST0229,27053.6,2026-02-23 17:44:23,INR,paid
ORD00198,INV00198,CUST0039,11639.95,2026-03-01 08:14:53,INR,paid
ORD00199,INV00199,CUST0181,10776.25,2026-06-11 02:50:56,INR,paid
ORD00200,INV00200,CUST0105,16610.98,2026-06-30 22:43:45,INR,paid
ORD00201,INV00201,CUST0107,3207.06,2026-06-13 04:01:17,INR,paid
ORD00202,INV00202,CUST0100,45251.44,2026-08-15 20:00:52,INR,paid
ORD00203,INV00203,CUST0243,34806.6,2026-08-12 13:49:22,INR,paid
ORD00204,INV00204,CUST0098,23901.29,2026-05-17 14:37:46,INR,paid
ORD00205,INV00205,CUST0077,37698.41,2026-06-12 17:33:41,INR,paid
ORD00206,INV00206,CUST0138,37401.03,2026-08-01 02:19:19,INR,paid
ORD00207,INV00207,CUST0205,30202.3,2026-03-27 15:34:10,INR,paid
ORD00208,INV00208,CUST0125,11049.14,2026-06-19 06:17:08,INR,paid
ORD00209,INV00209,CUST0125,1548.34,2026-05-11 12:57:15,INR,paid
ORD00210,INV00210,CUST0172,33989.18,2026-06-07 00:30:16,INR,paid
ORD00211,INV00211,CUST0186,8335.73,2026-07-01 12:23:30,INR,paid
ORD00212,INV00212,CUST0236,6468.63,2026-08-30 15:51:18,INR,paid
ORD00213,INV00213,CUST0137,1445.63,2026-06-03 00:32:05,INR,paid
ORD00214,INV00214,CUST0152,28263.16,2026-01-11 12:36:33,INR,paid
ORD00215,INV00215,CUST0022,32173.21,2026-02-22 16:48:39,INR,paid
ORD00216,INV00216,CUST0222,23138.75,2026-01-20 12:41:12,INR,paid
ORD00217,INV00217,CUST0067,19017.28,2026-03-24 04:49:00,INR,paid
ORD00218,INV00218,CUST0117,16409.61,2026-05-28 05:42:44,INR,paid
ORD00219,INV00219,CUST0072,37625.29,2026-06-13 17:16:08,INR,paid
ORD00220,INV00220,CUST0065,41762.05,2026-07-02 15:34:38,INR,paid
ORD00221,INV00221,CUST0005,37476.31,2026-01-21 05:28:22,INR,paid
ORD00222,INV00222,CUST0244,17563.02,2026-01-27 15:34:10,INR,paid
ORD00223,INV00223,CUST0200,47868.55,2026-01-16 15:13:58,INR,paid
ORD00224,INV00224,CUST0194,1648.4,2026-04-07 00:50:50,INR,paid
ORD00225,INV00225,CUST0052,41977.52,2026-08-30 07:16:05,INR,paid
ORD00226,INV00226,CUST0040,12003.39,2026-07-03 21:54:32,INR,paid
ORD00227,INV00227,CUST0172,5808.03,2026-03-26 15:34:36,INR,paid
ORD00228,INV00228,CUST0120,35003.3,2026-05-24 06:21:08,INR,paid
ORD00229,INV00229,CUST0043,30334.05,2026-02-14 11:31:25,INR,paid
ORD00230,INV00230,CUST0200,40983.13,2026-05-01 19:05:34,INR,paid
ORD00231,INV00231,CUST0028,28976.37,2026-05-02 03:39:08,INR,paid
ORD00232,INV00232,CUST0148,33899.63,2026-05-26 18:06:51,INR,paid
ORD00233,INV00233,CUST0102,47079.38,2026-03-19 00:34:03,INR,paid
ORD00234,INV00234,CUST0020,29645.68,2026-04-05 07:31:13,INR,paid
ORD00235,INV00235,CUST0027,34889.93,2026-04-28 02:57:15,INR,paid
ORD00236,INV00236,CUST0218,34244.53,2026-02-17 00:18:53,INR,paid
ORD00237,INV00237,CUST0204,49193.83,2026-01-16 22:47:31,INR,paid
ORD00238,INV00238,CUST0089,26683.99,2026-05-24 21:58:15,INR,paid
ORD00239,INV00239,CUST0018,25347.44,2026-05-13 12:30:18,INR,paid
ORD00240,INV00240,CUST0004,42493.82,2026-07-10 09:00:39,INR,paid
ORD00241,INV00241,CUST0028,21732.82,2026-05-21 15:50:13,INR,paid
ORD00242,INV00242,CUST0163,44589.59,2026-06-28 13:04:52,INR,paid
ORD00243,INV00243,CUST0182,7734.26,2026-03-10 09:42:55,INR,paid
ORD00244,INV00244,CUST0188,26135.16,2026-04-15 21:21:01,INR,paid
ORD00245,INV00245,CUST0158,40429.14,2026-07-29 00:08:06,INR,paid
ORD00246,INV00246,CUST0199,24226.53,2026-06-19 03:50:54,INR,paid
ORD00247,INV00247,CUST0212,36578.21,2026-04-15 05:37:39,INR,paid
ORD00248,INV00248,CUST0083,42600.49,2026-02-03 15:45:24,INR,paid
ORD00249,INV00249,CUST0072,44093.4,2026-04-05 16:58:19,INR,paid
ORD00250,INV00250,CUST0193,23288.95,2026-08-26 00:42:13,INR,paid
ORD00251,INV00251,CUST0172,19011.57,2026-01-12 03:30:12,INR,paid
ORD00252,INV00252,CUST0127,42562.55,2026-03-12 14:52:13,INR,paid
ORD00253,INV00253,CUST0125,10684.78,2026-04-11 08:01:08,INR,paid
ORD00254,INV00254,CUST0088,14054.96,2026-08-20 12:34:02,INR,paid
ORD00255,INV00255,CUST0180,44017.36,2026-08-04 20:20:52,INR,paid
ORD00256,INV00256,CUST0003,25879.7,2026-03-16 04:46:29,INR,paid
ORD00257,INV00257,CUST0022,12143.67,2026-06-07 20:11:04,INR,paid
ORD00258,INV00258,CUST0126,27803.29,2026-04-04 07:58:53,INR,paid
ORD00259,INV00259,CUST0177,23857.05,2026-07-10 14:47:11,INR,paid
ORD00260,INV00260,CUST0115,39667.35,2026-02-06 03:19:12,INR,paid
ORD00261,INV00261,CUST0076,11157.66,2026-04-05 11:46:06,INR,paid
ORD00262,INV00262,CUST0079,33231.61,2026-05-24 07:31:11,INR,paid
ORD00263,INV00263,CUST0122,27718.3,2026-05-14 12:03:04,INR,paid
ORD00264,INV00264,CUST0109,49831.91,2026-08-02 17:59:32,INR,paid
ORD00265,INV00265,CUST0085,17655.35,2026-06-26 05:12:44,INR,paid
ORD00266,INV00266,CUST0070,15400.49,2026-03-31 12:46:13,INR,paid
ORD00267,INV00267,CUST0031,36092.09,2026-05-03 13:07:12,INR,paid
ORD00268,INV00268,CUST0031,37169.77,2026-03-13 21:43:17,INR,paid
ORD00269,INV00269,CUST0050,10897.59,2026-07-08 01:03:28,INR,paid
ORD00270,INV00270,CUST0071,36256.79,2026-07-23 17:58:12,INR,paid
ORD00271,INV00271,CUST0153,14221.64,2026-02-09 00:58:16,INR,paid
ORD00272,INV00272,CUST0214,9786.47,2026-03-30 08:17:48,INR,paid
ORD00273,INV00273,CUST0093,9054.13,2026-01-06 11:52:20,INR,paid
ORD00274,INV00274,CUST0182,26753.34,2026-04-17 12:46:00,INR,paid
ORD00275,INV00275,CUST0012,48717.32,2026-08-03 21:40:45,INR,paid
ORD00276,INV00276,CUST0075,34901.13,2026-02-19 01:00:36,INR,paid
ORD00277,INV00277,CUST0164,43436.21,2026-07-10 15:19:15,INR,paid
ORD00278,INV00278,CUST0027,43648.71,2026-08-11 22:39:58,INR,paid
ORD00279,INV00279,CUST0073,23522.91,2026-06-21 01:28:00,INR,paid
ORD00280,INV00280,CUST0088,9299.75,2026-01-20 22:51:56,INR,paid
ORD00281,INV00281,CUST0065,47059.07,2026-07-05 12:45:31,INR,paid
ORD00282,INV00282,CUST0030,41123.57,2026-06-05 14:51:50,INR,paid
ORD00283,INV00283,CUST0126,3796.7,2026-01-21 19:40:22,INR,paid
ORD00284,INV00284,CUST0039,7544.96,2026-08-07 14:02:42,INR,paid
ORD00285,INV00285,CUST0243,15261.39,2026-04-07 09:18:26,INR,paid
ORD00286,INV00286,CUST0031,27947.84,2026-06-11 15:01:22,INR,paid
ORD00287,INV00287,CUST0156,29846.73,2026-08-29 04:04:36,INR,paid
ORD00288,INV00288,CUST0058,38807.11,2026-05-28 17:22:48,INR,paid
ORD00289,INV00289,CUST0116,45434.37,2026-04-26 11:31:55,INR,paid
ORD00290,INV00290,CUST0221,29467.4,2026-06-16 12:59:01,INR,paid
ORD00291,INV00291,CUST0079,28474.61,2026-01-24 09:23:13,INR,paid
ORD00292,INV00292,CUST0157,48009.43,2026-02-08 12:55:26,INR,paid
ORD00293,INV00293,CUST0243,38160.58,2026-03-23 22:53:50,INR,paid
ORD00294,INV00294,CUST0068,33055.36,2026-03-02 23:52:41,INR,paid
ORD00295,INV00295,CUST0062,8773.3,2026-01-30 03:39:19,INR,paid
ORD00296,INV00296,CUST0041,233.52,2026-06-24 22:59:55,INR,paid
ORD00297,INV00297,CUST0177,29731.18,2026-04-24 02:44:00,INR,paid
ORD00298,INV00298,CUST0009,11650.66,2026-04-20 19:07:34,INR,paid
ORD00299,INV00299,CUST0180,42994.38,2026-01-28 15:26:36,INR,paid
ORD00300,INV00300,CUST0176,11747.85,2026-04-13 17:49:40,INR,paid
ORD00301,INV00301,CUST0202,39583.26,2026-08-18 01:14:14,INR,paid
ORD00302,INV00302,CUST0170,40214.89,2026-03-18 19:48:31,INR,paid
ORD00303,INV00303,CUST0109,5827.34,2026-03-29 07:22:33,INR,paid
ORD00304,INV00304,CUST0166,7534.57,2026-04-14 03:52:26,INR,paid
ORD00305,INV00305,CUST0212,7197.59,2026-01-24 03:52:00,INR,paid
ORD00306,INV00306,CUST0043,39652.17,2026-08-20 02:12:44,INR,paid
ORD00307,INV00307,CUST0192,41229.59,2026-04-23 02:02:44,INR,paid
ORD00308,INV00308,CUST0113,6305.25,2026-04-29 02:20:07,INR,paid
ORD00309,INV00309,CUST0180,20185.18,2026-04-16 17:31:06,INR,paid
ORD00310,INV00310,CUST0129,27045.08,2026-06-20 00:12:30,INR,paid
ORD00311,INV00311,CUST0021,29942.03,2026-06-17 18:47:56,INR,paid
ORD00312,INV00312,CUST0189,16183.85,2026-04-08 05:35:52,INR,paid
ORD00313,INV00313,CUST0007,4657.21,2026-08-12 09:14:39,INR,paid
ORD00314,INV00314,CUST0151,47544.24,2026-04-15 16:01:29,INR,paid
ORD00315,INV00315,CUST0148,2107.56,2026-03-10 00:53:45,INR,paid
ORD00316,INV00316,CUST0121,25996.3,2026-06-21 17:52:36,INR,paid
ORD00317,INV00317,CUST0235,13980.01,2026-08-16 07:40:03,INR,paid
ORD00318,INV00318,CUST0112,31775.76,2026-07-10 23:12:59,INR,paid
ORD00319,INV00319,CUST0249,4653.0,2026-05-16 03:13:55,INR,paid
ORD00320,INV00320,CUST0105,16732.09,2026-02-10 14:56:29,INR,paid
ORD00321,INV00321,CUST0220,8125.16,2026-06-09 20:48:37,INR,paid
ORD00322,INV00322,CUST0178,24823.9,2026-06-05 12:29:07,INR,paid
ORD00323,INV00323,CUST0209,38048.94,2026-01-15 06:02:31,INR,paid
ORD00324,INV00324,CUST0117,4494.18,2026-04-09 00:31:40,INR,paid
ORD00325,INV00325,CUST0083,5884.49,2026-06-06 23:11:04,INR,paid
ORD00326,INV00326,CUST0222,25778.35,2026-01-01 10:43:43,INR,paid
ORD00327,INV00327,CUST0169,43481.44,2026-06-29 09:55:53,INR,paid
ORD00328,INV00328,CUST0106,2804.78,2026-07-21 08:12:19,INR,paid
ORD00329,INV00329,CUST0093,31169.43,2026-07-13 14:17:32,INR,paid
ORD00330,INV00330,CUST0161,22157.84,2026-01-21 01:03:23,INR,paid
ORD00331,INV00331,CUST0053,13426.11,2026-02-20 21:07:54,INR,paid
ORD00332,INV00332,CUST0238,14472.65,2026-07-08 05:50:29,INR,paid
ORD00333,INV00333,CUST0032,1540.59,2026-08-25 11:05:42,INR,paid
ORD00334,INV00334,CUST0205,12040.94,2026-03-03 12:11:29,INR,paid
ORD00335,INV00335,CUST0080,27586.87,2026-08-03 11:21:22,INR,paid
ORD00336,INV00336,CUST0105,4751.14,2026-02-14 01:32:03,INR,paid
ORD00337,INV00337,CUST0119,47358.33,2026-03-01 19:06:53,INR,paid
ORD00338,INV00338,CUST0128,46639.39,2026-04-24 08:20:48,INR,paid
ORD00339,INV00339,CUST0131,35300.04,2026-06-11 08:39:02,INR,paid
ORD00340,INV00340,CUST0214,24176.73,2026-07-03 09:24:26,INR,paid
ORD00341,INV00341,CUST0063,22893.64,2026-02-26 04:09:39,INR,paid
ORD00342,INV00342,CUST0099,9611.46,2026-08-21 18:36:14,INR,paid
ORD00343,INV00343,CUST0131,37340.0,2026-02-23 00:20:59,INR,paid
ORD00344,INV00344,CUST0222,3583.52,2026-06-11 03:32:37,INR,paid
ORD00345,INV00345,CUST0088,46718.99,2026-07-17 04:27:29,INR,paid
ORD00346,INV00346,CUST0069,41045.42,2026-04-20 20:15:01,INR,paid
ORD00347,INV00347,CUST0186,14997.94,2026-08-16 22:39:21,INR,paid
ORD00348,INV00348,CUST0149,49945.23,2026-07-10 03:46:43,INR,paid
ORD00349,INV00349,CUST0222,7514.91,2026-07-29 03:56:05,INR,paid
ORD00350,INV00350,CUST0124,17321.68,2026-08-03 08:14:35,INR,paid
ORD00351,INV00351,CUST0196,27217.16,2026-06-26 20:07:09,INR,paid
ORD00352,INV00352,CUST0239,16156.69,2026-03-15 06:22:03,INR,paid
ORD00353,INV00353,CUST0179,12016.4,2026-05-29 17:32:49,INR,paid
ORD00354,INV00354,CUST0060,42815.05,2026-06-09 12:42:05,INR,paid
ORD00355,INV00355,CUST0012,15977.0,2026-07-03 16:27:29,INR,paid
ORD00356,INV00356,CUST0181,45680.17,2026-05-29 01:19:54,INR,paid
ORD00357,INV00357,CUST0099,49421.86,2026-03-01 01:43:27,INR,paid
ORD00358,INV00358,CUST0127,48244.74,2026-02-19 00:42:01,INR,paid
ORD00359,INV00359,CUST0129,48271.14,2026-05-09 22:24:53,INR,paid
ORD00360,INV00360,CUST0223,5108.19,2026-06-20 23:57:04,INR,paid
ORD00361,INV00361,CUST0026,26344.96,2026-06-27 10:52:42,INR,paid
ORD00362,INV00362,CUST0004,36149.95,2026-06-09 05:16:39,INR,paid
ORD00363,INV00363,CUST0223,32773.59,2026-03-01 22:45:03,INR,paid
ORD00364,INV00364,CUST0020,23527.58,2026-04-13 22:11:28,INR,paid
ORD00365,INV00365,CUST0087,31200.64,2026-06-04 08:48:47,INR,paid
ORD00366,INV00366,CUST0167,4107.73,2026-05-08 14:27:11,INR,paid
ORD00367,INV00367,CUST0219,33750.44,2026-07-27 05:43:13,INR,paid
ORD00368,INV00368,CUST0098,47711.57,2026-07-09 12:00:00,INR,paid
ORD00369,INV00369,CUST0224,27096.7,2026-08-28 19:08:21,INR,paid
ORD00370,INV00370,CUST0018,11815.04,2026-04-22 14:33:59,INR,paid
ORD00371,INV00371,CUST0059,37363.64,2026-06-18 12:54:26,INR,paid
ORD00372,INV00372,CUST0026,38042.45,2026-02-09 00:47:43,INR,paid
ORD00373,INV00373,CUST0114,8401.6,2026-04-27 07:13:34,INR,paid
ORD00374,INV00374,CUST0232,1544.47,2026-05-06 23:23:27,INR,paid
ORD00375,INV00375,CUST0204,2900.35,2026-05-20 05:07:13,INR,paid
ORD00376,INV00376,CUST0096,21591.27,2026-04-05 20:05:06,INR,paid
ORD00377,INV00377,CUST0136,20661.38,2026-03-11 22:15:06,INR,paid
ORD00378,INV00378,CUST0044,8835.96,2026-08-25 16:52:30,INR,paid
ORD00379,INV00379,CUST0223,19188.96,2026-04-04 12:41:46,INR,paid
ORD00380,INV00380,CUST0128,45650.17,2026-02-25 13:57:13,INR,paid
ORD00381,INV00381,CUST0060,23111.38,2026-04-09 15:14:25,INR,paid
ORD00382,INV00382,CUST0118,12840.8,2026-01-04 15:35:25,INR,paid
ORD00383,INV00383,CUST0231,40251.19,2026-04-22 16:55:17,INR,paid
ORD00384,INV00384,CUST0174,27375.25,2026-01-29 16:26:34,INR,paid
ORD00385,INV00385,CUST0114,47267.26,2026-08-17 04:33:54,INR,paid
ORD00386,INV00386,CUST0077,31983.04,2026-06-14 18:50:45,INR,paid
ORD00387,INV00387,CUST0177,12579.9,2026-04-28 07:58:41,INR,paid
ORD00388,INV00388,CUST0051,49968.74,2026-07-07 15:49:32,INR,paid
ORD00389,INV00389,CUST0028,11936.56,2026-08-11 02:42:21,INR,paid
ORD00390,INV00390,CUST0092,28783.12,2026-04-25 15:45:00,INR,paid
ORD00391,INV00391,CUST0006,48899.43,2026-06-03 17:10:36,INR,paid
ORD00392,INV00392,CUST0071,504.09,2026-01-20 01:07:31,INR,paid
ORD00393,INV00393,CUST0234,30359.68,2026-07-12 21:50:01,INR,paid
ORD00394,INV00394,CUST0214,45217.35,2026-04-22 03:31:22,INR,paid
ORD00395,INV00395,CUST0199,39963.12,2026-08-24 18:15:21,INR,paid
ORD00396,INV00396,CUST0206,17680.82,2026-03-15 20:09:30,INR,paid
ORD00397,INV00397,CUST0159,12606.28,2026-02-23 02:52:29,INR,paid
ORD00398,INV00398,CUST0161,4948.48,2026-01-16 07:26:42,INR,paid
ORD00399,INV00399,CUST0080,39451.66,2026-01-13 22:58:47,INR,paid
ORD00400,INV00400,CUST0149,18306.58,2026-02-21 00:50:48,INR,paid
ORD00401,INV00401,CUST0024,45490.43,2026-05-07 21:14:34,INR,paid
ORD00402,INV00402,CUST0192,20833.6,2026-03-19 23:32:35,INR,paid
ORD00403,INV00403,CUST0034,39346.99,2026-05-23 02:02:21,INR,paid
ORD00404,INV00404,CUST0136,25139.56,2026-04-16 20:08:20,INR,paid
ORD00405,INV00405,CUST0213,8310.77,2026-07-07 03:08:50,INR,paid
ORD00406,INV00406,CUST0248,40343.78,2026-05-12 13:03:17,INR,paid
ORD00407,INV00407,CUST0206,5846.97,2026-01-30 05:50:27,INR,paid
ORD00408,INV00408,CUST0037,37732.16,2026-03-29 14:52:52,INR,paid
ORD00409,INV00409,CUST0221,33848.55,2026-06-04 08:08:36,INR,paid
ORD00410,INV00410,CUST0248,42302.65,2026-08-05 10:31:48,INR,paid
ORD00411,INV00411,CUST0094,4606.11,2026-06-03 05:42:05,INR,paid
ORD00412,INV00412,CUST0004,13296.48,2026-02-17 23:55:49,INR,paid
ORD00413,INV00413,CUST0117,18492.42,2026-04-12 19:31:17,INR,paid
ORD00414,INV00414,CUST0150,19113.17,2026-05-25 06:23:07,INR,paid
ORD00415,INV00415,CUST0028,33774.34,2026-07-03 02:28:58,INR,paid
ORD00416,INV00416,CUST0007,31015.39,2026-08-07 00:41:45,INR,paid
ORD00417,INV00417,CUST0084,45771.27,2026-03-27 23:17:30,INR,paid
ORD00418,INV00418,CUST0166,3254.53,2026-06-30 07:17:13,INR,paid
ORD00419,INV00419,CUST0233,35083.75,2026-06-08 13:35:35,INR,paid
ORD00420,INV00420,CUST0030,7074.87,2026-01-15 10:50:31,INR,paid
ORD00421,INV00421,CUST0078,49796.78,2026-02-15 02:19:16,INR,paid
ORD00422,INV00422,CUST0025,11816.52,2026-07-28 18:17:51,INR,paid
ORD00423,INV00423,CUST0035,19493.43,2026-05-25 02:04:40,INR,paid
ORD00424,INV00424,CUST0172,47474.1,2026-07-29 18:57:32,INR,paid
ORD00425,INV00425,CUST0108,29408.28,2026-03-02 00:15:28,INR,paid
ORD00426,INV00426,CUST0227,20802.74,2026-02-08 10:56:54,INR,paid
ORD00427,INV00427,CUST0214,24518.42,2026-06-08 11:54:56,INR,paid
ORD00428,INV00428,CUST0241,47580.92,2026-01-13 16:56:16,INR,paid
ORD00429,INV00429,CUST0177,18589.44,2026-06-22 04:37:47,INR,paid
ORD00430,INV00430,CUST0114,47532.7,2026-05-21 20:28:44,INR,paid
ORD00431,INV00431,CUST0026,49048.29,2026-05-23 15:48:35,INR,paid
ORD00432,INV00432,CUST0140,45094.64,2026-05-20 07:04:57,INR,paid
ORD00433,INV00433,CUST0016,19967.17,2026-03-15 17:08:38,INR,paid
ORD00434,INV00434,CUST0248,6195.77,2026-06-26 14:16:23,INR,paid
ORD00435,INV00435,CUST0024,33172.16,2026-08-20 21:48:13,INR,paid
ORD00436,INV00436,CUST0249,1165.74,2026-05-10 12:31:50,INR,paid
ORD00437,INV00437,CUST0063,49442.16,2026-08-08 06:14:53,INR,paid
ORD00438,INV00438,CUST0053,3523.65,2026-08-04 05:35:27,INR,paid
ORD00439,INV00439,CUST0054,29360.52,2026-04-01 11:42:18,INR,paid
ORD00440,INV00440,CUST0085,38740.99,2026-08-20 10:57:05,INR,paid
ORD00441,INV00441,CUST0001,13936.01,2026-02-26 04:35:22,INR,paid
ORD00442,INV00442,CUST0034,27056.75,2026-03-09 18:25:51,INR,paid
ORD00443,INV00443,CUST0029,33086.78,2026-01-11 00:17:18,INR,paid
ORD00444,INV00444,CUST0034,841.53,2026-04-03 09:40:59,INR,paid
ORD00445,INV00445,CUST0151,16256.2,2026-03-09 16:05:32,INR,paid
ORD00446,INV00446,CUST0068,2714.71,2026-06-13 11:38:12,INR,paid
ORD00447,INV00447,CUST0135,5771.1,2026-01-25 16:24:13,INR,paid
ORD00448,INV00448,CUST0122,22468.93,2026-05-21 14:26:52,INR,paid
ORD00449,INV00449,CUST0132,29723.93,2026-06-25 12:59:45,INR,paid
ORD00450,INV00450,CUST0129,11155.33,2026-08-27 21:12:40,INR,paid
ORD00451,INV00451,CUST0012,36389.43,2026-07-22 12:16:39,INR,paid
ORD00452,INV00452,CUST0078,22956.32,2026-01-13 02:20:42,INR,paid
ORD00453,INV00453,CUST0016,49929.48,2026-06-05 23:20:38,INR,paid
ORD00454,INV00454,CUST0110,34336.27,2026-07-10 09:38:12,INR,paid
ORD00455,INV00455,CUST0183,45494.07,2026-01-29 12:58:59,INR,paid
ORD00456,INV00456,CUST0231,4131.44,2026-08-25 05:44:34,INR,paid
ORD00457,INV00457,CUST0038,3377.54,2026-04-17 19:20:05,INR,paid
ORD00458,INV00458,CUST0160,31690.53,2026-08-01 23:03:08,INR,paid
ORD00459,INV00459,CUST0183,16326.75,2026-08-21 00:05:44,INR,paid
ORD00460,INV00460,CUST0136,14815.4,2026-07-16 08:04:39,INR,paid
ORD00461,INV00461,CUST0155,21566.95,2026-02-14 10:24:59,INR,paid
ORD00462,INV00462,CUST0219,32770.18,2026-08-03 02:49:00,INR,paid
ORD00463,INV00463,CUST0185,43288.07,2026-06-17 00:32:32,INR,paid
ORD00464,INV00464,CUST0116,44415.74,2026-06-10 17:01:19,INR,paid
ORD00465,INV00465,CUST0087,41388.22,2026-06-04 20:26:04,INR,paid
ORD00466,INV00466,CUST0107,36507.66,2026-05-02 09:09:42,INR,paid
ORD00467,INV00467,CUST0110,15694.93,2026-04-09 23:44:42,INR,paid
ORD00468,INV00468,CUST0096,47684.27,2026-07-04 04:29:49,INR,paid
ORD00469,INV00469,CUST0018,4652.12,2026-02-03 03:39:12,INR,paid
ORD00470,INV00470,CUST0024,21650.64,2026-05-25 17:19:13,INR,paid
ORD00471,INV00471,CUST0208,6592.76,2026-01-24 07:03:47,INR,paid
ORD00472,INV00472,CUST0151,47835.57,2026-08-07 03:16:06,INR,paid
ORD00473,INV00473,CUST0085,33533.66,2026-06-09 13:00:50,INR,paid
ORD00474,INV00474,CUST0091,43693.01,2026-06-14 06:03:25,INR,paid
ORD00475,INV00475,CUST0223,45800.6,2026-01-20 23:30:43,INR,paid
ORD00476,INV00476,CUST0248,14452.71,2026-05-02 08:14:05,INR,paid
ORD00477,INV00477,CUST0091,5269.67,2026-07-17 01:25:39,INR,paid
ORD00478,INV00478,CUST0055,7821.04,2026-07-07 06:19:51,INR,paid
ORD00479,INV00479,CUST0058,42379.01,2026-05-16 23:17:56,INR,paid
ORD00480,INV00480,CUST0217,27857.65,2026-02-14 14:48:31,INR,paid
ORD00481,INV00481,CUST0196,14000.55,2026-03-29 19:57:19,INR,paid
ORD00482,INV00482,CUST0207,21512.71,2026-08-06 20:34:45,INR,paid
ORD00483,INV00483,CUST0250,38394.88,2026-08-30 10:53:09,INR,paid
ORD00484,INV00484,CUST0158,33781.34,2026-08-05 05:11:26,INR,paid
ORD00485,INV00485,CUST0007,30488.85,2026-04-14 20:47:36,INR,paid
ORD00486,INV00486,CUST0008,9102.76,2026-04-30 23:56:45,INR,paid
ORD00487,INV00487,CUST0236,17057.25,2026-01-03 08:54:36,INR,paid
ORD00488,INV00488,CUST0047,43506.15,2026-08-08 22:29:42,INR,paid
ORD00489,INV00489,CUST0169,20099.14,2026-02-25 02:22:03,INR,paid
ORD00490,INV00490,CUST0190,31695.28,2026-01-12 21:44:41,INR,paid
ORD00491,INV00491,CUST0024,37330.98,2026-03-25 13:11:01,INR,paid
ORD00492,INV00492,CUST0097,21049.64,2026-05-13 09:22:51,INR,paid
ORD00493,INV00493,CUST0041,18565.65,2026-05-06 23:28:03,INR,paid
ORD00494,INV00494,CUST0199,47076.23,2026-08-20 13:12:30,INR,paid
ORD00495,INV00495,CUST0022,44178.78,2026-03-02 10:06:35,INR,paid
ORD00496,INV00496,CUST0041,37746.35,2026-01-20 07:49:12,INR,paid
ORD00497,INV00497,CUST0173,4170.92,2026-06-22 02:06:44,INR,paid
ORD00498,INV00498,CUST0170,21258.34,2026-08-24 18:21:30,INR,paid
ORD00499,INV00499,CUST0114,20767.77,2026-03-25 17:14:54,INR,paid
ORD00500,INV00500,CUST0194,25666.08,2026-05-15 01:14:39,INR,paid
