payment_id,order_id,customer_id,payment_amount,payment_status,payment_date,payment_method
pay_bdd640fb-0667-4ad1-9c80-317fa3b1799d,ORD00001,CUST0164,5655.42,captured,2026-04-17 19:27:32,wallet
pay_23b8c1e9-3924-46de-beb1-3b9046685257,ORD00002,CUST0063,11238.22,captured,2026-02-09 19:19:27,card
pay_bd9c66b3-ad3c-4d6d-9a3d-1fa7bc8960a9,ORD00003,CUST0174,37059.32,captured,2026-07-31 19:11:04,netbanking
pay_972a8469-1641-4f82-8b9d-2434e465e150,ORD00004,CUST0023,29565.58,captured,2026-01-13 08:14:09,wallet
pay_17fc695a-07a0-4a6e-8822-e8f36c031199,ORD00005,CUST0008,4775.39,captured,2026-04-01 08:33:24,netbanking
pay_9a1de644-815e-46d1-bb8f-aa1837f8a88b,ORD00006,CUST0130,30140.73,captured,2026-08-06 23:10:59,card
pay_b74d0fb1-32e7-4629-8fad-c1a606cb0fb3,ORD00007,CUST0051,35829.38,captured,2026-07-31 15:13:21,upi
pay_6b65a6a4-8b81-48f6-b38a-088ca65ed389,ORD00008,CUST0108,11099.99,captured,2026-08-17 20:21:15,wallet
pay_47378190-96da-4dac-b2ff-5d2a386ecbe0,ORD00009,CUST0072,40490.58,captured,2026-01-03 12:34:22,card
pay_c241330b-01a9-471f-9e8a-774bcf36d58b,ORD00010,CUST0195,40310.38,captured,2026-06-14 03:03:06,card
pay_6c307511-b2b9-437a-a8df-6ec4ce4a2bbd,ORD00011,CUST0088,13965.78,captured,2026-03-25 14:52:10,upi
pay_371ecd7b-27cd-4130-8722-9389571aa876,ORD00012,CUST0246,38198.36,captured,2026-02-09 16:40:07,netbanking
pay_1a2a73ed-562b-4f79-8374-59eef50bea63,ORD00013,CUST0024,19058.37,captured,2026-05-20 09:55:49,upi
pay_5be6128e-18c2-4797-a142-ea7d17be3111,ORD00014,CUST0217,17263.39,captured,2026-04-13 17:30:47,upi
pay_43b7a3a6-9a8d-4a03-980d-7b71d8f56413,ORD00015,CUST0207,2268.18,captured,2026-06-28 10:09:00,netbanking
pay_759cde66-bacf-43d0-8b1f-9163ce9ff57f,ORD00016,CUST0138,6328.83,captured,2026-05-28 00:11:46,netbanking
pay_ec1b8ca1-f91e-4d4c-9ff4-9b7889463e85,ORD00017,CUST0021,27646.83,captured,2026-08-29 05:01:18,netbanking
pay_4b0dbb41-8d52-48f1-942c-3fe860e7a113,ORD00018,CUST0227,43099.17,captured,2026-08-13 05:18:43,card
pay_e2acf72f-9e57-4f7a-a0ee-89aed453dd32,ORD00019,CUST0050,35258.13,captured,2026-01-18 19:06:51,card
pay_3139d32c-93cd-49bf-9c94-1cf0dc98d2c1,ORD00020,CUST0170,11472.12,captured,2026-04-23 09:17:28,wallet
pay_a9488d99-0bbb-4599-91ce-5dd2b45ed1f0,ORD00021,CUST0021,42780.35,captured,2026-02-09 05:24:05,wallet
pay_fc377a4c-4a15-444d-85e7-ce8a3a578a8e,ORD00022,CUST0098,13970.88,captured,2026-05-22 16:28:56,upi
pay_ddd1dfb2-3b98-4ef8-9af6-1a26146d3f31,ORD00023,CUST0042,18572.03,captured,2026-03-23 08:44:49,upi
pay_7412b293-4729-4739-a14f-f3d719db3ad0,ORD00024,CUST0172,13422.19,captured,2026-01-28 17:31:10,wallet
pay_29a3b2e9-5d65-4441-9588-42dea2bc372f,ORD00025,CUST0156,31785.42,captured,2026-07-27 10:32:40,upi
pay_ab9099a4-35a2-40ae-9af3-05535ec42e08,ORD00026,CUST0187,12316.07,captured,2026-06-29 12:34:38,netbanking
pay_aefcfad8-efc8-4849-b3aa-7efe4458a885,ORD00027,CUST0098,13570.4,captured,2026-08-05 07:08:52,card
pay_a28defe3-9bf0-4273-9247-6f57a5e5a5ab,ORD00028,CUST0057,34262.25,captured,2026-01-22 17:22:46,wallet
pay_3eabedcb-baa8-4dd4-88bd-64072bcfbe01,ORD00029,CUST0059,41107.95,captured,2026-05-03 12:14:07,card
pay_451b4cf3-6123-4df7-b656-af7229d4beef,ORD00030,CUST0103,13460.27,captured,2026-03-23 22:30:09,wallet
pay_b02b61c4-a3d7-4628-ace6-6fa2fd5166e6,ORD00031,CUST0234,47151.19,captured,2026-05-03 05:00:37,card
pay_5304317f-af42-412f-b838-b3268e944239,ORD00032,CUST0055,32806.39,captured,2026-06-03 15:33:23,wallet
pay_0e51f30d-c6a7-4e39-84b0-32ccd7c524a5,ORD00033,CUST0227,45735.92,captured,2026-06-28 04:48:33,card
pay_ce177b4e-0837-48a3-9261-a7ab3aa2e4f9,ORD00034,CUST0037,13317.52,captured,2026-04-06 18:44:05,netbanking
pay_10f1bc81-448a-4a9e-a6b2-bc5b50c187fc,ORD00035,CUST0191,28112.27,captured,2026-04-13 00:55:45,wallet
pay_9132b63e-f162-47e4-a9c3-49e03602f8ac,ORD00036,CUST0192,29270.84,captured,2026-08-15 14:55:15,wallet
pay_366eb16f-508e-4ad7-b7c9-3acfe059a0ee,ORD00037,CUST0103,18163.62,captured,2026-02-23 17:20:43,wallet
pay_e27a984d-6548-41d0-bfcd-9eb1a7cad415,ORD00038,CUST0131,24726.44,captured,2026-01-19 07:09:23,netbanking
pay_24933b83-7577-40a9-a491-f0b2ea1fca65,ORD00039,CUST0221,5571.49,captured,2026-03-04 03:08:25,card
pay_beb79919-3f22-4af8-a3be-d01d43cf2fde,ORD00040,CUST0203,34056.01,captured,2026-08-20 14:56:06,wallet
pay_bf3c4c06-4343-48bc-89fa-6a688fb5d27b,ORD00041,CUST0017,19299.89,captured,2026-08-20 10:04:57,card
pay_956269f0-e5d7-4875-adad-d6c795a76d79,ORD00042,CUST0120,26502.81,captured,2026-08-03 20:26:20,netbanking
pay_ff50bde4-3825-47b8-9cab-cc97663f1c97,ORD00043,CUST0221,47127.3,captured,2026-02-14 11:41:58,upi
pay_7e570ddf-8270-40a8-a369-b584ff5e9ff0,ORD00044,CUST0175,44250.94,captured,2026-04-14 14:59:27,wallet
pay_dc713d96-0c0f-4195-817a-f08a1745d6d8,ORD00045,CUST0197,32083.99,captured,2026-02-13 07:44:29,netbanking
pay_28f49481-a0a0-4dc4-a720-9bdf1c11f735,ORD00046,CUST0076,21794.79,captured,2026-06-26 05:00:41,card
pay_98ae4334-6c12-4ce8-ae34-0454cac5b68c,ORD00047,CUST0001,47695.41,captured,2026-04-13 06:57:49,wallet
pay_988c24c9-61b1-4d22-a280-1c4510435a10,ORD00048,CUST0249,25079.25,captured,2026-03-11 09:09:22,card
pay_405cacec-8774-49a9-b7d2-1e02ff01cf99,ORD00049,CUST0130,45640.13,captured,2026-04-26 21:42:25,upi
pay_f143262f-dc5c-4eed-8da0-365bf89897b9,ORD00050,CUST0216,31983.58,captured,2026-08-25 12:00:49,wallet
pay_1d53434b-b881-49b9-ae27-0da702f06b90,ORD00051,CUST0051,7726.68,captured,2026-03-04 17:44:46,wallet
pay_c0398710-8976-4334-a281-7efdae849217,ORD00052,CUST0139,47679.64,captured,2026-07-25 23:15:16,card
pay_5715bd6f-a416-4293-84c2-e2e3444ea7c8,ORD00053,CUST0236,128.54,captured,2026-05-06 21:21:12,wallet
pay_287d06ca-6f4c-469a-8b22-d3081c8eaee9,ORD00054,CUST0126,1071.89,captured,2026-05-21 23:13:33,netbanking
pay_b8db0672-f42d-47cc-80d4-af5974273ca3,ORD00055,CUST0225,49267.54,captured,2026-04-30 10:14:21,netbanking
pay_f8cda88b-436d-46e2-b83c-fe0be037e5ed,ORD00056,CUST0062,2990.47,captured,2026-08-09 08:08:59,upi
pay_81f76d1c-2dbc-4134-830f-f46e8026695f,ORD00057,CUST0243,4029.98,captured,2026-07-08 17:45:33,netbanking
pay_a013ac6e-deda-4e16-9b3d-bd5ce9a1fa6f,ORD00058,CUST0209,3553.7,captured,2026-07-26 21:10:52,upi
pay_81f631d4-a392-41a7-9777-a4774c66e0a8,ORD00059,CUST0197,6375.45,captured,2026-07-04 13:57:10,card
pay_5fb8d16c-2720-497d-b2eb-d6899be578c7,ORD00060,CUST0243,27535.2,captured,2026-04-13 22:30:24,card
pay_f4188f3f-8a14-4e62-a95b-4715c333e861,ORD00061,CUST0136,43634.41,captured,2026-06-14 07:55:53,upi
pay_eb2263dd-87c5-421e-ac24-a3c5c754108f,ORD00062,CUST0247,10668.73,captured,2026-07-29 10:36:13,netbanking
pay_7d154385-52fb-443b-9954-6eb400257ad1,ORD00063,CUST0194,36523.56,captured,2026-03-20 02:51:49,netbanking
pay_5cec4eb5-edd9-4831-9ca3-5cfb04fc6d82,ORD00064,CUST0183,15654.64,captured,2026-05-26 00:31:52,upi
pay_ce88cb2d-d4e8-4839-bc3e-058be0f3eab0,ORD00065,CUST0113,44990.74,captured,2026-06-25 08:09:21,upi
pay_3da9c2a9-0ed4-4f1a-bd4c-bf374eb93eff,ORD00066,CUST0031,12470.49,captured,2026-01-25 20:45:52,card
pay_14296c07-f26b-4776-913e-4de2e0c53cb8,ORD00067,CUST0087,1149.61,captured,2026-08-04 02:55:22,upi
pay_d0e6e660-7c69-4ee1-bb5e-4bcf15ed6269,ORD00068,CUST0059,29463.16,captured,2026-01-03 19:01:24,netbanking
pay_885f6e66-c2b6-42c5-ba5d-310011b7e948,ORD00069,CUST0019,35421.26,captured,2026-01-23 20:44:35,upi
pay_a8e56e0c-20de-435d-a031-d750c40db9b4,ORD00070,CUST0059,3463.28,captured,2026-01-13 04:47:23,upi
pay_2a45c2ab-8cbf-4db0-b264-accc79ac1b1e,ORD00071,CUST0221,16588.38,captured,2026-07-19 16:16:56,upi
pay_9b49bd26-df57-459a-8715-a10343dac043,ORD00072,CUST0061,13996.02,captured,2026-07-08 12:23:27,card
pay_edcd465e-3638-4821-b6e0-7cc06c52c49f,ORD00073,CUST0055,27007.77,captured,2026-08-10 18:30:26,upi
pay_b09b2a5c-badc-432a-8159-0f538a0f4efb,ORD00074,CUST0148,23686.28,captured,2026-07-03 16:25:38,wallet
pay_66245bfa-4fcc-439a-b683-d2e6337ea2df,ORD00075,CUST0207,20412.29,captured,2026-02-06 15:10:48,wallet
pay_5f987c71-a65e-488e-abf3-ad39fec21bbe,ORD00076,CUST0025,32983.24,captured,2026-05-18 14:17:33,wallet
pay_7394988f-847f-49b4-a64d-1bcb702753a1,ORD00077,CUST0109,20614.0,captured,2026-01-22 00:54:43,netbanking
pay_1064005c-3985-43cf-bf76-be1d1efa2197,ORD00078,CUST0173,32707.43,captured,2026-02-08 05:19:15,netbanking
pay_8dcdcd03-969b-4662-8562-8059568cc69b,ORD00079,CUST0016,20190.8,captured,2026-05-12 18:31:46,upi
pay_01d74256-3860-4ab6-96a4-02f23ae8cc93,ORD00080,CUST0205,43097.46,captured,2026-04-07 13:38:42,wallet
pay_0f1259e0-a18f-46b6-b535-106e122c9a56,ORD00081,CUST0050,9591.42,captured,2026-06-24 05:22:52,card
pay_080aadfb-e7c9-4b26-9141-25c63a9bedd4,ORD00082,CUST0036,21151.89,captured,2026-04-19 04:13:44,wallet
pay_839fbc50-1223-4513-9496-f63cdc1110c1,ORD00083,CUST0119,12565.34,captured,2026-01-30 06:38:17,wallet
pay_7c441fe7-ab42-40a7-874a-493b3ceddf2d,ORD00084,CUST0114,40420.31,captured,2026-08-02 17:24:13,netbanking
pay_b92da22b-21df-406f-8a0b-3c3336d8393a,ORD00085,CUST0026,2624.36,captured,2026-07-29 22:38:41,netbanking
pay_93829b43-922f-415a-a1e3-db63ef7ddc76,ORD00086,CUST0215,836.42,captured,2026-02-06 05:16:19,card
pay_7914c120-c8dc-419f-be35-11287900f7f9,ORD00087,CUST0238,37702.92,captured,2026-04-02 19:12:59,netbanking
pay_1825bc54-30be-445f-a835-14f2ceb81f9d,ORD00088,CUST0043,20380.06,captured,2026-07-06 22:35:08,card
pay_5ab33edf-6e59-4ed3-a8b3-17fa18d0752b,ORD00089,CUST0055,43246.05,captured,2026-01-23 18:31:17,netbanking
pay_dd2467ac-778e-4db3-a93d-ffbc6c6fa611,ORD00090,CUST0043,19010.76,captured,2026-06-01 14:59:40,wallet
pay_a748dbcf-ac61-4e63-8dde-29a6baa4b71a,ORD00091,CUST0068,46333.25,captured,2026-06-26 16:59:07,wallet
pay_0f844fef-1931-49ee-a56c-0941fbf24050,ORD00092,CUST0074,21208.07,captured,2026-08-04 20:08:10,card
pay_ccf3a171-56dc-4907-ba6c-34ab6712303a,ORD00093,CUST0170,35948.57,captured,2026-03-02 02:48:39,card
pay_310c0c00-3fa7-4104-9bf9-0e27dc96925e,ORD00094,CUST0049,14905.72,captured,2026-01-23 17:06:13,netbanking
pay_23e2fcb4-72d8-467d-894a-05e430b187ef,ORD00095,CUST0149,36813.29,captured,2026-01-24 16:09:56,netbanking
pay_766ecb15-474e-4c19-aef9-12766c006f61,ORD00096,CUST0192,15748.88,captured,2026-01-20 11:21:37,card
pay_134c6c92-ec5b-427c-9fde-4fbf3ff350bf,ORD00097,CUST0150,23891.75,captured,2026-07-26 06:27:15,card
pay_db20a56e-dc81-4fe7-8eda-8bbb71710434,ORD00098,CUST0041,2938.29,captured,2026-07-17 05:18:16,wallet
pay_a6f2f7b8-0cf3-4b58-9910-8be58ce21ea3,ORD00099,CUST0021,42581.99,captured,2026-01-27 14:39:54,wallet
pay_03c72ba8-d605-4770-8a63-f881ffd0f9d5,ORD00100,CUST0153,3491.25,captured,2026-04-02 08:15:33,card
pay_c0e9ab30-ed26-42e9-97e0-11b7f8102383,ORD00101,CUST0104,6082.34,captured,2026-08-10 05:45:34,wallet
pay_680ac07a-2a93-4d62-bc83-5dc0d9441fa5,ORD00102,CUST0064,28988.06,captured,2026-01-16 10:25:08,upi
pay_dd59ba71-36b8-4481-bb3a-4e3e7c52fa17,ORD00103,CUST0159,4190.97,captured,2026-08-15 16:13:12,netbanking
pay_2a25a888-0f02-4ad0-a706-7ef466aa9385,ORD00104,CUST0145,26186.86,captured,2026-04-12 06:30:44,wallet
pay_63f2ae24-fc3d-4348-808d-4127610461e3,ORD00105,CUST0053,33519.33,captured,2026-05-03 00:24:21,upi
pay_c8fe3ccd-c8b8-49c6-ad30-49cf43e458fc,ORD00106,CUST0062,13354.16,captured,2026-02-20 19:52:26,card
pay_b253d218-6c4a-47ea-8906-17f2747b6dba,ORD00107,CUST0172,32310.49,captured,2026-06-27 13:38:30,wallet
pay_c88a618e-fed4-457d-bb02-6576f512c4c3,ORD00108,CUST0081,46458.01,captured,2026-01-29 04:09:03,card
pay_7c967f79-b7e9-4aca-a970-65e18e46d534,ORD00109,CUST0003,22968.45,captured,2026-08-07 15:28:51,netbanking
pay_37bb3eec-4bf5-4b52-b09d-258c27a0c3d7,ORD00110,CUST0026,3755.71,captured,2026-03-24 18:44:31,card
pay_bc594585-9445-48c0-8ef8-c2d6f7fd5646,ORD00111,CUST0130,13333.5,captured,2026-05-16 12:59:53,upi
pay_504867ba-bf7b-439b-8f9a-ea4b8acd4e10,ORD00112,CUST0226,3532.69,captured,2026-04-05 20:53:44,card
pay_7a0ecfea-958c-49ba-8cd6-20c20ea2622b,ORD00113,CUST0095,14320.87,captured,2026-06-20 04:10:34,upi
pay_87f7e1fb-da4b-49ca-ab5c-f46780bacd64,ORD00114,CUST0214,27206.58,captured,2026-04-28 11:39:50,wallet
pay_82010c62-f5f5-4b22-8e8f-a8e0284d82e5,ORD00115,CUST0157,49194.28,captured,2026-07-25 10:05:04,wallet
pay_118a9d29-2f92-4996-99f1-95d014822f53,ORD00116,CUST0003,33426.37,captured,2026-08-04 09:16:04,upi
pay_dca02eec-acda-4acc-9165-e21098543881,ORD00117,CUST0077,46594.63,captured,2026-02-10 05:29:46,netbanking
pay_f10c718b-1eb0-438a-a75d-d5af3c365296,ORD00118,CUST0241,43918.54,captured,2026-04-13 17:00:03,netbanking
pay_94340a03-3f07-4814-91d6-3f78e3e9de99,ORD00119,CUST0030,44496.66,captured,2026-08-03 20:25:05,netbanking
pay_14fcdd54-9e8f-4965-8a2c-827e98326856,ORD00120,CUST0040,13690.18,captured,2026-08-23 21:25:21,wallet
pay_90b2b633-956b-4c0c-a849-9b926b5252e3,ORD00121,CUST0054,35908.85,captured,2026-03-21 01:39:52,wallet
pay_42c18a62-ef48-48d5-90fd-9d3f85d51695,ORD00122,CUST0176,31748.47,captured,2026-04-13 12:30:29,netbanking
pay_506e5a9a-b758-488d-ab73-295b344a54b8,ORD00123,CUST0130,24477.74,captured,2026-01-20 17:28:48,card
pay_21813d25-6552-48a6-83ff-50113d1a85dd,ORD00124,CUST0024,31750.79,captured,2026-04-18 10:50:47,netbanking
pay_750cab75-4ccc-4bc2-a53f-8a28abf3e3fc,ORD00125,CUST0012,276.93,captured,2026-02-20 19:19:39,card
pay_ef8c485b-c07a-40f2-add4-253b50f0fd0a,ORD00126,CUST0164,48991.92,captured,2026-03-04 18:03:11,netbanking
pay_9f044aed-7552-4327-8262-7f7312922f83,ORD00127,CUST0190,22147.59,captured,2026-06-16 02:19:51,card
pay_19985f15-ff00-4d4d-9020-59e4ff9ab5c2,ORD00128,CUST0144,582.52,captured,2026-01-30 05:19:24,wallet
pay_8181a8cc-3691-47eb-89a2-688b12c136e0,ORD00129,CUST0242,44167.01,captured,2026-02-27 21:17:11,netbanking
pay_5958a499-eeea-463e-a1e8-ac6843e42caf,ORD00130,CUST0140,1897.8,captured,2026-05-24 09:20:32,netbanking
pay_3e896c64-e117-4ac3-919c-4ea3e1805081,ORD00131,CUST0150,27671.0,captured,2026-06-16 21:54:09,upi
pay_702cdd20-2862-48b8-88f4-ef125e9953d2,ORD00132,CUST0033,2187.26,captured,2026-05-22 14:47:54,netbanking
pay_4d71c366-b41b-4143-8b10-550cd5704f32,ORD00133,CUST0231,46661.09,captured,2026-01-16 11:50:49,card
pay_ce9e1a11-fcbb-4e59-bbdd-cf7c9c96e9ec,ORD00134,CUST0231,17954.68,captured,2026-04-07 21:47:08,upi
pay_aaf91531-0200-41f0-8768-a84fa76afde6,ORD00135,CUST0171,5229.4,captured,2026-08-06 10:29:33,netbanking
pay_ee87905e-4ca4-45ea-8dfa-6a56d12dbc9a,ORD00136,CUST0227,43748.16,captured,2026-08-30 00:59:04,netbanking
pay_e0ccedc5-f05d-476e-9a84-a51aa9d3d7c7,ORD00137,CUST0192,7812.21,captured,2026-04-02 22:33:06,wallet
pay_e3c43657-1d8c-4bac-83b4-09ef2260e70f,ORD00138,CUST0222,8208.84,captured,2026-03-10 18:14:51,upi
pay_27cb6f2a-8da0-4097-be0f-051b1b66b5a9,ORD00139,CUST0226,20673.49,captured,2026-03-11 15:45:45,card
pay_35ebd32d-9ad6-40ab-8821-2ddb45b89cd9,ORD00140,CUST0189,46231.92,captured,2026-06-09 21:26:41,netbanking
pay_afffcfd2-341e-440b-97c7-00aab7b56ea7,ORD00141,CUST0206,33528.37,captured,2026-04-07 09:05:10,wallet
pay_81627cf1-4394-42e6-9a58-7e8aa25d6b29,ORD00142,CUST0069,8043.97,captured,2026-02-11 23:31:27,netbanking
pay_e87d1c78-e7c4-41c7-8049-7b717d106c60,ORD00143,CUST0098,43621.12,captured,2026-07-02 19:08:56,upi
pay_a2607723-17a0-4f49-8d01-280fd89a40c0,ORD00144,CUST0057,10058.68,captured,2026-06-28 18:20:13,card
pay_0b49452d-46d4-43f3-9450-281c6c6f7633,ORD00145,CUST0090,15329.02,captured,2026-03-30 09:20:37,wallet
pay_217d65a0-c568-41cd-9563-f61600e85ece,ORD00146,CUST0058,1280.86,captured,2026-03-17 00:06:00,netbanking
pay_295d6fbf-430f-401d-bad4-09e2a319dcb4,ORD00147,CUST0103,16480.27,captured,2026-01-27 23:02:53,card
pay_b4a69f3c-8d3a-4d99-b11c-21c9bdc14f1f,ORD00148,CUST0248,38689.0,captured,2026-05-17 08:55:08,netbanking
pay_1ca3c448-0279-46a6-8f97-97b06d7ce3c9,ORD00149,CUST0165,25519.34,captured,2026-07-28 05:53:34,netbanking
pay_b0e6a969-e213-42b0-b1ee-dba313432e61,ORD00150,CUST0085,46967.93,captured,2026-02-14 19:03:46,upi
pay_093923de-8bab-4e3b-a628-6bfbe767dcea,ORD00151,CUST0225,48522.99,captured,2026-03-11 08:22:21,upi
pay_8d7248e2-951f-48d0-9e84-f058d5a804eb,ORD00152,CUST0149,48130.46,captured,2026-04-14 02:19:33,netbanking
pay_0ab54bde-20a0-4502-ae06-809725e97977,ORD00153,CUST0010,5509.29,captured,2026-06-18 18:25:40,wallet
pay_eededb07-e623-4689-9d59-cd2a4eea04e7,ORD00154,CUST0089,36454.4,captured,2026-05-02 19:41:04,upi
pay_0a368ce7-dc57-4131-b8e1-daa7cbceabde,ORD00155,CUST0112,30349.82,captured,2026-07-18 14:48:30,upi
pay_ae9bec36-35c7-436c-9b99-62c6e61fecc0,ORD00156,CUST0030,19321.25,captured,2026-08-12 22:11:24,upi
pay_5a8aaeca-1a50-4ec3-aabc-25fa3fe12e47,ORD00157,CUST0049,12810.65,captured,2026-06-19 08:21:02,upi
pay_dfed2c43-e256-46dc-8f54-86b7c7b5b2bc,ORD00158,CUST0001,26044.03,captured,2026-07-29 02:44:10,card
pay_bfddc3d9-9ee3-4c2a-b94d-62046808593f,ORD00159,CUST0176,35999.56,captured,2026-03-18 12:30:01,netbanking
pay_3c9ad14c-ee0c-4eb5-acfe-db992790cebd,ORD00160,CUST0094,21621.74,captured,2026-05-09 05:41:14,card
pay_ccc56569-f9e8-4369-a999-b735dd56cc94,ORD00161,CUST0160,15764.39,captured,2026-02-18 09:35:31,card
pay_698c206f-e1a4-4e10-ad53-4dd0cf8ebc5a,ORD00162,CUST0185,45012.34,captured,2026-07-16 22:43:27,netbanking
pay_ecab3301-bc8f-4d29-adea-94930658663a,ORD00163,CUST0080,33377.96,captured,2026-05-07 16:14:42,upi
pay_696608aa-ee49-4329-884a-7b28550a1b46,ORD00164,CUST0104,34890.7,captured,2026-08-04 07:29:55,wallet
pay_bc2cbb0d-dd33-4cc7-ab7f-089acd5f4822,ORD00165,CUST0033,9672.82,captured,2026-05-28 05:53:24,upi
pay_28c13091-444d-410b-bf87-e362cf8d446a,ORD00166,CUST0174,37431.91,captured,2026-03-09 14:03:08,upi
pay_61ee411a-1bac-47a7-b386-f7a4c991603f,ORD00167,CUST0158,28498.35,captured,2026-06-07 16:53:41,upi
pay_787f2425-dbcc-4477-89e9-db0adf465290,ORD00168,CUST0141,41702.89,captured,2026-04-29 00:19:11,upi
pay_eb1fa9f2-d10b-41d0-b317-347038f16a81,ORD00169,CUST0074,10588.12,captured,2026-08-14 05:50:59,wallet
pay_d20eac17-4e20-4d1a-9983-36e375d66ed4,ORD00170,CUST0156,32769.81,captured,2026-06-30 14:00:14,card
pay_39118497-3a43-42ba-9f0f-06cbcb9bc326,ORD00171,CUST0114,22163.77,captured,2026-03-24 23:50:29,wallet
pay_6601ddd0-3170-4437-a8f7-ef5a060edf5b,ORD00172,CUST0131,23711.99,captured,2026-03-07 21:38:18,netbanking
pay_11c58ef0-dd46-4c09-8752-87aa5408f9ac,ORD00173,CUST0169,4331.3,captured,2026-07-20 04:21:39,upi
pay_59e4b671-4774-4c58-85f8-bc16f7860b50,ORD00174,CUST0170,31683.75,captured,2026-05-11 04:10:51,wallet
pay_adf4e62d-6651-429e-8268-690ba43825b5,ORD00175,CUST0024,40939.33,captured,2026-04-02 05:08:02,netbanking
pay_54c63cd8-8945-4f27-97fa-2d8dfb2ca025,ORD00176,CUST0173,15589.93,captured,2026-03-19 08:01:31,wallet
pay_e08596db-1d87-4966-8710-d430f071d879,ORD00177,CUST0038,1318.83,captured,2026-04-06 02:05:52,upi
pay_94a1875d-2db6-4edb-82de-ffccf86c2ca2,ORD00178,CUST0122,30602.57,captured,2026-01-29 06:48:29,upi
pay_09cb3942-43f5-4a85-bbc9-f87af668a617,ORD00179,CUST0117,20780.61,captured,2026-08-12 13:38:30,netbanking
pay_587ef344-6f3f-420c-98b8-e4cc1bc044fc,ORD00180,CUST0050,35945.46,captured,2026-05-30 02:56:19,wallet
pay_6fb78271-504d-481f-8953-5b63ba81edd9,ORD00181,CUST0127,20042.68,captured,2026-02-27 07:27:52,upi
pay_1d9af659-82ec-4f2d-bbf6-e16f9b3080d5,ORD00182,CUST0168,34412.36,captured,2026-02-11 09:27:56,netbanking
pay_30a900ad-939b-462d-a645-f129629c2ae3,ORD00183,CUST0200,21314.8,captured,2026-03-10 07:22:57,wallet
pay_6fa17735-b572-43d0-8b5c-ea6a41357e8c,ORD00184,CUST0206,47902.51,captured,2026-07-21 03:42:58,wallet
pay_ce777f00-ecf2-4e76-8519-7ff4006ed6e3,ORD00185,CUST0119,2605.9,captured,2026-04-07 18:41:46,netbanking
pay_f0b5156b-b82c-4074-afd5-dea589d7fd6c,ORD00186,CUST0235,42431.98,captured,2026-06-27 06:31:57,wallet
pay_3270e4fa-abae-4f43-bcae-8081bdf070aa,ORD00187,CUST0035,40090.69,captured,2026-07-26 06:30:28,wallet
pay_f2e9702d-11e9-4daa-ae69-81a35d3d9e56,ORD00188,CUST0144,29813.07,captured,2026-06-21 21:04:59,upi
pay_9f871ce7-5487-4d4f-abb7-a385aa0b7b14,ORD00189,CUST0157,40768.82,captured,2026-07-16 00:52:24,upi
pay_1fe771d6-d917-4793-a9d3-c2e6505cc686,ORD00190,CUST0110,41545.4,captured,2026-08-01 18:32:12,upi
pay_81d2c7de-4ce1-4b90-a669-7833b841d0a0,ORD00191,CUST0115,44870.68,captured,2026-07-04 08:17:11,netbanking
pay_5380b904-688c-4015-aab9-7e494f2d4796,ORD00192,CUST0116,13033.66,captured,2026-04-07 00:26:28,card
pay_8dedf9fb-4bb0-4f20-b27c-40266703b636,ORD00193,CUST0216,31919.31,captured,2026-07-22 10:51:59,wallet
pay_aa38d0a1-6ba2-4efe-b11c-6eb62095eef6,ORD00194,CUST0125,31374.75,captured,2026-04-17 15:26:01,netbanking
pay_bf85bf0e-ad64-456c-a10f-aa3ff0bbac67,ORD00195,CUST0113,3966.42,captured,2026-04-21 23:10:45,card
pay_91b0e1d9-9d92-42af-ac8d-0e44e71e43a6,ORD00196,CUST0061,13658.58,captured,2026-05-05 03:54:32,card
pay_d56f0350-8c45-4ce2-a7f4-8ad54d0b0d1a,ORD00197,CUST0229,27053.6,captured,2026-02-23 17:44:23,netbanking
pay_35ce8841-4973-4d6c-8dca-bfb7001a9a8b,ORD00198,CUST0039,11639.95,captured,2026-03-01 08:14:53,card
pay_9b4e2c24-9479-41e6-8927-7d9b6e0d2648,ORD00199,CUST0181,10776.25,captured,2026-06-11 02:50:56,upi
pay_7118e364-7709-4749-927e-ecfaa79ac9aa,ORD00200,CUST0105,16610.98,captured,2026-06-30 22:43:45,netbanking
pay_82dc4c8e-36b5-429a-acf5-e81e71316269,ORD00201,CUST0107,3207.06,captured,2026-06-13 04:01:17,wallet
pay_f5b78cc7-e6b3-4944-8b32-3e357922bac2,ORD00202,CUST0100,45251.44,captured,2026-08-15 20:00:52,upi
pay_a8aa7158-2b70-4525-bc67-f831cbc84759,ORD00203,CUST0243,34806.6,captured,2026-08-12 13:49:22,wallet
pay_a9f25336-83f4-49a9-88a6-39d015b52908,ORD00204,CUST0098,23901.29,captured,2026-05-17 14:37:46,card
pay_17e8392a-55ce-45db-9e87-e04ca2086977,ORD00205,CUST0077,37698.41,captured,2026-06-12 17:33:41,upi
pay_3c20592f-c04a-46c4-b3b6-3fe1d1843324,ORD00206,CUST0138,37401.03,captured,2026-08-01 02:19:19,wallet
pay_ce7ae7f6-3982-4cff-8f77-a665ac3c5640,ORD00207,CUST0205,30202.3,captured,2026-03-27 15:34:10,netbanking
pay_0bd4a990-0640-4e0f-a5b8-fd4b32fa2de8,ORD00208,CUST0125,11049.14,captured,2026-06-19 06:17:08,card
pay_9c7c7377-79a2-4903-bbe3-3b243eae0032,ORD00209,CUST0125,1548.34,captured,2026-05-11 12:57:15,wallet
pay_74962764-12a4-4ef0-84bb-b7a9d98868dd,ORD00210,CUST0172,33989.18,captured,2026-06-07 00:30:16,card
pay_935f2b0a-a138-4ddc-a2d9-de5d6a18ce4c,ORD00211,CUST0186,8335.73,captured,2026-07-01 12:23:30,wallet
pay_624c69b6-b244-45a7-b7e5-848131c681ec,ORD00212,CUST0236,6468.63,captured,2026-08-30 15:51:18,netbanking
pay_25c73c44-3e75-43b4-a64f-a6637e8f8095,ORD00213,CUST0137,1445.63,captured,2026-06-03 00:32:05,upi
pay_e4855aa1-016b-4287-b008-05cca7f36ae9,ORD00214,CUST0152,28263.16,captured,2026-01-11 12:36:33,wallet
pay_e2add909-c521-4f2d-9c45-d539c03f3538,ORD00215,CUST0022,32173.21,captured,2026-02-22 16:48:39,card
pay_3805f907-6cd6-4193-8746-8f591b494e15,ORD00216,CUST0222,23138.75,captured,2026-01-20 12:41:12,netbanking
pay_b227462c-f53d-4330-8dda-24ba2d06e8cf,ORD00217,CUST0067,19017.28,captured,2026-03-24 04:49:00,upi
pay_8eb22579-0cdb-4ca4-b6ec-bdd68498e113,ORD00218,CUST0117,16409.61,captured,2026-05-28 05:42:44,card
pay_1f115b76-d92c-4227-aadf-50853fcb7546,ORD00219,CUST0072,37625.29,captured,2026-06-13 17:16:08,netbanking
pay_76f2dbfe-cd29-436f-a222-82e174daaebf,ORD00220,CUST0065,41762.05,captured,2026-07-02 15:34:38,card
pay_8f15ba58-fce6-4504-87f8-424daae65fc1,ORD00221,CUST0005,37476.31,captured,2026-01-21 05:28:22,netbanking
pay_c1581092-f335-4ba3-913a-7052986f9025,ORD00222,CUST0244,17563.02,captured,2026-01-27 15:34:10,upi
pay_d0a44432-9cd6-4852-b14c-7df4e4347d51,ORD00223,CUST0200,47868.55,captured,2026-01-16 15:13:58,upi
pay_6d3ee1dc-8139-4443-a45b-712eb8225688,ORD00224,CUST0194,1648.4,captured,2026-04-07 00:50:50,card
pay_722764e6-8c41-461b-a827-a1b9d4a02e53,ORD00225,CUST0052,41977.52,captured,2026-08-30 07:16:05,netbanking
pay_dc8aee30-be60-43f7-a8be-9288e5af6e39,ORD00226,CUST0040,12003.39,captured,2026-07-03 21:54:32,wallet
pay_c074718e-425a-409f-b337-c59979844388,ORD00227,CUST0172,5808.03,captured,2026-03-26 15:34:36,upi
pay_46fde062-a33d-47af-9701-410d3f4b1a70,ORD00228,CUST0120,35003.3,captured,2026-05-24 06:21:08,wallet
pay_7c0e8cd8-8573-4793-8715-b2b9c40c5d91,ORD00229,CUST0043,30334.05,captured,2026-02-14 11:31:25,wallet
pay_709b7d97-464c-44af-bd3f-3799a07295e9,ORD00230,CUST0200,40983.13,captured,2026-05-01 19:05:34,card
pay_3c07c574-4925-4af1-b6aa-e05b13d5f2f7,ORD00231,CUST0028,28976.37,captured,2026-05-02 03:39:08,card
pay_e49d681d-51d8-4c64-95fa-1ab8458f1f19,ORD00232,CUST0148,33899.63,captured,2026-05-26 18:06:51,card
pay_269cd696-236c-4b87-94a0-bccb8a476a87,ORD00233,CUST0102,47079.38,captured,2026-03-19 00:34:03,netbanking
pay_271e3ee2-b1a6-41f1-a20e-99d33b33f3d8,ORD00234,CUST0020,29645.68,captured,2026-04-05 07:31:13,upi
pay_6a34c854-1071-4d51-b6c5-9dacb4d7e28e,ORD00235,CUST0027,34889.93,captured,2026-04-28 02:57:15,upi
pay_7746d0ba-8ae8-405b-94b4-a48268586eba,ORD00236,CUST0218,34244.53,captured,2026-02-17 00:18:53,wallet
pay_d5385b0e-34f3-493c-8ff0-a55c6a702e2f,ORD00237,CUST0204,49193.83,captured,2026-01-16 22:47:31,card
pay_c51155ff-e7a3-4e81-a3b4-c08b6b8e869f,ORD00238,CUST0089,26683.99,captured,2026-05-24 21:58:15,netbanking
pay_05000bc6-b20d-4b6e-b231-1f1795863a76,ORD00239,CUST0018,25347.44,captured,2026-05-13 12:30:18,upi
pay_9360715f-c3fe-4183-a172-b725db52ca58,ORD00240,CUST0004,42493.82,captured,2026-07-10 09:00:39,netbanking
pay_f1578470-0182-47c4-ba1b-58066160a6b4,ORD00241,CUST0028,21732.82,captured,2026-05-21 15:50:13,card
pay_63d62a39-c0e3-4efd-8c71-e0fe5a0cdd7c,ORD00242,CUST0163,44589.59,captured,2026-06-28 13:04:52,card
pay_d5f25073-f414-42b1-a442-9ebbda7b9095,ORD00243,CUST0182,7734.26,captured,2026-03-10 09:42:55,upi
pay_bc10fa52-bf5d-4fdf-89c8-d2ab6b44fa8d,ORD00244,CUST0188,26135.16,captured,2026-04-15 21:21:01,wallet
pay_e5d6f6e6-9a6e-42f5-8cc4-29038bcf53a1,ORD00245,CUST0158,40429.14,captured,2026-07-29 00:08:06,wallet
pay_45df16b6-382c-443f-bcfc-9b793875394c,ORD00246,CUST0199,24226.53,captured,2026-06-19 03:50:54,card
pay_638c254c-076e-4bba-bc53-08bf6f92f25e,ORD00247,CUST0212,36578.21,captured,2026-04-15 05:37:39,card
pay_cc530e36-addc-4e13-ab3b-4d37560c95ee,ORD00248,CUST0083,42600.49,captured,2026-02-03 15:45:24,wallet
pay_d72b6108-2a40-4f12-b963-f37f67814c1f,ORD00249,CUST0072,44093.4,captured,2026-04-05 16:58:19,card
pay_fb10987f-20ac-4703-ab67-146a77a6e17c,ORD00250,CUST0193,23288.95,captured,2026-08-26 00:42:13,upi
pay_e82c7d7b-06e7-45f9-88bc-539c9f4c3b79,ORD00251,CUST0172,19011.57,captured,2026-01-12 03:30:12,upi
pay_a9ba5a27-907b-4e36-9786-48f864de82e6,ORD00252,CUST0127,42562.55,captured,2026-03-12 14:52:13,netbanking
pay_6db99102-a48b-4dbe-957d-94a106f028ff,ORD00253,CUST0125,10684.78,captured,2026-04-11 08:01:08,wallet
pay_2e85cb21-7631-4e9d-9de9-f86322bd3388,ORD00254,CUST0088,14054.96,captured,2026-08-20 12:34:02,card
pay_53cd6268-610c-4373-8299-9aa40cdf742b,ORD00255,CUST0180,44017.36,captured,2026-08-04 20:20:52,netbanking
pay_56666f9f-53ac-4ab9-b467-2cd9362f5e5c,ORD00256,CUST0003,25879.7,captured,2026-03-16 04:46:29,upi
pay_473bd358-610e-4a64-a130-1617c2dff335,ORD00257,CUST0022,12143.67,captured,2026-06-07 20:11:04,wallet
pay_6bebac31-d4f8-4d72-b382-1cfdc083b73a,ORD00258,CUST0126,27803.29,captured,2026-04-04 07:58:53,upi
pay_78660765-14f7-4e8d-95bc-b8d04094dded,ORD00259,CUST0177,23857.05,captured,2026-07-10 14:47:11,card
pay_0d557b61-8a17-4dfe-bfc0-0dc804f64d86,ORD00260,CUST0115,39667.35,captured,2026-02-06 03:19:12,netbanking
pay_39669fa7-5997-4043-b3b1-025bfff9f585,ORD00261,CUST0076,11157.66,captured,2026-04-05 11:46:06,card
pay_f510ab53-c7fe-439f-9190-f938a66fd7f7,ORD00262,CUST0079,33231.61,captured,2026-05-24 07:31:11,card
pay_07f194f9-c115-4d6d-8a4e-5b70a6d964a3,ORD00263,CUST0122,27718.3,captured,2026-05-14 12:03:04,wallet
pay_d6d7b3b8-3309-4d35-bf4d-f561f319c125,ORD00264,CUST0109,49831.91,captured,2026-08-02 17:59:32,wallet
pay_3d114802-2702-478b-9f0f-da8d05379ff6,ORD00265,CUST0085,17655.35,captured,2026-06-26 05:12:44,card
pay_1d48a071-ab61-47b1-b93b-4c3220500494,ORD00266,CUST0070,15400.49,captured,2026-03-31 12:46:13,wallet
pay_770c7798-37cc-463b-b2a0-345990604f62,ORD00267,CUST0031,36092.09,captured,2026-05-03 13:07:12,netbanking
pay_5e6fea07-c453-4f1d-8199-2fdfb31022f0,ORD00268,CUST0031,37169.77,captured,2026-03-13 21:43:17,netbanking
pay_f6b751f7-9b74-4245-9b1b-c8952af43ab7,ORD00269,CUST0050,10897.59,captured,2026-07-08 01:03:28,card
pay_c71d5e60-1d52-46ab-b7e6-427cbf780e3f,ORD00270,CUST0071,36256.79,captured,2026-07-23 17:58:12,netbanking
pay_4fa03f26-f6f7-40cc-a9ec-8e49d1bdb8c0,ORD00271,CUST0153,14221.64,captured,2026-02-09 00:58:16,card
pay_edcb8cb6-0692-4c63-9424-aed51bac5c15,ORD00272,CUST0214,9786.47,captured,2026-03-30 08:17:48,netbanking
pay_e87466d7-ad66-41bd-9367-6a024fdc6e1b,ORD00273,CUST0093,9054.13,captured,2026-01-06 11:52:20,upi
pay_f1043785-658b-4523-a014-1de9f54ad0a2,ORD00274,CUST0182,26753.34,captured,2026-04-17 12:46:00,card
pay_9793b9b4-1374-4146-b2c5-bd89b70b3420,ORD00275,CUST0012,48717.32,captured,2026-08-03 21:40:45,netbanking
pay_3e2b6091-a092-452a-94a0-57a7b0cc1b3b,ORD00276,CUST0075,34901.13,captured,2026-02-19 01:00:36,upi
pay_4d3485c5-c5c1-4eb4-b27b-3d901a16342c,ORD00277,CUST0164,43436.21,captured,2026-07-10 15:19:15,card
pay_ce3714af-99b4-4350-af2b-99b4d9acd158,ORD00278,CUST0027,43648.71,captured,2026-08-11 22:39:58,netbanking
pay_90e0f4a0-fbdd-4933-8bd5-8bf61efd76e9,ORD00279,CUST0073,23522.91,captured,2026-06-21 01:28:00,netbanking
pay_8861fe18-58e2-4888-8a83-81bec85aca46,ORD00280,CUST0088,9299.75,captured,2026-01-20 22:51:56,upi
pay_11a72609-5edd-4bbf-a959-76636daa2e68,ORD00281,CUST0065,47059.07,captured,2026-07-05 12:45:31,wallet
pay_033d2bce-575a-4d2c-a5c5-650c8186a576,ORD00282,CUST0030,41123.57,captured,2026-06-05 14:51:50,wallet
pay_7d7ddbed-d284-476c-ab88-f83dd97dc9cd,ORD00283,CUST0126,3796.7,captured,2026-01-21 19:40:22,upi
pay_5cb85aed-f5f6-4c97-aefb-63b11b049863,ORD00284,CUST0039,7544.96,captured,2026-08-07 14:02:42,upi
pay_75b17a55-d426-4982-a43e-4288a2b5b498,ORD00285,CUST0243,15261.39,captured,2026-04-07 09:18:26,card
pay_2d174fc9-6f7c-45ea-a72a-6d8eb5122df8,ORD00286,CUST0031,27947.84,captured,2026-06-11 15:01:22,wallet
pay_a6846099-f729-4951-8591-31d2bbda0242,ORD00287,CUST0156,29846.73,captured,2026-08-29 04:04:36,card
pay_eb6c1016-cee6-44d0-9dac-6e8345241ea6,ORD00288,CUST0058,38807.11,captured,2026-05-28 17:22:48,netbanking
pay_7701f7bb-7bc6-4e1f-864e-e6e389c5b31a,ORD00289,CUST0116,45434.37,captured,2026-04-26 11:31:55,upi
pay_97ac6aa8-bb24-48a3-9363-57b66f81cf4f,ORD00290,CUST0221,29467.4,captured,2026-06-16 12:59:01,card
pay_3ed8c56c-da09-4fa0-9282-8d8044b591f7,ORD00291,CUST0079,28474.61,captured,2026-01-24 09:23:13,upi
pay_4767d76c-162f-4a24-af43-613cd4aac9a3,ORD00292,CUST0157,48009.43,captured,2026-02-08 12:55:26,card
pay_c01f36bf-3e6d-458b-b367-c28de1b294de,ORD00293,CUST0243,38160.58,captured,2026-03-23 22:53:50,netbanking
pay_ab0e664e-9c3e-42d5-91e1-aa9676f72255,ORD00294,CUST0068,33055.36,captured,2026-03-02 23:52:41,netbanking
pay_7e8adee7-0758-4201-961e-16d16105716b,ORD00295,CUST0062,8773.3,captured,2026-01-30 03:39:19,wallet
pay_7cd0129d-2e8d-4e87-9334-20e6d9d80b8d,ORD00296,CUST0041,233.52,captured,2026-06-24 22:59:55,wallet
pay_4223623b-cc3e-4dde-9ad5-cf06364d7c87,ORD00297,CUST0177,29731.18,captured,2026-04-24 02:44:00,netbanking
pay_989d9d4a-e15c-4666-8797-b2c957207246,ORD00298,CUST0009,11650.66,captured,2026-04-20 19:07:34,card
pay_8e485223-46b9-4991-a14e-b70db380c73a,ORD00299,CUST0180,42994.38,captured,2026-01-28 15:26:36,upi
pay_30e912f2-f2b4-4abf-8441-aefd0299436a,ORD00300,CUST0176,11747.85,captured,2026-04-13 17:49:40,netbanking
pay_680bac63-b856-4035-bdc9-829015eabb27,ORD00301,CUST0202,39583.26,captured,2026-08-18 01:14:14,netbanking
pay_3d85de89-c217-4429-8e20-07247d137018,ORD00302,CUST0170,40214.89,captured,2026-03-18 19:48:31,card
pay_b63b4dc3-a559-4463-b9e1-3ceab0cbc61f,ORD00303,CUST0109,5827.34,captured,2026-03-29 07:22:33,netbanking
pay_046a0df5-cafd-4613-b2bb-912d7da67785,ORD00304,CUST0166,7534.57,captured,2026-04-14 03:52:26,netbanking
pay_6786d506-38ba-4abc-8b53-05e517d2582e,ORD00305,CUST0212,7197.59,captured,2026-01-24 03:52:00,card
pay_a9f948b2-4e63-44bb-be49-3f43b118f68d,ORD00306,CUST0043,39652.17,captured,2026-08-20 02:12:44,netbanking
pay_8db06746-7927-4973-9e78-1fd794e0d3ba,ORD00307,CUST0192,41229.59,captured,2026-04-23 02:02:44,wallet
pay_ff233d5f-6ced-415d-9800-7c0287ea7ff5,ORD00308,CUST0113,6305.25,captured,2026-04-29 02:20:07,wallet
pay_5a104129-54ae-4d1b-8ce6-424dbef59fe6,ORD00309,CUST0180,20185.18,captured,2026-04-16 17:31:06,wallet
pay_4e7ed827-455a-4762-b428-a656b3ee4d3b,ORD00310,CUST0129,27045.08,captured,2026-06-20 00:12:30,wallet
pay_b8a6171f-1ee3-4dc4-bb04-8a8b405bfdc9,ORD00311,CUST0021,29942.03,captured,2026-06-17 18:47:56,netbanking
pay_be2d740a-1e9b-43bc-90c7-c006314d3441,ORD00312,CUST0189,16183.85,captured,2026-04-08 05:35:52,upi
pay_b0ae8f08-c31e-4bbc-b36c-b62b892e6161,ORD00313,CUST0007,4657.21,captured,2026-08-12 09:14:39,wallet
pay_bd1531c8-3764-4bda-b108-d4482f65fafa,ORD00314,CUST0151,47544.24,captured,2026-04-15 16:01:29,wallet
pay_96ef2ad6-b97e-4703-86c8-adfe7bf47042,ORD00315,CUST0148,2107.56,captured,2026-03-10 00:53:45,netbanking
pay_98c7472a-864e-4a13-829c-fc0cfa02eaec,ORD00316,CUST0121,25996.3,captured,2026-06-21 17:52:36,netbanking
pay_d52721e7-19bc-443e-bb02-bebb48729a4d,ORD00317,CUST0235,13980.01,captured,2026-08-16 07:40:03,card
pay_5c62b3a2-3a3c-463e-8bd6-cee631b1b099,ORD00318,CUST0112,31775.76,captured,2026-07-10 23:12:59,wallet
pay_b540b30e-039f-4a25-8d61-68bd2defe193,ORD00319,CUST0249,4653.0,captured,2026-05-16 03:13:55,card
pay_0ba6eab9-4639-447b-a067-bdac88bd13d1,ORD00320,CUST0105,16732.09,captured,2026-02-10 14:56:29,wallet
pay_4ac9778d-8da8-4ee4-8df5-6ac6f96b648a,ORD00321,CUST0220,8125.16,captured,2026-06-09 20:48:37,upi
pay_a34b6cf6-2053-4a42-b1af-db65b289f224,ORD00322,CUST0178,24823.9,captured,2026-06-05 12:29:07,netbanking
pay_1a432f0a-7daa-49f0-80b6-fce2de53790a,ORD00323,CUST0209,38048.94,captured,2026-01-15 06:02:31,netbanking
pay_48ca7651-92f5-4f7b-8323-d342df6a8f93,ORD00324,CUST0117,4494.18,captured,2026-04-09 00:31:40,card
pay_5738811d-70c2-403f-ba8d-03aa782a65e0,ORD00325,CUST0083,5884.49,captured,2026-06-06 23:11:04,card
pay_40a26c60-0d27-4659-b72a-da9b2f32751e,ORD00326,CUST0222,25778.35,captured,2026-01-01 10:43:43,netbanking
pay_1d34d08e-7a4c-45d4-9c99-e04cf0e98b3b,ORD00327,CUST0169,43481.44,captured,2026-06-29 09:55:53,netbanking
pay_7de31a51-6694-4343-90ba-58e3d2762bdc,ORD00328,CUST0106,2804.78,captured,2026-07-21 08:12:19,netbanking
pay_afbb411a-a123-4a8c-93b7-a88612f70c97,ORD00329,CUST0093,31169.43,captured,2026-07-13 14:17:32,wallet
pay_cfa701cd-2631-400b-a6d7-94d30db95301,ORD00330,CUST0161,22157.84,captured,2026-01-21 01:03:23,wallet
pay_15ce6a66-4dc8-4a1e-b2f9-e5fa90164161,ORD00331,CUST0053,13426.11,captured,2026-02-20 21:07:54,upi
pay_8edddfcd-1e52-4770-bf89-7142fe716b14,ORD00332,CUST0238,14472.65,captured,2026-07-08 05:50:29,wallet
pay_989bc4da-9b37-422b-aa8a-616fc3b290d0,ORD00333,CUST0032,1540.59,captured,2026-08-25 11:05:42,netbanking
pay_c693da11-39c6-41ca-9e50-aa42ca6dfda1,ORD00334,CUST0205,12040.94,captured,2026-03-03 12:11:29,wallet
pay_e893be3d-7354-4a6f-a160-745985c7504b,ORD00335,CUST0080,27586.87,captured,2026-08-03 11:21:22,card
pay_96a9954f-dc33-41f9-8c1f-55ab715629ee,ORD00336,CUST0105,4751.14,captured,2026-02-14 01:32:03,netbanking
pay_9191b363-4e2d-4645-adc7-cac7fd72b050,ORD00337,CUST0119,47358.33,captured,2026-03-01 19:06:53,wallet
pay_f5c9b047-9c10-4572-8f6b-40d09efba58b,ORD00338,CUST0128,46639.39,captured,2026-04-24 08:20:48,netbanking
pay_c342bd2b-f295-456e-9967-5f06bd767e35,ORD00339,CUST0131,35300.04,captured,2026-06-11 08:39:02,card
pay_43bfd931-3605-4f54-a021-c0ca3531968d,ORD00340,CUST0214,24176.73,captured,2026-07-03 09:24:26,card
pay_3d67cde9-2834-44c0-94c8-b3b4a911d192,ORD00341,CUST0063,22893.64,captured,2026-02-26 04:09:39,wallet
pay_2812859a-1337-439e-8d4f-5d272c7f0b79,ORD00342,CUST0099,9611.46,captured,2026-08-21 18:36:14,netbanking
pay_b07aa066-7354-45ea-a894-9b8d00af5b3a,ORD00343,CUST0131,37340.0,captured,2026-02-23 00:20:59,upi
pay_085b15fb-4a8f-4810-b84c-2f29980402a2,ORD00344,CUST0222,3583.52,captured,2026-06-11 03:32:37,card
pay_48603b32-b4fb-4eb9-89c1-3de73b4206c5,ORD00345,CUST0088,46718.99,captured,2026-07-17 04:27:29,upi
pay_1238d630-743b-45a2-9c0f-2fcfb3f6fe0d,ORD00346,CUST0069,41045.42,captured,2026-04-20 20:15:01,wallet
pay_43b9da13-ec85-4f37-bbc1-a987aff8754d,ORD00347,CUST0186,14997.94,captured,2026-08-16 22:39:21,card
pay_96fc734d-a003-4d28-8a8f-3653c9af18f8,ORD00348,CUST0149,49945.23,captured,2026-07-10 03:46:43,upi
pay_32a447b2-ef04-457d-8dcc-c33aa9434aa0,ORD00349,CUST0222,7514.91,captured,2026-07-29 03:56:05,card
pay_398d1ca6-8b68-40b5-9d61-fac36cd5e859,ORD00350,CUST0124,17321.68,captured,2026-08-03 08:14:35,upi
pay_44007d5a-e88d-4719-a624-2b40a5cb63a2,ORD00351,CUST0196,27217.16,captured,2026-06-26 20:07:09,netbanking
pay_0f44704f-1247-4a4e-a469-98e8d39e198b,ORD00352,CUST0239,16156.69,captured,2026-03-15 06:22:03,netbanking
pay_9854ce4e-4ebf-45c3-8ae9-b4a72a79ea68,ORD00353,CUST0179,12016.4,captured,2026-05-29 17:32:49,wallet
pay_ebd34616-91b7-4d8e-9301-6989bfbbb17f,ORD00354,CUST0060,42815.05,captured,2026-06-09 12:42:05,card
pay_77fc9703-1fd5-4423-b06c-5c5649e2623d,ORD00355,CUST0012,15977.0,captured,2026-07-03 16:27:29,upi
pay_670acc5c-b321-4f21-8dd8-eb85b04d3376,ORD00356,CUST0181,45680.17,captured,2026-05-29 01:19:54,wallet
pay_8a3c3b5e-801e-41da-85b1-ed25f1533ae8,ORD00357,CUST0099,49421.86,captured,2026-03-01 01:43:27,netbanking
pay_9918ee46-1497-4658-b010-f7197e695d0d,ORD00358,CUST0127,48244.74,captured,2026-02-19 00:42:01,netbanking
pay_bc0a6a5d-6e99-4e3e-a3b1-37fc0a3450fc,ORD00359,CUST0129,48271.14,captured,2026-05-09 22:24:53,wallet
pay_069f14f1-4018-4c6e-9a8c-fa3c5283aac7,ORD00360,CUST0223,5108.19,captured,2026-06-20 23:57:04,card
pay_ac9ed156-f63f-4e41-ba9a-ca5e176132ed,ORD00361,CUST0026,26344.96,captured,2026-06-27 10:52:42,upi
pay_964db03f-9340-4fad-9c4a-d56bd6016237,ORD00362,CUST0004,36149.95,captured,2026-06-09 05:16:39,netbanking
pay_c3c75611-ffe3-4a49-854f-92fff366bad4,ORD00363,CUST0223,32773.59,captured,2026-03-01 22:45:03,wallet
pay_9384ec2b-44fe-4cae-9248-a9a7ac1aa554,ORD00364,CUST0020,23527.58,captured,2026-04-13 22:11:28,netbanking
pay_2cd94cbb-c19a-458c-835b-1c8c0a4c9f7f,ORD00365,CUST0087,31200.64,captured,2026-06-04 08:48:47,netbanking
pay_7135f221-a6c9-437f-84da-d06a7872bdeb,ORD00366,CUST0167,4107.73,captured,2026-05-08 14:27:11,upi
pay_ff37d19c-2e76-428b-8735-44f9ea83bf00,ORD00367,CUST0219,33750.44,captured,2026-07-27 05:43:13,card
pay_d0725b5c-a281-4044-af96-288295d82980,ORD00368,CUST0098,47711.57,captured,2026-07-09 12:00:00,card
pay_785299f4-175b-498d-b814-01027de1bdfe,ORD00369,CUST0224,27096.7,captured,2026-08-28 19:08:21,upi
pay_5230dfbd-5553-42fe-a889-803e5913f9d3,ORD00370,CUST0018,11815.04,captured,2026-04-22 14:33:59,wallet
pay_292bd156-db94-4570-9ac7-0ec0ab8ddeb4,ORD00371,CUST0059,37363.64,captured,2026-06-18 12:54:26,wallet
pay_7ed70ed7-b194-490b-a961-929e546e035a,ORD00372,CUST0026,38042.45,captured,2026-02-09 00:47:43,card
pay_668409e3-f1f8-443e-a99f-131849c8a43f,ORD00373,CUST0114,8401.6,captured,2026-04-27 07:13:34,netbanking
pay_0964fbbf-8cd3-41b0-82b0-1cfdd045dd1c,ORD00374,CUST0232,1544.47,captured,2026-05-06 23:23:27,netbanking
pay_409d3602-5084-4242-968b-1625746f7891,ORD00375,CUST0204,2900.35,captured,2026-05-20 05:07:13,wallet
pay_c5c5b37a-f85e-46a1-9dad-09b252c21221,ORD00376,CUST0096,21591.27,captured,2026-04-05 20:05:06,upi
pay_d32e6dcd-83bc-4478-9d6a-c7b86778043b,ORD00377,CUST0136,20661.38,captured,2026-03-11 22:15:06,netbanking
pay_de8ede0b-a85c-4e4a-804b-6fabfcf56188,ORD00378,CUST0044,8835.96,captured,2026-08-25 16:52:30,wallet
pay_0de051a6-69ca-47d2-b644-14fd8ae769ed,ORD00379,CUST0223,19188.96,captured,2026-04-04 12:41:46,upi
pay_9f64eeed-5c9d-427d-84b8-71bb300568d2,ORD00380,CUST0128,45650.17,captured,2026-02-25 13:57:13,card
pay_71299889-a01a-4992-bf9d-3e64c1a6423b,ORD00381,CUST0060,23111.38,captured,2026-04-09 15:14:25,upi
pay_445dcc38-341c-4494-8d36-6dfcc28ebd70,ORD00382,CUST0118,12840.8,captured,2026-01-04 15:35:25,card
pay_49bc473f-ed7b-4656-a18a-15368c99a894,ORD00383,CUST0231,40251.19,captured,2026-04-22 16:55:17,wallet
pay_7c16128d-b2c0-4394-a17f-29e170286046,ORD00384,CUST0174,27375.25,captured,2026-01-29 16:26:34,upi
pay_a14923c2-f920-464c-8763-fcd01f15c7b6,ORD00385,CUST0114,47267.26,captured,2026-08-17 04:33:54,wallet
pay_b5b453ca-3d42-493c-8c9f-d3349bdf0377,ORD00386,CUST0077,31983.04,captured,2026-06-14 18:50:45,card
pay_03802b70-8d03-491e-8f8d-5238288b78b5,ORD00387,CUST0177,12579.9,captured,2026-04-28 07:58:41,netbanking
pay_3985fb62-17dc-4eff-a872-13f98d605936,ORD00388,CUST0051,49968.74,captured,2026-07-07 15:49:32,netbanking
pay_1d0bc9bd-e9b5-45cf-9766-5cdafe049059,ORD00389,CUST0028,11936.56,captured,2026-08-11 02:42:21,card
pay_a5d04d53-1e12-42e3-b272-92b6762172ed,ORD00390,CUST0092,28783.12,captured,2026-04-25 15:45:00,netbanking
pay_eec259dc-7f95-497c-a76a-a6ced50755d9,ORD00391,CUST0006,48899.43,captured,2026-06-03 17:10:36,netbanking
pay_b495db4e-8245-4fb4-8ab7-706eb77350ca,ORD00392,CUST0071,504.09,captured,2026-01-20 01:07:31,upi
pay_7b85179a-d5b0-47e0-aa5d-932b45ff2c83,ORD00393,CUST0234,30359.68,captured,2026-07-12 21:50:01,upi
pay_74eff545-3e65-4603-b8e3-654bfaf14ff0,ORD00394,CUST0214,45217.35,captured,2026-04-22 03:31:22,netbanking
pay_30cbd755-6232-417a-a507-41818d1fb540,ORD00395,CUST0199,39963.12,captured,2026-08-24 18:15:21,upi
pay_bf0d073d-821c-4336-9970-cf60ebff8d15,ORD00396,CUST0206,17680.82,captured,2026-03-15 20:09:30,card
pay_11df12d7-dd30-4e89-a2f2-35f2e11b868d,ORD00397,CUST0159,12606.28,captured,2026-02-23 02:52:29,upi
pay_dabac50d-ca3d-4859-85ce-099c46b82659,ORD00398,CUST0161,4948.48,captured,2026-01-16 07:26:42,upi
pay_c9a7d91f-ef2a-4713-9702-10496a39aaa6,ORD00399,CUST0080,39451.66,captured,2026-01-13 22:58:47,upi
pay_00a81de9-d20f-47d0-8465-6d6b81fb18b3,ORD00400,CUST0149,18306.58,captured,2026-02-21 00:50:48,wallet
pay_d664d264-4c6e-47ff-b9de-7a3a486822b9,ORD00401,CUST0024,45490.43,captured,2026-05-07 21:14:34,card
pay_a8f1e091-ffb8-402d-9475-dbc996418ced,ORD00402,CUST0192,20833.6,captured,2026-03-19 23:32:35,netbanking
pay_7250ee18-260a-4962-9d81-b7f57d5911c6,ORD00403,CUST0034,39346.99,captured,2026-05-23 02:02:21,netbanking
pay_551ac8ea-585a-4afa-bbfd-cc1289e06ab3,ORD00404,CUST0136,25139.56,captured,2026-04-16 20:08:20,wallet
pay_6090d697-8b1e-4b9d-834b-9fbb8d4a75b8,ORD00405,CUST0213,8310.77,captured,2026-07-07 03:08:50,upi
pay_de9e3757-5260-401e-aecf-67d2749176f4,ORD00406,CUST0248,40343.78,captured,2026-05-12 13:03:17,card
pay_3d225c30-b28f-41de-bb14-0bc3304b8590,ORD00407,CUST0206,5846.97,captured,2026-01-30 05:50:27,card
pay_db23aa8c-3bca-4f85-a20a-60ac9261549d,ORD00408,CUST0037,37732.16,captured,2026-03-29 14:52:52,netbanking
pay_517400f8-0b2c-482a-a928-8e92c68a152f,ORD00409,CUST0221,33848.55,captured,2026-06-04 08:08:36,wallet
pay_e9d68f23-b489-4070-b914-f8a8bea4ff31,ORD00410,CUST0248,42302.65,captured,2026-08-05 10:31:48,wallet
pay_fd08b32c-62d6-4e93-a198-5d54cfb87e6f,ORD00411,CUST0094,4606.11,captured,2026-06-03 05:42:05,wallet
pay_a6eab79e-d21c-42f8-8ada-4f80a9e782d4,ORD00412,CUST0004,13296.48,captured,2026-02-17 23:55:49,wallet
pay_f6febc0e-7ecd-4baf-a6f0-5fcffb16e5db,ORD00413,CUST0117,18492.42,captured,2026-04-12 19:31:17,card
pay_f72169bb-8096-4718-a051-acef097a1e10,ORD00414,CUST0150,19113.17,captured,2026-05-25 06:23:07,upi
pay_19b17e80-dea4-4e17-94fd-9ad39716108e,ORD00415,CUST0028,33774.34,captured,2026-07-03 02:28:58,netbanking
pay_1986b4b2-70b7-4868-9854-80f0dfcaf0b7,ORD00416,CUST0007,31015.39,captured,2026-08-07 00:41:45,card
pay_03edd1f8-74f9-4d17-a912-b4bf86a4bae4,ORD00417,CUST0084,45771.27,captured,2026-03-27 23:17:30,wallet
pay_def57689-68f4-4bce-a4e7-5e8eb8f21423,ORD00418,CUST0166,3254.53,captured,2026-06-30 07:17:13,wallet
pay_1327f1bc-2784-478f-b84f-16b3a79fbfaf,ORD00419,CUST0233,35083.75,captured,2026-06-08 13:35:35,netbanking
pay_43d88870-f81d-4aa1-8812-0a8e78308930,ORD00420,CUST0030,7074.87,captured,2026-01-15 10:50:31,upi
pay_65c17795-b155-46bc-9f8d-ed9756abf2f1,ORD00421,CUST0078,49796.78,captured,2026-02-15 02:19:16,upi
pay_541cdfcd-da0d-4a5f-948f-8b74a65bb1f2,ORD00422,CUST0025,11816.52,captured,2026-07-28 18:17:51,upi
pay_889b78d5-dbfd-497e-aca2-b148da330aa1,ORD00423,CUST0035,19493.43,captured,2026-05-25 02:04:40,wallet
pay_a075e927-5110-4492-b442-7e0b61484bb3,ORD00424,CUST0172,47474.1,captured,2026-07-29 18:57:32,card
pay_7cea2045-c268-483e-a32f-2e63b7fddd71,ORD00425,CUST0108,29408.28,captured,2026-03-02 00:15:28,card
pay_9e11d2cd-0930-4ef6-8a80-068ddf547e50,ORD00426,CUST0227,20802.74,captured,2026-02-08 10:56:54,upi
pay_af34cf65-a193-44b2-bc19-e71d118405ad,ORD00427,CUST0214,24518.42,captured,2026-06-08 11:54:56,netbanking
pay_3a3c8a71-ff57-4e2b-8991-ab9bebc2026f,ORD00428,CUST0241,47580.92,captured,2026-01-13 16:56:16,upi
pay_fa745761-6f18-4108-9723-199dbf2c14a0,ORD00429,CUST0177,18589.44,captured,2026-06-22 04:37:47,upi
pay_b4323070-a23d-4c2f-82a7-96891933918c,ORD00430,CUST0114,47532.7,captured,2026-05-21 20:28:44,netbanking
pay_2a96e1e2-7194-4ae2-99ba-d7aedf615a5c,ORD00431,CUST0026,49048.29,captured,2026-05-23 15:48:35,upi
pay_0769165f-e746-4cb9-8ca9-cf07b1aa0f6a,ORD00432,CUST0140,45094.64,captured,2026-05-20 07:04:57,netbanking
pay_0e5dd462-cbd0-4ef2-930a-37df0bc61066,ORD00433,CUST0016,19967.17,captured,2026-03-15 17:08:38,netbanking
pay_6e417d47-5ff5-45ea-9bc4-40f14b1a269b,ORD00434,CUST0248,6195.77,captured,2026-06-26 14:16:23,card
pay_697c3923-87fa-441a-be83-b91f25440fe0,ORD00435,CUST0024,33172.16,captured,2026-08-20 21:48:13,netbanking
pay_2e183554-cae2-4e66-ae8a-781390e0a95b,ORD00436,CUST0249,1165.74,captured,2026-05-10 12:31:50,upi
pay_9c07a751-1437-4509-acd1-586a2b840c67,ORD00437,CUST0063,49442.16,captured,2026-08-08 06:14:53,netbanking
pay_aee1e86b-9ea5-46aa-a1ee-6c5bdeef580f,ORD00438,CUST0053,3523.65,captured,2026-08-04 05:35:27,upi
pay_9549c931-e9af-499d-bf67-1eec3da70577,ORD00439,CUST0054,29360.52,captured,2026-04-01 11:42:18,netbanking
pay_a34db7c5-760d-4bbb-bb70-b3a124a35cf2,ORD00440,CUST0085,38740.99,captured,2026-08-20 10:57:05,card
pay_aab612c9-415d-474a-b5a6-69814104a8b5,ORD00441,CUST0001,13936.01,captured,2026-02-26 04:35:22,upi
pay_771ad655-cdfc-4ee0-a61e-de900267deb3,ORD00442,CUST0034,27056.75,captured,2026-03-09 18:25:51,upi
pay_8beddb12-ad77-482f-89a2-3a89e6b5a92c,ORD00443,CUST0029,33086.78,captured,2026-01-11 00:17:18,upi
pay_f1faf665-7115-43f3-92e8-9d1028711733,ORD00444,CUST0034,841.53,captured,2026-04-03 09:40:59,netbanking
pay_4c955f6a-966b-4964-bcd6-bdca5876fd09,ORD00445,CUST0151,16256.2,captured,2026-03-09 16:05:32,card
pay_b0b862ef-6c9f-42b9-b647-8986a3917c99,ORD00446,CUST0068,2714.71,captured,2026-06-13 11:38:12,card
pay_4d57d880-d865-469a-b4f3-310340066ff2,ORD00447,CUST0135,5771.1,captured,2026-01-25 16:24:13,card
pay_da743152-627b-41a1-bfd6-f23232ffe294,ORD00448,CUST0122,22468.93,captured,2026-05-21 14:26:52,card
pay_61a11729-3cb9-4350-9b4d-a0fe7bb38605,ORD00449,CUST0132,29723.93,captured,2026-06-25 12:59:45,netbanking
pay_4bbe4aff-9326-4ffd-9be4-bf5192698698,ORD00450,CUST0129,11155.33,captured,2026-08-27 21:12:40,upi
pay_059dd55d-4b94-4e30-b303-f438fe2110d0,ORD00451,CUST0012,36389.43,captured,2026-07-22 12:16:39,wallet
pay_6553867d-a881-4fd3-947d-577bfa5a91ca,ORD00452,CUST0078,22956.32,captured,2026-01-13 02:20:42,card
pay_dd750e98-90e0-495f-8212-b554464458b4,ORD00453,CUST0016,49929.48,captured,2026-06-05 23:20:38,wallet
pay_f93e08d5-bea2-4dfe-873f-6e1baf908e3c,ORD00454,CUST0110,34336.27,captured,2026-07-10 09:38:12,netbanking
pay_bec39a37-9b3d-44bd-a91e-314e0c8e29e3,ORD00455,CUST0183,45494.07,captured,2026-01-29 12:58:59,netbanking
pay_e726be23-e776-4886-9534-ee1d7f2984f5,ORD00456,CUST0231,4131.44,captured,2026-08-25 05:44:34,wallet
pay_3ae909fe-cc82-48da-8696-f5e64944051b,ORD00457,CUST0038,3377.54,captured,2026-04-17 19:20:05,upi
pay_3810ae66-5a31-44cc-8d4b-69a99b689c88,ORD00458,CUST0160,31690.53,captured,2026-08-01 23:03:08,wallet
pay_402913ec-9ef2-493e-b0ac-7d7ba2f963a3,ORD00459,CUST0183,16326.75,captured,2026-08-21 00:05:44,netbanking
pay_c478f6f1-b88e-4318-816d-83edad81f8bd,ORD00460,CUST0136,14815.4,captured,2026-07-16 08:04:39,wallet
pay_2303f6c6-d69d-42f1-ae4c-84ffa8c01f05,ORD00461,CUST0155,21566.95,captured,2026-02-14 10:24:59,card
pay_a0a11839-e745-4704-98df-bc3ca0d4de3d,ORD00462,CUST0219,32770.18,captured,2026-08-03 02:49:00,card
pay_c9e26074-4f16-49a0-8a17-991ea5769411,ORD00463,CUST0185,43288.07,captured,2026-06-17 00:32:32,upi
pay_5d678bb1-945e-42e4-888a-93ec70d9c9f8,ORD00464,CUST0116,44415.74,captured,2026-06-10 17:01:19,wallet
pay_e8dd5e5a-1712-4b16-a1a4-344fbb7bee03,ORD00465,CUST0087,41388.22,captured,2026-06-04 20:26:04,wallet
pay_6a5e6920-bf5a-47e6-93a3-dd5a4b8c5bdc,ORD00466,CUST0107,36507.66,captured,2026-05-02 09:09:42,wallet
pay_c958e75e-21d5-4971-b367-49b52cf6bf75,ORD00467,CUST0110,15694.93,captured,2026-04-09 23:44:42,wallet
pay_5da8d6d2-f8b3-4a8b-a05f-b8bc8a16a06c,ORD00468,CUST0096,47684.27,captured,2026-07-04 04:29:49,upi
pay_45c45a3e-e9da-484a-8075-9f1f87e5f0fe,ORD00469,CUST0018,4652.12,captured,2026-02-03 03:39:12,netbanking
pay_e9ff1cae-41c8-4a8c-aa1f-955ad499da99,ORD00470,CUST0024,21650.64,captured,2026-05-25 17:19:13,upi
pay_f7a67b94-7b5a-411a-b1b6-4afed31edf1a,ORD00471,CUST0208,6592.76,captured,2026-01-24 07:03:47,netbanking
pay_ded255d0-bf1e-4366-8b8e-63d4ce7607ad,ORD00472,CUST0151,47835.57,captured,2026-08-07 03:16:06,netbanking
pay_77e490c7-1d7b-4313-8de2-2f1c56b60afc,ORD00473,CUST0085,33533.66,captured,2026-06-09 13:00:50,netbanking
pay_c1101266-2408-46dc-9346-d1a9f6802cdb,ORD00474,CUST0091,43693.01,captured,2026-06-14 06:03:25,wallet
pay_ad238d36-dc32-4c97-b9c1-e262f76c8ede,ORD00475,CUST0223,45800.6,captured,2026-01-20 23:30:43,upi
pay_65bcc272-fadd-4ea3-aca5-e2fdb966442a,ORD00476,CUST0248,14452.71,captured,2026-05-02 08:14:05,netbanking
pay_8eac0a33-cdf9-44a7-9882-b5c1f79efd70,ORD00477,CUST0091,5269.67,captured,2026-07-17 01:25:39,card
pay_6502d6a2-ca6a-4224-971e-16cc5da36f1b,ORD00478,CUST0055,7821.04,captured,2026-07-07 06:19:51,netbanking
pay_1fa382e8-895c-4d99-83b3-8eb403902c5d,ORD00479,CUST0058,42379.01,captured,2026-05-16 23:17:56,upi
pay_bfbf397b-ac3e-4b0d-9e5b-a13d746cdb77,ORD00480,CUST0217,27857.65,captured,2026-02-14 14:48:31,wallet
pay_618ae305-95a5-4afa-831d-029fac1e86d8,ORD00481,CUST0196,14000.55,captured,2026-03-29 19:57:19,card
pay_5f18e583-f0b6-483f-a377-f6f1d289f0ab,ORD00482,CUST0207,21512.71,captured,2026-08-06 20:34:45,netbanking
pay_78b2b549-3bdb-409e-acc2-16a01bbc91f7,ORD00483,CUST0250,38394.88,captured,2026-08-30 10:53:09,wallet
pay_f1738856-e25d-46eb-9e9a-9f83066803ee,ORD00484,CUST0158,33781.34,captured,2026-08-05 05:11:26,upi
pay_9c2e58de-ea4e-4617-93f8-382b8fb864e4,ORD00485,CUST0007,30488.85,captured,2026-04-14 20:47:36,upi
pay_a2a9d4d8-102e-4de5-a5cc-8bf738ab854c,ORD00486,CUST0008,9102.76,captured,2026-04-30 23:56:45,card
pay_b379cb1e-e8cd-40cc-b6da-3ca0d2e82f38,ORD00487,CUST0236,17057.25,captured,2026-01-03 08:54:36,card
pay_1dde7969-6886-43db-a634-8e784d5c55c7,ORD00488,CUST0047,43506.15,captured,2026-08-08 22:29:42,netbanking
pay_0986bbeb-f23e-423d-8b9b-d93423c86d30,ORD00489,CUST0169,20099.14,captured,2026-02-25 02:22:03,wallet
pay_1dba1267-7e1c-45a1-bef5-18a64dead645,ORD00490,CUST0190,31695.28,captured,2026-01-12 21:44:41,wallet
pay_899ca782-e323-4d1a-bc1b-dacc18e19331,ORD00491,CUST0024,37330.98,captured,2026-03-25 13:11:01,upi
pay_5efa9c5b-7421-4f46-a37e-4b0122bae10e,ORD00492,CUST0097,21049.64,captured,2026-05-13 09:22:51,upi
pay_b24cc64f-be3e-4e57-b30a-9e32aba4fc03,ORD00493,CUST0041,18565.65,captured,2026-05-06 23:28:03,netbanking
pay_965befdf-6b4b-4411-8a4a-0e2df22b5b98,ORD00494,CUST0199,47076.23,captured,2026-08-20 13:12:30,netbanking
pay_e2aa7a5d-278e-400d-ba02-66efbe055787,ORD00495,CUST0022,44178.78,captured,2026-03-02 10:06:35,upi
pay_d56ce8ea-1959-4b5a-a7a8-f6366a35df59,ORD00496,CUST0041,37746.35,captured,2026-01-20 07:49:12,upi
pay_f065c817-687a-4850-9d9b-62317d45d8ef,ORD00497,CUST0173,4170.92,captured,2026-06-22 02:06:44,wallet
pay_b0b63bcf-0860-4833-879d-0cdaf396ea37,ORD00498,CUST0170,21258.34,captured,2026-08-24 18:21:30,wallet
pay_71d79665-7181-4dcf-b79e-fc6e5edb0d3c,ORD00499,CUST0114,20767.77,captured,2026-03-25 17:14:54,wallet
pay_5cd8fe1a-dafe-48a9-bc71-e0bef3579560,ORD00500,CUST0194,25666.08,captured,2026-05-15 01:14:39,netbanking
