payment_id,order_id,settlement_id,status,exception_type,payment_amount,settlement_amount,difference_amount,confidence,explanation
pay_bdd640fb-0667-4ad1-9c80-317fa3b1799d,ORD00001,SET_5e09a9ee-af88-4dec-bb1e-143b196f4dfa,MATCHED,none,5655.42,5655.42,0.0,1.0,"Payment, order, and settlement records successfully reconciled."
pay_23b8c1e9-3924-46de-beb1-3b9046685257,ORD00002,SET_a5135ea0-fa53-434d-a6d5-901d8b621d41,MATCHED,none,11238.22,11238.22,0.0,1.0,"Payment, order, and settlement records successfully reconciled."
pay_bd9c66b3-ad3c-4d6d-9a3d-1fa7bc8960a9,ORD00003,SET_46a02a9b-65ec-4acd-8f80-35f55bd20c98,MATCHED,none,37059.32,37059.32,0.0,1.0,"Payment, order, and settlement records successfully reconciled."
pay_972a8469-1641-4f82-8b9d-2434e465e150,ORD00004,SET_f2f25eef-1f45-4bfd-b7dc-67e030974b2b,MATCHED,none,29565.58,29565.58,0.0,1.0,"Payment, order, and settlement records successfully reconciled."
pay_17fc695a-07a0-4a6e-8822-e8f36c031199,ORD00005,SET_1777e8cb-7468-4b98-92fe-2fded918b3e5,MATCHED,none,4775.39,4775.39,0.0,1.0,"Payment, order, and settlement records successfully reconciled."
pay_9a1de644-815e-46d1-bb8f-aa1837f8a88b,ORD00006,SET_a3b5cece-a446-4e72-b64c-911aa9ab364a,MATCHED,none,30140.73,30140.73,0.0,1.0,"Payment, order, and settlement records successfully reconciled."
pay_b74d0fb1-32e7-4629-8fad-c1a606cb0fb3,ORD00007,"SET_0cf2b69b-0577-4ea9-b899-924698de8ebb, SET_d4bf7a4b-25b8-442f-836b-15c7e7c225da",EXCEPTION,duplicate_settlement,35829.38,,,1.0,"Multiple settlements found: SET_0cf2b69b-0577-4ea9-b899-924698de8ebb, SET_d4bf7a4b-25b8-442f-836b-15c7e7c225da"
pay_6b65a6a4-8b81-48f6-b38a-088ca65ed389,ORD00008,,EXCEPTION,missing_settlement,11099.99,,,1.0,No settlement record was found for this payment.
pay_47378190-96da-4dac-b2ff-5d2a386ecbe0,ORD00009,SET_b5a5f8e6-b639-4f04-a852-4385d9f2dd0d,EXCEPTION,amount_mismatch,40490.58,26753.34,13737.24,1.0,Payment amount and settlement gross amount do not match.
pay_c241330b-01a9-471f-9e8a-774bcf36d58b,ORD00010,,EXCEPTION,missing_settlement,40310.38,,,1.0,No settlement record was found for this payment.
pay_6c307511-b2b9-437a-a8df-6ec4ce4a2bbd,ORD00011,SET_d0243d72-3748-467f-961d-33ba350843f0,MATCHED,none,13965.78,13965.78,0.0,1.0,"Payment, order, and settlement records successfully reconciled."
pay_371ecd7b-27cd-4130-8722-9389571aa876,ORD00012,SET_c63d04ee-541c-4a86-bba5-cd2fdea45c19,MATCHED,none,38198.36,38198.36,0.0,1.0,"Payment, order, and settlement records successfully reconciled."
pay_1a2a73ed-562b-4f79-8374-59eef50bea63,ORD00013,SET_989240ac-e689-43a9-89e4-8e8c25c61c45,MATCHED,none,19058.37,19058.37,0.0,1.0,"Payment, order, and settlement records successfully reconciled."
pay_5be6128e-18c2-4797-a142-ea7d17be3111,ORD00014,SET_fbe94499-dbc0-40fd-86fb-7bf300b9d4a3,MATCHED,none,17263.39,17263.39,0.0,1.0,"Payment, order, and settlement records successfully reconciled."
pay_43b7a3a6-9a8d-4a03-980d-7b71d8f56413,ORD00015,SET_8a4b8f7c-2147-4a15-bcce-96f6250a4578,MATCHED,none,2268.18,2268.18,0.0,1.0,"Payment, order, and settlement records successfully reconciled."
pay_759cde66-bacf-43d0-8b1f-9163ce9ff57f,ORD00016,SET_1c24220e-2cab-47e7-8c6b-66e5402adf9c,MATCHED,none,6328.83,6328.83,0.0,1.0,"Payment, order, and settlement records successfully reconciled."
pay_ec1b8ca1-f91e-4d4c-9ff4-9b7889463e85,ORD00017,SET_21bddb41-0699-4731-9dcf-8766a93b12cd,MATCHED,none,27646.83,27646.83,0.0,1.0,"Payment, order, and settlement records successfully reconciled."
pay_4b0dbb41-8d52-48f1-942c-3fe860e7a113,ORD00018,SET_c9d6a63b-ca3c-4f5f-9bb5-c40c03cde2e3,MATCHED,none,43099.17,43099.17,0.0,1.0,"Payment, order, and settlement records successfully reconciled."
pay_e2acf72f-9e57-4f7a-a0ee-89aed453dd32,ORD00019,"SET_040a3aae-52e2-4fd9-96bf-10ab3ce915e7, SET_DUP_8570b59f-a903-4e67-bc56-8b5324acb722",EXCEPTION,duplicate_settlement,35258.13,,,1.0,"Multiple settlements found: SET_040a3aae-52e2-4fd9-96bf-10ab3ce915e7, SET_DUP_8570b59f-a903-4e67-bc56-8b5324acb722"
pay_3139d32c-93cd-49bf-9c94-1cf0dc98d2c1,ORD00020,SET_20733f6d-0d6a-45b3-83ef-20162c9b662e,MATCHED,none,11472.12,11472.12,0.0,1.0,"Payment, order, and settlement records successfully reconciled."
pay_a9488d99-0bbb-4599-91ce-5dd2b45ed1f0,ORD00021,SET_1d181ee9-86ad-4a8c-abc4-123ebde13c1b,MATCHED,none,42780.35,42780.35,0.0,1.0,"Payment, order, and settlement records successfully reconciled."
pay_fc377a4c-4a15-444d-85e7-ce8a3a578a8e,ORD00022,SET_72c22a16-79eb-4168-9045-56e5bee3eb79,MATCHED,none,13970.88,13970.88,0.0,1.0,"Payment, order, and settlement records successfully reconciled."
pay_ddd1dfb2-3b98-4ef8-9af6-1a26146d3f31,ORD00023,SET_97fa7f04-8363-4007-9cae-9610c72c1fe3,MATCHED,none,18572.03,18572.03,0.0,1.0,"Payment, order, and settlement records successfully reconciled."
pay_7412b293-4729-4739-a14f-f3d719db3ad0,ORD00024,,EXCEPTION,missing_settlement,13422.19,,,1.0,No settlement record was found for this payment.
pay_29a3b2e9-5d65-4441-9588-42dea2bc372f,ORD00025,SET_ba2c98ce-0b19-488e-9d77-a45ef206c269,MATCHED,none,31785.42,31785.42,0.0,1.0,"Payment, order, and settlement records successfully reconciled."
pay_ab9099a4-35a2-40ae-9af3-05535ec42e08,ORD00026,SET_a8addf36-ddf2-45eb-a8a3-f341c8819065,MATCHED,none,12316.07,12316.07,0.0,1.0,"Payment, order, and settlement records successfully reconciled."
pay_aefcfad8-efc8-4849-b3aa-7efe4458a885,ORD00027,SET_a4b1f991-7542-4646-8d37-a539857dd3b3,MATCHED,none,13570.4,13570.4,0.0,1.0,"Payment, order, and settlement records successfully reconciled."
pay_a28defe3-9bf0-4273-9247-6f57a5e5a5ab,ORD00028,SET_ffa361be-0f92-40e1-87f9-7d05f6ca6b8b,MATCHED,none,34262.25,34262.25,0.0,1.0,"Payment, order, and settlement records successfully reconciled."
pay_3eabedcb-baa8-4dd4-88bd-64072bcfbe01,ORD00029,"SET_6d204496-66d0-4371-98e8-8ebb7a9e8eef, SET_f4d375c1-a293-49fa-b240-d7a14027ab7d",EXCEPTION,duplicate_settlement,41107.95,,,1.0,"Multiple settlements found: SET_6d204496-66d0-4371-98e8-8ebb7a9e8eef, SET_f4d375c1-a293-49fa-b240-d7a14027ab7d"
pay_451b4cf3-6123-4df7-b656-af7229d4beef,ORD00030,SET_b65feea9-7d82-4264-9ba3-62e7afa415e5,MATCHED,none,13460.27,13460.27,0.0,1.0,"Payment, order, and settlement records successfully reconciled."
pay_b02b61c4-a3d7-4628-ace6-6fa2fd5166e6,ORD00031,SET_e63658c9-12d0-498d-b18d-4d05e8e22743,MATCHED,none,47151.19,47151.19,0.0,1.0,"Payment, order, and settlement records successfully reconciled."
pay_5304317f-af42-412f-b838-b3268e944239,ORD00032,SET_25f934bf-9bb9-4155-9275-eb9414aeaf5c,MATCHED,none,32806.39,32806.39,0.0,1.0,"Payment, order, and settlement records successfully reconciled."
pay_0e51f30d-c6a7-4e39-84b0-32ccd7c524a5,ORD00033,"SET_9fd34579-4667-42ce-a04e-178c10d08d11, SET_DUP_46707cd6-4ced-4164-a9df-14e9389641dd",EXCEPTION,duplicate_settlement,45735.92,,,1.0,"Multiple settlements found: SET_9fd34579-4667-42ce-a04e-178c10d08d11, SET_DUP_46707cd6-4ced-4164-a9df-14e9389641dd"
pay_ce177b4e-0837-48a3-9261-a7ab3aa2e4f9,ORD00034,SET_b64fa54a-8c61-4654-95da-75c1a21150f9,MATCHED,none,13317.52,13317.52,0.0,1.0,"Payment, order, and settlement records successfully reconciled."
pay_10f1bc81-448a-4a9e-a6b2-bc5b50c187fc,ORD00035,SET_98eeac2b-fe9f-4caa-a182-f347533f5a72,MATCHED,none,28112.27,28112.27,0.0,1.0,"Payment, order, and settlement records successfully reconciled."
pay_9132b63e-f162-47e4-a9c3-49e03602f8ac,ORD00036,SET_816bcb9f-7426-4193-8b7e-6b3c87d292a6,MATCHED,none,29270.84,29270.84,0.0,1.0,"Payment, order, and settlement records successfully reconciled."
pay_366eb16f-508e-4ad7-b7c9-3acfe059a0ee,ORD00037,SET_cb08587d-1963-426d-ae21-8b099afd4015,MATCHED,none,18163.62,18163.62,0.0,1.0,"Payment, order, and settlement records successfully reconciled."
pay_e27a984d-6548-41d0-bfcd-9eb1a7cad415,ORD00038,SET_a79b44b6-da50-4fed-9d4a-3d81b3a7d0e0,MATCHED,none,24726.44,24726.44,0.0,1.0,"Payment, order, and settlement records successfully reconciled."
pay_24933b83-7577-40a9-a491-f0b2ea1fca65,ORD00039,SET_8d244e3e-c4da-4ddb-a0b1-5abaa6a27967,MATCHED,none,5571.49,5571.49,0.0,1.0,"Payment, order, and settlement records successfully reconciled."
pay_beb79919-3f22-4af8-a3be-d01d43cf2fde,ORD00040,SET_6e191042-370b-4063-9d90-e79eb888f6ed,MATCHED,none,34056.01,34056.01,0.0,1.0,"Payment, order, and settlement records successfully reconciled."
pay_bf3c4c06-4343-48bc-89fa-6a688fb5d27b,ORD00041,"SET_69efafb1-3a7e-4e14-a359-eee173991a47, SET_86cac6f4-e238-4e93-bd17-c5e8d5ca69ab",EXCEPTION,duplicate_settlement,19299.89,,,1.0,"Multiple settlements found: SET_69efafb1-3a7e-4e14-a359-eee173991a47, SET_86cac6f4-e238-4e93-bd17-c5e8d5ca69ab"
pay_956269f0-e5d7-4875-adad-d6c795a76d79,ORD00042,SET_66132e69-7418-4109-93d1-bf0f56c438e4,MATCHED,none,26502.81,26502.81,0.0,1.0,"Payment, order, and settlement records successfully reconciled."
pay_ff50bde4-3825-47b8-9cab-cc97663f1c97,ORD00043,SET_50032b35-1857-4baf-bac7-e2b96a7e4c36,MATCHED,none,47127.3,47127.3,0.0,1.0,"Payment, order, and settlement records successfully reconciled."
pay_7e570ddf-8270-40a8-a369-b584ff5e9ff0,ORD00044,SET_4140752c-aa44-4259-9001-8b7b6d4067f4,MATCHED,none,44250.94,44250.94,0.0,1.0,"Payment, order, and settlement records successfully reconciled."
pay_dc713d96-0c0f-4195-817a-f08a1745d6d8,ORD00045,SET_afd380c4-2713-482c-b41e-a3ac5fd23109,MATCHED,none,32083.99,32083.99,0.0,1.0,"Payment, order, and settlement records successfully reconciled."
pay_28f49481-a0a0-4dc4-a720-9bdf1c11f735,ORD00046,,EXCEPTION,missing_settlement,21794.79,,,1.0,No settlement record was found for this payment.
pay_98ae4334-6c12-4ce8-ae34-0454cac5b68c,ORD00047,"SET_6e8f75a1-17dd-4d81-95da-705cd4ef00aa, SET_DUP_97777f10-f2d2-493f-8e85-140d0f9aeb70",EXCEPTION,duplicate_settlement,47695.41,,,1.0,"Multiple settlements found: SET_6e8f75a1-17dd-4d81-95da-705cd4ef00aa, SET_DUP_97777f10-f2d2-493f-8e85-140d0f9aeb70"
pay_988c24c9-61b1-4d22-a280-1c4510435a10,ORD00048,SET_5f65c8ce-bd21-4c11-be9d-61ee18b87245,MATCHED,none,25079.25,25079.25,0.0,1.0,"Payment, order, and settlement records successfully reconciled."
pay_405cacec-8774-49a9-b7d2-1e02ff01cf99,ORD00049,SET_0f5ae9d3-8e6e-4003-a14f-3f12cfd01cbd,MATCHED,none,45640.13,45640.13,0.0,1.0,"Payment, order, and settlement records successfully reconciled."
pay_f143262f-dc5c-4eed-8da0-365bf89897b9,ORD00050,"SET_8fca7b6a-8fc4-4092-b4e5-59e596229348, SET_DUP_2cd58759-e95d-4761-bc36-dc59e134edfc",EXCEPTION,duplicate_settlement,31983.58,,,1.0,"Multiple settlements found: SET_8fca7b6a-8fc4-4092-b4e5-59e596229348, SET_DUP_2cd58759-e95d-4761-bc36-dc59e134edfc"
pay_1d53434b-b881-49b9-ae27-0da702f06b90,ORD00051,,EXCEPTION,missing_settlement,7726.68,,,1.0,No settlement record was found for this payment.
pay_c0398710-8976-4334-a281-7efdae849217,ORD00052,SET_f0ede303-aa53-419c-9fa4-bb9f5a856750,MATCHED,none,47679.64,47679.64,0.0,1.0,"Payment, order, and settlement records successfully reconciled."
pay_5715bd6f-a416-4293-84c2-e2e3444ea7c8,ORD00053,SET_ea74bb18-de3b-496f-ac45-96f6c012a0ff,MATCHED,none,128.54,128.54,0.0,1.0,"Payment, order, and settlement records successfully reconciled."
pay_287d06ca-6f4c-469a-8b22-d3081c8eaee9,ORD00054,SET_49a214ae-f7e8-48e5-8d2b-91efb8976ec5,MATCHED,none,1071.89,1071.89,0.0,1.0,"Payment, order, and settlement records successfully reconciled."
pay_b8db0672-f42d-47cc-80d4-af5974273ca3,ORD00055,SET_1a85910d-5a05-4c11-8ffc-a6b199b479d4,MATCHED,none,49267.54,49267.54,0.0,1.0,"Payment, order, and settlement records successfully reconciled."
pay_f8cda88b-436d-46e2-b83c-fe0be037e5ed,ORD00056,SET_279c658a-3676-4ce5-81e5-c9f693f277cc,MATCHED,none,2990.47,2990.47,0.0,1.0,"Payment, order, and settlement records successfully reconciled."
pay_81f76d1c-2dbc-4134-830f-f46e8026695f,ORD00057,SET_d8e7012f-3968-4c81-bb70-c3b8a81fdec3,EXCEPTION,settlement_delay,4029.98,4029.98,0.0,1.0,Settlement occurred 10 days after payment.
pay_a013ac6e-deda-4e16-9b3d-bd5ce9a1fa6f,ORD00058,SET_8e676a01-d86a-4460-99a1-120e1bb43332,MATCHED,none,3553.7,3553.7,0.0,1.0,"Payment, order, and settlement records successfully reconciled."
pay_81f631d4-a392-41a7-9777-a4774c66e0a8,ORD00059,SET_47503f1d-c33a-4f6c-9d69-1fba5e187b24,MATCHED,none,6375.45,6375.45,0.0,1.0,"Payment, order, and settlement records successfully reconciled."
pay_5fb8d16c-2720-497d-b2eb-d6899be578c7,ORD00060,"SET_6dda4f8d-cea6-4f4c-b9e5-8ff092f837d4, SET_DUP_8e4c3ab5-6d5d-4477-adc2-9178a0411612",EXCEPTION,duplicate_settlement,27535.2,,,1.0,"Multiple settlements found: SET_6dda4f8d-cea6-4f4c-b9e5-8ff092f837d4, SET_DUP_8e4c3ab5-6d5d-4477-adc2-9178a0411612"
pay_f4188f3f-8a14-4e62-a95b-4715c333e861,ORD00061,,EXCEPTION,missing_settlement,43634.41,,,1.0,No settlement record was found for this payment.
pay_eb2263dd-87c5-421e-ac24-a3c5c754108f,ORD00062,SET_accb461a-9d13-4363-9f29-4a8bd1846c39,MATCHED,none,10668.73,10668.73,0.0,1.0,"Payment, order, and settlement records successfully reconciled."
pay_7d154385-52fb-443b-9954-6eb400257ad1,ORD00063,SET_9be71737-06b8-4231-8e86-7f3ca487eeab,MATCHED,none,36523.56,36523.56,0.0,1.0,"Payment, order, and settlement records successfully reconciled."
pay_5cec4eb5-edd9-4831-9ca3-5cfb04fc6d82,ORD00064,SET_b18753e6-d457-4ad9-a867-a096edd877c8,MATCHED,none,15654.64,15654.64,0.0,1.0,"Payment, order, and settlement records successfully reconciled."
pay_ce88cb2d-d4e8-4839-bc3e-058be0f3eab0,ORD00065,SET_45f50c52-2e2f-4f77-8769-79d644777442,MATCHED,none,44990.74,44990.74,0.0,1.0,"Payment, order, and settlement records successfully reconciled."
pay_3da9c2a9-0ed4-4f1a-bd4c-bf374eb93eff,ORD00066,SET_ebe9e207-4f19-4ec0-832d-4526b3e4110a,MATCHED,none,12470.49,12470.49,0.0,1.0,"Payment, order, and settlement records successfully reconciled."
pay_14296c07-f26b-4776-913e-4de2e0c53cb8,ORD00067,SET_2e709838-0190-4620-99dc-abd056febfb9,MATCHED,none,1149.61,1149.61,0.0,1.0,"Payment, order, and settlement records successfully reconciled."
pay_d0e6e660-7c69-4ee1-bb5e-4bcf15ed6269,ORD00068,SET_a847bce7-90fa-4b57-a4ac-2130deaf528d,MATCHED,none,29463.16,29463.16,0.0,1.0,"Payment, order, and settlement records successfully reconciled."
pay_885f6e66-c2b6-42c5-ba5d-310011b7e948,ORD00069,SET_bdb025ff-2451-45a4-91d0-59b26699cd99,MATCHED,none,35421.26,35421.26,0.0,1.0,"Payment, order, and settlement records successfully reconciled."
pay_a8e56e0c-20de-435d-a031-d750c40db9b4,ORD00070,SET_177d6e7e-07d9-44ce-b8c8-8faea2178f84,MATCHED,none,3463.28,3463.28,0.0,1.0,"Payment, order, and settlement records successfully reconciled."
pay_2a45c2ab-8cbf-4db0-b264-accc79ac1b1e,ORD00071,"SET_604e46cb-3712-42d1-87cd-b6a1bf012e32, SET_a21b0307-82af-485c-938d-994c2b0abedd",EXCEPTION,duplicate_settlement,16588.38,,,1.0,"Multiple settlements found: SET_604e46cb-3712-42d1-87cd-b6a1bf012e32, SET_a21b0307-82af-485c-938d-994c2b0abedd"
pay_9b49bd26-df57-459a-8715-a10343dac043,ORD00072,SET_284bf962-5744-4596-b422-21676b7a2460,MATCHED,none,13996.02,13996.02,0.0,1.0,"Payment, order, and settlement records successfully reconciled."
pay_edcd465e-3638-4821-b6e0-7cc06c52c49f,ORD00073,SET_530ac1c7-b8ba-4368-8fc7-77685ebbcca5,MATCHED,none,27007.77,27007.77,0.0,1.0,"Payment, order, and settlement records successfully reconciled."
pay_b09b2a5c-badc-432a-8159-0f538a0f4efb,ORD00074,SET_98a21f1c-914d-4fae-b100-13a7c6deb2f0,MATCHED,none,23686.28,23686.28,0.0,1.0,"Payment, order, and settlement records successfully reconciled."
pay_66245bfa-4fcc-439a-b683-d2e6337ea2df,ORD00075,,EXCEPTION,missing_settlement,20412.29,,,1.0,No settlement record was found for this payment.
pay_5f987c71-a65e-488e-abf3-ad39fec21bbe,ORD00076,SET_0cbd3c03-9e2a-44ac-8122-b5b3284c03d2,MATCHED,none,32983.24,32983.24,0.0,1.0,"Payment, order, and settlement records successfully reconciled."
pay_7394988f-847f-49b4-a64d-1bcb702753a1,ORD00077,SET_716fda0a-45a8-4829-94e2-86e5ac8936bc,MATCHED,none,20614.0,20614.0,0.0,1.0,"Payment, order, and settlement records successfully reconciled."
pay_1064005c-3985-43cf-bf76-be1d1efa2197,ORD00078,SET_9b69554d-7c54-435f-ac8c-3b6aa974d079,MATCHED,none,32707.43,32707.43,0.0,1.0,"Payment, order, and settlement records successfully reconciled."
pay_8dcdcd03-969b-4662-8562-8059568cc69b,ORD00079,,EXCEPTION,missing_settlement,20190.8,,,1.0,No settlement record was found for this payment.
pay_01d74256-3860-4ab6-96a4-02f23ae8cc93,ORD00080,SET_585d3f86-1d23-44e6-8329-20b7c143f426,MATCHED,none,43097.46,43097.46,0.0,1.0,"Payment, order, and settlement records successfully reconciled."
pay_0f1259e0-a18f-46b6-b535-106e122c9a56,ORD00081,,EXCEPTION,missing_settlement,9591.42,,,1.0,No settlement record was found for this payment.
pay_080aadfb-e7c9-4b26-9141-25c63a9bedd4,ORD00082,SET_86e52753-7c93-46cc-97d7-a560adb14670,MATCHED,none,21151.89,21151.89,0.0,1.0,"Payment, order, and settlement records successfully reconciled."
pay_839fbc50-1223-4513-9496-f63cdc1110c1,ORD00083,SET_3873e57f-0ba0-48e8-8ef4-92c1aac93316,MATCHED,none,12565.34,12565.34,0.0,1.0,"Payment, order, and settlement records successfully reconciled."
pay_7c441fe7-ab42-40a7-874a-493b3ceddf2d,ORD00084,SET_0e0630cd-996d-4c50-bc04-a168652ffb49,MATCHED,none,40420.31,40420.31,0.0,1.0,"Payment, order, and settlement records successfully reconciled."
pay_b92da22b-21df-406f-8a0b-3c3336d8393a,ORD00085,SET_f200c261-4d29-41ab-b455-12f701f7c7ec,MATCHED,none,2624.36,2624.36,0.0,1.0,"Payment, order, and settlement records successfully reconciled."
pay_93829b43-922f-415a-a1e3-db63ef7ddc76,ORD00086,SET_c3a00c6f-2321-41e1-8471-04c036136e15,MATCHED,none,836.42,836.42,0.0,1.0,"Payment, order, and settlement records successfully reconciled."
pay_7914c120-c8dc-419f-be35-11287900f7f9,ORD00087,SET_1eb74b56-53ff-43a2-8a19-35014169b9fc,MATCHED,none,37702.92,37702.92,0.0,1.0,"Payment, order, and settlement records successfully reconciled."
pay_1825bc54-30be-445f-a835-14f2ceb81f9d,ORD00088,SET_6e3f683a-bf3c-4140-bf54-a51101fa964e,MATCHED,none,20380.06,20380.06,0.0,1.0,"Payment, order, and settlement records successfully reconciled."
pay_5ab33edf-6e59-4ed3-a8b3-17fa18d0752b,ORD00089,SET_88575117-6155-4667-a112-507c2cfa55b0,MATCHED,none,43246.05,43246.05,0.0,1.0,"Payment, order, and settlement records successfully reconciled."
pay_dd2467ac-778e-4db3-a93d-ffbc6c6fa611,ORD00090,SET_8f0881ee-8011-416b-bae8-8926b423ccde,MATCHED,none,19010.76,19010.76,0.0,1.0,"Payment, order, and settlement records successfully reconciled."
pay_a748dbcf-ac61-4e63-8dde-29a6baa4b71a,ORD00091,SET_5aaab32f-ce63-42b6-ab05-347fd556b37d,MATCHED,none,46333.25,46333.25,0.0,1.0,"Payment, order, and settlement records successfully reconciled."
pay_0f844fef-1931-49ee-a56c-0941fbf24050,ORD00092,SET_bdf66ba5-dc9c-46de-a5a6-74c212738a23,MATCHED,none,21208.07,21208.07,0.0,1.0,"Payment, order, and settlement records successfully reconciled."
pay_ccf3a171-56dc-4907-ba6c-34ab6712303a,ORD00093,,EXCEPTION,missing_settlement,35948.57,,,1.0,No settlement record was found for this payment.
pay_310c0c00-3fa7-4104-9bf9-0e27dc96925e,ORD00094,SET_5024bdc6-dcb3-4df3-93ee-cdc6ebd14d2c,MATCHED,none,14905.72,14905.72,0.0,1.0,"Payment, order, and settlement records successfully reconciled."
pay_23e2fcb4-72d8-467d-894a-05e430b187ef,ORD00095,"SET_67884209-92ca-425a-ade5-93329364f3d0, SET_9d66e815-5a41-43b3-a95f-176cdebac186",EXCEPTION,duplicate_settlement,36813.29,,,1.0,"Multiple settlements found: SET_67884209-92ca-425a-ade5-93329364f3d0, SET_9d66e815-5a41-43b3-a95f-176cdebac186"
pay_766ecb15-474e-4c19-aef9-12766c006f61,ORD00096,SET_4a1dab32-6aed-4dc7-a3e0-5309b5a1b949,MATCHED,none,15748.88,15748.88,0.0,1.0,"Payment, order, and settlement records successfully reconciled."
pay_134c6c92-ec5b-427c-9fde-4fbf3ff350bf,ORD00097,SET_f758dce2-0556-4aea-a7b0-32831d7c0098,MATCHED,none,23891.75,23891.75,0.0,1.0,"Payment, order, and settlement records successfully reconciled."
pay_db20a56e-dc81-4fe7-8eda-8bbb71710434,ORD00098,,EXCEPTION,missing_settlement,2938.29,,,1.0,No settlement record was found for this payment.
pay_a6f2f7b8-0cf3-4b58-9910-8be58ce21ea3,ORD00099,SET_b08a4895-d4ff-4666-b5c8-e90d9e3d750d,MATCHED,none,42581.99,42581.99,0.0,1.0,"Payment, order, and settlement records successfully reconciled."
pay_03c72ba8-d605-4770-8a63-f881ffd0f9d5,ORD00100,SET_6fcc57dd-168f-4e12-9ca2-60c9eb7607c9,MATCHED,none,3491.25,3491.25,0.0,1.0,"Payment, order, and settlement records successfully reconciled."
pay_c0e9ab30-ed26-42e9-97e0-11b7f8102383,ORD00101,SET_6f887f28-3e49-4d09-9b19-d8b8d8302081,MATCHED,none,6082.34,6082.34,0.0,1.0,"Payment, order, and settlement records successfully reconciled."
pay_680ac07a-2a93-4d62-bc83-5dc0d9441fa5,ORD00102,SET_1422373f-8622-48d1-a683-e10796c044d0,MATCHED,none,28988.06,28988.06,0.0,1.0,"Payment, order, and settlement records successfully reconciled."
pay_dd59ba71-36b8-4481-bb3a-4e3e7c52fa17,ORD00103,SET_beed10b6-4f6e-474b-9eda-b0276550f74a,MATCHED,none,4190.97,4190.97,0.0,1.0,"Payment, order, and settlement records successfully reconciled."
pay_2a25a888-0f02-4ad0-a706-7ef466aa9385,ORD00104,SET_c77444cb-5543-4c3c-b8b8-f24e56ea57b3,MATCHED,none,26186.86,26186.86,0.0,1.0,"Payment, order, and settlement records successfully reconciled."
pay_63f2ae24-fc3d-4348-808d-4127610461e3,ORD00105,,EXCEPTION,missing_settlement,33519.33,,,1.0,No settlement record was found for this payment.
pay_c8fe3ccd-c8b8-49c6-ad30-49cf43e458fc,ORD00106,SET_31a3ac4d-828c-47e7-87d5-b7be1d30d990,MATCHED,none,13354.16,13354.16,0.0,1.0,"Payment, order, and settlement records successfully reconciled."
pay_b253d218-6c4a-47ea-8906-17f2747b6dba,ORD00107,,EXCEPTION,missing_settlement,32310.49,,,1.0,No settlement record was found for this payment.
pay_c88a618e-fed4-457d-bb02-6576f512c4c3,ORD00108,SET_a53bc024-d1a6-4d87-b54e-2019ba35844e,MATCHED,none,46458.01,46458.01,0.0,1.0,"Payment, order, and settlement records successfully reconciled."
pay_7c967f79-b7e9-4aca-a970-65e18e46d534,ORD00109,,EXCEPTION,missing_settlement,22968.45,,,1.0,No settlement record was found for this payment.
pay_37bb3eec-4bf5-4b52-b09d-258c27a0c3d7,ORD00110,SET_2c6a6e9a-3280-47a1-8187-222b257d5e52,MATCHED,none,3755.71,3755.71,0.0,1.0,"Payment, order, and settlement records successfully reconciled."
pay_bc594585-9445-48c0-8ef8-c2d6f7fd5646,ORD00111,SET_c257cf73-c29d-482b-a722-796e9a36d1ec,MATCHED,none,13333.5,13333.5,0.0,1.0,"Payment, order, and settlement records successfully reconciled."
pay_504867ba-bf7b-439b-8f9a-ea4b8acd4e10,ORD00112,SET_f387e1bd-2d59-42c6-934a-5a2fa7cf705c,MATCHED,none,3532.69,3532.69,0.0,1.0,"Payment, order, and settlement records successfully reconciled."
pay_7a0ecfea-958c-49ba-8cd6-20c20ea2622b,ORD00113,SET_76c5a0dc-7e7e-4419-a0c1-4035c5d95f51,MATCHED,none,14320.87,14320.87,0.0,1.0,"Payment, order, and settlement records successfully reconciled."
pay_87f7e1fb-da4b-49ca-ab5c-f46780bacd64,ORD00114,,EXCEPTION,missing_settlement,27206.58,,,1.0,No settlement record was found for this payment.
pay_82010c62-f5f5-4b22-8e8f-a8e0284d82e5,ORD00115,SET_e1cde87f-ec95-4f87-ae5e-c36572eb7474,MATCHED,none,49194.28,49194.28,0.0,1.0,"Payment, order, and settlement records successfully reconciled."
pay_118a9d29-2f92-4996-99f1-95d014822f53,ORD00116,SET_fc8d5b93-a2a2-491f-a49b-1cd99082889b,EXCEPTION,settlement_delay,33426.37,33426.37,0.0,1.0,Settlement occurred 10 days after payment.
pay_dca02eec-acda-4acc-9165-e21098543881,ORD00117,,EXCEPTION,missing_settlement,46594.63,,,1.0,No settlement record was found for this payment.
pay_f10c718b-1eb0-438a-a75d-d5af3c365296,ORD00118,SET_70944bdb-26a5-44e3-90ee-7a92a09151e0,MATCHED,none,43918.54,43918.54,0.0,1.0,"Payment, order, and settlement records successfully reconciled."
pay_94340a03-3f07-4814-91d6-3f78e3e9de99,ORD00119,SET_a1a27485-7134-4c2a-b80b-3657117b355b,MATCHED,none,44496.66,44496.66,0.0,1.0,"Payment, order, and settlement records successfully reconciled."
pay_14fcdd54-9e8f-4965-8a2c-827e98326856,ORD00120,SET_97674900-4651-4367-8bdc-43184d85a3d2,MATCHED,none,13690.18,13690.18,0.0,1.0,"Payment, order, and settlement records successfully reconciled."
pay_90b2b633-956b-4c0c-a849-9b926b5252e3,ORD00121,SET_12fe28bf-81e0-4489-9a18-e2a30e614bcd,MATCHED,none,35908.85,35908.85,0.0,1.0,"Payment, order, and settlement records successfully reconciled."
pay_42c18a62-ef48-48d5-90fd-9d3f85d51695,ORD00122,SET_09a0a0f6-73b0-4091-b634-c1694f76e388,MATCHED,none,31748.47,31748.47,0.0,1.0,"Payment, order, and settlement records successfully reconciled."
pay_506e5a9a-b758-488d-ab73-295b344a54b8,ORD00123,,EXCEPTION,missing_settlement,24477.74,,,1.0,No settlement record was found for this payment.
pay_21813d25-6552-48a6-83ff-50113d1a85dd,ORD00124,SET_fa34d2e8-dd3f-4d7e-a508-dc9513a4a492,MATCHED,none,31750.79,31750.79,0.0,1.0,"Payment, order, and settlement records successfully reconciled."
pay_750cab75-4ccc-4bc2-a53f-8a28abf3e3fc,ORD00125,,EXCEPTION,missing_settlement,276.93,,,1.0,No settlement record was found for this payment.
pay_ef8c485b-c07a-40f2-add4-253b50f0fd0a,ORD00126,SET_949077c2-7674-456f-a26d-719d81cf3252,MATCHED,none,48991.92,48991.92,0.0,1.0,"Payment, order, and settlement records successfully reconciled."
pay_9f044aed-7552-4327-8262-7f7312922f83,ORD00127,SET_bd29ede9-cab4-423b-b448-83858de7ad6c,MATCHED,none,22147.59,22147.59,0.0,1.0,"Payment, order, and settlement records successfully reconciled."
pay_19985f15-ff00-4d4d-9020-59e4ff9ab5c2,ORD00128,SET_e8b77f7b-7321-4f6b-8a80-76ece5582e16,MATCHED,none,582.52,582.52,0.0,1.0,"Payment, order, and settlement records successfully reconciled."
pay_8181a8cc-3691-47eb-89a2-688b12c136e0,ORD00129,SET_30307633-a6de-41d8-9258-17b7cf501889,MATCHED,none,44167.01,44167.01,0.0,1.0,"Payment, order, and settlement records successfully reconciled."
pay_5958a499-eeea-463e-a1e8-ac6843e42caf,ORD00130,SET_80599b93-79c2-42e4-9ae1-a991524f93ff,MATCHED,none,1897.8,1897.8,0.0,1.0,"Payment, order, and settlement records successfully reconciled."
pay_3e896c64-e117-4ac3-919c-4ea3e1805081,ORD00131,SET_73557b9d-0fd6-447e-b52d-4af2269ed4c9,MATCHED,none,27671.0,27671.0,0.0,1.0,"Payment, order, and settlement records successfully reconciled."
pay_702cdd20-2862-48b8-88f4-ef125e9953d2,ORD00132,SET_d65e59dd-e62d-4d06-8f9b-85581a7f195b,MATCHED,none,2187.26,2187.26,0.0,1.0,"Payment, order, and settlement records successfully reconciled."
pay_4d71c366-b41b-4143-8b10-550cd5704f32,ORD00133,SET_15969802-b6dd-4257-bb7d-9f1c57eb89b1,MATCHED,none,46661.09,46661.09,0.0,1.0,"Payment, order, and settlement records successfully reconciled."
pay_ce9e1a11-fcbb-4e59-bbdd-cf7c9c96e9ec,ORD00134,,EXCEPTION,missing_settlement,17954.68,,,1.0,No settlement record was found for this payment.
pay_aaf91531-0200-41f0-8768-a84fa76afde6,ORD00135,,EXCEPTION,missing_settlement,5229.4,,,1.0,No settlement record was found for this payment.
pay_ee87905e-4ca4-45ea-8dfa-6a56d12dbc9a,ORD00136,SET_9c1c3517-85d2-40a6-8629-5b5d707df251,MATCHED,none,43748.16,43748.16,0.0,1.0,"Payment, order, and settlement records successfully reconciled."
pay_e0ccedc5-f05d-476e-9a84-a51aa9d3d7c7,ORD00137,"SET_eafde7d9-5f73-4a3e-9d28-6aa428a39779, SET_DUP_582b91ee-f8e8-435b-8c00-988a7ee1011a",EXCEPTION,duplicate_settlement,7812.21,,,1.0,"Multiple settlements found: SET_eafde7d9-5f73-4a3e-9d28-6aa428a39779, SET_DUP_582b91ee-f8e8-435b-8c00-988a7ee1011a"
pay_e3c43657-1d8c-4bac-83b4-09ef2260e70f,ORD00138,SET_c6435300-68a5-4c68-a32d-bb5e486bb6bf,MATCHED,none,8208.84,8208.84,0.0,1.0,"Payment, order, and settlement records successfully reconciled."
pay_27cb6f2a-8da0-4097-be0f-051b1b66b5a9,ORD00139,SET_0d67d38e-990f-4c5b-adcc-3daf569f3ab3,MATCHED,none,20673.49,20673.49,0.0,1.0,"Payment, order, and settlement records successfully reconciled."
pay_35ebd32d-9ad6-40ab-8821-2ddb45b89cd9,ORD00140,SET_55ab946d-a5b5-4dc2-a181-c85eca0ac6ac,MATCHED,none,46231.92,46231.92,0.0,1.0,"Payment, order, and settlement records successfully reconciled."
pay_afffcfd2-341e-440b-97c7-00aab7b56ea7,ORD00141,SET_8ed6ad5e-1831-4aa3-9466-9d1910df9974,MATCHED,none,33528.37,33528.37,0.0,1.0,"Payment, order, and settlement records successfully reconciled."
pay_81627cf1-4394-42e6-9a58-7e8aa25d6b29,ORD00142,SET_4082cbb9-48bd-4b3e-a2f5-df2badaa44ca,EXCEPTION,settlement_delay,8043.97,8043.97,0.0,1.0,Settlement occurred 10 days after payment.
pay_e87d1c78-e7c4-41c7-8049-7b717d106c60,ORD00143,SET_f6e39356-a814-4562-9a00-3f16b9469bcf,MATCHED,none,43621.12,43621.12,0.0,1.0,"Payment, order, and settlement records successfully reconciled."
pay_a2607723-17a0-4f49-8d01-280fd89a40c0,ORD00144,SET_267eddce-df8f-4197-9a4a-99b2e806133c,MATCHED,none,10058.68,10058.68,0.0,1.0,"Payment, order, and settlement records successfully reconciled."
pay_0b49452d-46d4-43f3-9450-281c6c6f7633,ORD00145,,EXCEPTION,missing_settlement,15329.02,,,1.0,No settlement record was found for this payment.
pay_217d65a0-c568-41cd-9563-f61600e85ece,ORD00146,SET_4f6b58c8-598d-4aec-aaaf-e5432434a678,MATCHED,none,1280.86,1280.86,0.0,1.0,"Payment, order, and settlement records successfully reconciled."
pay_295d6fbf-430f-401d-bad4-09e2a319dcb4,ORD00147,SET_a981b098-b2cf-452d-a7f3-33b3f7baf55e,MATCHED,none,16480.27,16480.27,0.0,1.0,"Payment, order, and settlement records successfully reconciled."
pay_b4a69f3c-8d3a-4d99-b11c-21c9bdc14f1f,ORD00148,SET_b576255e-9854-4f22-a102-f9c964575bc4,MATCHED,none,38689.0,38689.0,0.0,1.0,"Payment, order, and settlement records successfully reconciled."
pay_1ca3c448-0279-46a6-8f97-97b06d7ce3c9,ORD00149,SET_8f158449-4f40-422f-95b0-2530f020e992,MATCHED,none,25519.34,25519.34,0.0,1.0,"Payment, order, and settlement records successfully reconciled."
pay_b0e6a969-e213-42b0-b1ee-dba313432e61,ORD00150,SET_54170a17-caaa-4bbe-a4bb-f962606e0e1c,MATCHED,none,46967.93,46967.93,0.0,1.0,"Payment, order, and settlement records successfully reconciled."
pay_093923de-8bab-4e3b-a628-6bfbe767dcea,ORD00151,SET_b3ecb951-ab8c-4f97-a0b7-1785d02ce0c1,MATCHED,none,48522.99,48522.99,0.0,1.0,"Payment, order, and settlement records successfully reconciled."
pay_8d7248e2-951f-48d0-9e84-f058d5a804eb,ORD00152,SET_ff4625af-bd20-463b-b275-b5f3d436a7a8,MATCHED,none,48130.46,48130.46,0.0,1.0,"Payment, order, and settlement records successfully reconciled."
pay_0ab54bde-20a0-4502-ae06-809725e97977,ORD00153,"SET_59e1ac09-5970-4859-86b6-e4ade7ea8d5a, SET_17ec889c-86c1-46cb-a996-30f7af77520e",EXCEPTION,duplicate_settlement,5509.29,,,1.0,"Multiple settlements found: SET_59e1ac09-5970-4859-86b6-e4ade7ea8d5a, SET_17ec889c-86c1-46cb-a996-30f7af77520e"
pay_eededb07-e623-4689-9d59-cd2a4eea04e7,ORD00154,SET_822c4d32-6c64-4c15-aba3-01cba561e1e9,MATCHED,none,36454.4,36454.4,0.0,1.0,"Payment, order, and settlement records successfully reconciled."
pay_0a368ce7-dc57-4131-b8e1-daa7cbceabde,ORD00155,SET_4f11d8dc-5cd3-4369-84aa-c1b75ca0c428,MATCHED,none,30349.82,30349.82,0.0,1.0,"Payment, order, and settlement records successfully reconciled."
pay_ae9bec36-35c7-436c-9b99-62c6e61fecc0,ORD00156,,EXCEPTION,missing_settlement,19321.25,,,1.0,No settlement record was found for this payment.
pay_5a8aaeca-1a50-4ec3-aabc-25fa3fe12e47,ORD00157,SET_31274148-7c7c-404e-8422-d03ef29a6339,MATCHED,none,12810.65,12810.65,0.0,1.0,"Payment, order, and settlement records successfully reconciled."
pay_dfed2c43-e256-46dc-8f54-86b7c7b5b2bc,ORD00158,,EXCEPTION,missing_settlement,26044.03,,,1.0,No settlement record was found for this payment.
pay_bfddc3d9-9ee3-4c2a-b94d-62046808593f,ORD00159,SET_c9c23e69-d82c-4565-8bb9-07ec13c11754,MATCHED,none,35999.56,35999.56,0.0,1.0,"Payment, order, and settlement records successfully reconciled."
pay_3c9ad14c-ee0c-4eb5-acfe-db992790cebd,ORD00160,SET_8a2e6a93-c558-4bb2-81f7-f3fb19e45c6a,MATCHED,none,21621.74,21621.74,0.0,1.0,"Payment, order, and settlement records successfully reconciled."
pay_ccc56569-f9e8-4369-a999-b735dd56cc94,ORD00161,,EXCEPTION,missing_settlement,15764.39,,,1.0,No settlement record was found for this payment.
pay_698c206f-e1a4-4e10-ad53-4dd0cf8ebc5a,ORD00162,SET_e05b46c5-5636-4094-a974-31db09a9d1c1,MATCHED,none,45012.34,45012.34,0.0,1.0,"Payment, order, and settlement records successfully reconciled."
pay_ecab3301-bc8f-4d29-adea-94930658663a,ORD00163,SET_98e52499-218c-4e1c-9e37-4f7ac42cbc39,MATCHED,none,33377.96,33377.96,0.0,1.0,"Payment, order, and settlement records successfully reconciled."
pay_696608aa-ee49-4329-884a-7b28550a1b46,ORD00164,,EXCEPTION,missing_settlement,34890.7,,,1.0,No settlement record was found for this payment.
pay_bc2cbb0d-dd33-4cc7-ab7f-089acd5f4822,ORD00165,,EXCEPTION,missing_settlement,9672.82,,,1.0,No settlement record was found for this payment.
pay_28c13091-444d-410b-bf87-e362cf8d446a,ORD00166,SET_b89f72f3-2a60-4652-a714-7668cf1d7d3a,EXCEPTION,settlement_delay,37431.91,37431.91,0.0,1.0,Settlement occurred 10 days after payment.
pay_61ee411a-1bac-47a7-b386-f7a4c991603f,ORD00167,,EXCEPTION,missing_settlement,28498.35,,,1.0,No settlement record was found for this payment.
pay_787f2425-dbcc-4477-89e9-db0adf465290,ORD00168,SET_f836f571-3cce-476c-b836-c448ad261ec5,MATCHED,none,41702.89,41702.89,0.0,1.0,"Payment, order, and settlement records successfully reconciled."
pay_eb1fa9f2-d10b-41d0-b317-347038f16a81,ORD00169,SET_c09cb506-48f1-496d-9c4f-fb4671b701aa,MATCHED,none,10588.12,10588.12,0.0,1.0,"Payment, order, and settlement records successfully reconciled."
pay_d20eac17-4e20-4d1a-9983-36e375d66ed4,ORD00170,SET_3be79df4-72ec-416e-88a7-23e9bfa016c2,MATCHED,none,32769.81,32769.81,0.0,1.0,"Payment, order, and settlement records successfully reconciled."
pay_39118497-3a43-42ba-9f0f-06cbcb9bc326,ORD00171,,EXCEPTION,missing_settlement,22163.77,,,1.0,No settlement record was found for this payment.
pay_6601ddd0-3170-4437-a8f7-ef5a060edf5b,ORD00172,SET_e76adca9-7811-4802-88cc-7cfecf01f944,MATCHED,none,23711.99,23711.99,0.0,1.0,"Payment, order, and settlement records successfully reconciled."
pay_11c58ef0-dd46-4c09-8752-87aa5408f9ac,ORD00173,SET_ada58417-5e2a-432d-b1ab-0b56d5c9fdc7,MATCHED,none,4331.3,4331.3,0.0,1.0,"Payment, order, and settlement records successfully reconciled."
pay_59e4b671-4774-4c58-85f8-bc16f7860b50,ORD00174,SET_70cafdd8-fc04-4f08-9207-0158f2771f63,MATCHED,none,31683.75,31683.75,0.0,1.0,"Payment, order, and settlement records successfully reconciled."
pay_adf4e62d-6651-429e-8268-690ba43825b5,ORD00175,SET_c7332304-4822-4120-84f9-eccd7630a8a7,MATCHED,none,40939.33,40939.33,0.0,1.0,"Payment, order, and settlement records successfully reconciled."
pay_54c63cd8-8945-4f27-97fa-2d8dfb2ca025,ORD00176,,EXCEPTION,missing_settlement,15589.93,,,1.0,No settlement record was found for this payment.
pay_e08596db-1d87-4966-8710-d430f071d879,ORD00177,SET_331f63fb-d11f-48c0-a97c-a4fff75d599f,MATCHED,none,1318.83,1318.83,0.0,1.0,"Payment, order, and settlement records successfully reconciled."
pay_94a1875d-2db6-4edb-82de-ffccf86c2ca2,ORD00178,SET_df7d0dd7-236e-4608-9acb-394acd1f5318,MATCHED,none,30602.57,30602.57,0.0,1.0,"Payment, order, and settlement records successfully reconciled."
pay_09cb3942-43f5-4a85-bbc9-f87af668a617,ORD00179,SET_7b07fd31-a424-4f23-8d5b-a7cd400035f0,MATCHED,none,20780.61,20780.61,0.0,1.0,"Payment, order, and settlement records successfully reconciled."
pay_587ef344-6f3f-420c-98b8-e4cc1bc044fc,ORD00180,SET_ef2ddcc4-8df6-41da-9f07-c1a5dfc620ce,MATCHED,none,35945.46,35945.46,0.0,1.0,"Payment, order, and settlement records successfully reconciled."
pay_6fb78271-504d-481f-8953-5b63ba81edd9,ORD00181,SET_8412a335-d88c-456d-b61e-5fdb1a435206,EXCEPTION,settlement_delay,20042.68,20042.68,0.0,1.0,Settlement occurred 10 days after payment.
pay_1d9af659-82ec-4f2d-bbf6-e16f9b3080d5,ORD00182,SET_1578d709-48f9-43d0-9fea-e1e0d9e604b3,MATCHED,none,34412.36,34412.36,0.0,1.0,"Payment, order, and settlement records successfully reconciled."
pay_30a900ad-939b-462d-a645-f129629c2ae3,ORD00183,SET_73069588-45d5-468d-a90a-3abbc35b9fea,MATCHED,none,21314.8,21314.8,0.0,1.0,"Payment, order, and settlement records successfully reconciled."
pay_6fa17735-b572-43d0-8b5c-ea6a41357e8c,ORD00184,,EXCEPTION,missing_settlement,47902.51,,,1.0,No settlement record was found for this payment.
pay_ce777f00-ecf2-4e76-8519-7ff4006ed6e3,ORD00185,,EXCEPTION,missing_settlement,2605.9,,,1.0,No settlement record was found for this payment.
pay_f0b5156b-b82c-4074-afd5-dea589d7fd6c,ORD00186,SET_e27718c5-737d-4fb6-9113-76e038d77b9a,MATCHED,none,42431.98,42431.98,0.0,1.0,"Payment, order, and settlement records successfully reconciled."
pay_3270e4fa-abae-4f43-bcae-8081bdf070aa,ORD00187,SET_6a36af18-06d3-4b93-ae33-688d597e6845,MATCHED,none,40090.69,40090.69,0.0,1.0,"Payment, order, and settlement records successfully reconciled."
pay_f2e9702d-11e9-4daa-ae69-81a35d3d9e56,ORD00188,SET_5fbbf0b1-8083-49c8-a57e-01c90da23e5c,MATCHED,none,29813.07,29813.07,0.0,1.0,"Payment, order, and settlement records successfully reconciled."
pay_9f871ce7-5487-4d4f-abb7-a385aa0b7b14,ORD00189,SET_14e4180c-fe99-46a3-a2db-c8503c5bf3a7,MATCHED,none,40768.82,40768.82,0.0,1.0,"Payment, order, and settlement records successfully reconciled."
pay_1fe771d6-d917-4793-a9d3-c2e6505cc686,ORD00190,,EXCEPTION,missing_settlement,41545.4,,,1.0,No settlement record was found for this payment.
pay_81d2c7de-4ce1-4b90-a669-7833b841d0a0,ORD00191,SET_b6f6dbf1-d6d4-41cc-995d-82f8ee4a9b5d,MATCHED,none,44870.68,44870.68,0.0,1.0,"Payment, order, and settlement records successfully reconciled."
pay_5380b904-688c-4015-aab9-7e494f2d4796,ORD00192,"SET_25637cc3-ca97-4bf5-95d5-96afa663d2cd, SET_DUP_61935990-abdd-4a8f-a4b0-5c89f10bce9c",EXCEPTION,duplicate_settlement,13033.66,,,1.0,"Multiple settlements found: SET_25637cc3-ca97-4bf5-95d5-96afa663d2cd, SET_DUP_61935990-abdd-4a8f-a4b0-5c89f10bce9c"
pay_8dedf9fb-4bb0-4f20-b27c-40266703b636,ORD00193,"SET_a9e27ba9-952e-4abb-94dd-5061555736f8, SET_eada79a3-4970-4d9a-89ce-3cfb2339ba19",EXCEPTION,duplicate_settlement,31919.31,,,1.0,"Multiple settlements found: SET_a9e27ba9-952e-4abb-94dd-5061555736f8, SET_eada79a3-4970-4d9a-89ce-3cfb2339ba19"
pay_aa38d0a1-6ba2-4efe-b11c-6eb62095eef6,ORD00194,SET_d4c3a832-b231-460b-b8f2-ce6bd46b415d,MATCHED,none,31374.75,31374.75,0.0,1.0,"Payment, order, and settlement records successfully reconciled."
pay_bf85bf0e-ad64-456c-a10f-aa3ff0bbac67,ORD00195,SET_649f7d88-8989-45ab-be2b-34d82db0728d,EXCEPTION,amount_mismatch,3966.42,42379.01,-38412.59,1.0,Payment amount and settlement gross amount do not match.
pay_91b0e1d9-9d92-42af-ac8d-0e44e71e43a6,ORD00196,SET_e7e646c7-0158-4463-9d87-76a072d78bdd,MATCHED,none,13658.58,13658.58,0.0,1.0,"Payment, order, and settlement records successfully reconciled."
pay_d56f0350-8c45-4ce2-a7f4-8ad54d0b0d1a,ORD00197,SET_3735262d-4184-4b03-84dd-7054144823f7,MATCHED,none,27053.6,27053.6,0.0,1.0,"Payment, order, and settlement records successfully reconciled."
pay_35ce8841-4973-4d6c-8dca-bfb7001a9a8b,ORD00198,SET_f0b2a5d1-8c7e-4f42-a646-eaf9d5c0244d,MATCHED,none,11639.95,11639.95,0.0,1.0,"Payment, order, and settlement records successfully reconciled."
pay_9b4e2c24-9479-41e6-8927-7d9b6e0d2648,ORD00199,"SET_6c5a6c93-871c-4884-9bdf-90f2ba2c0f19, SET_DUP_b2414482-5198-44d8-8643-3603c92a7d7c",EXCEPTION,duplicate_settlement,10776.25,,,1.0,"Multiple settlements found: SET_6c5a6c93-871c-4884-9bdf-90f2ba2c0f19, SET_DUP_b2414482-5198-44d8-8643-3603c92a7d7c"
pay_7118e364-7709-4749-927e-ecfaa79ac9aa,ORD00200,SET_3cd5fd7f-49c1-4669-86b3-3fe61c76bdf6,MATCHED,none,16610.98,16610.98,0.0,1.0,"Payment, order, and settlement records successfully reconciled."
pay_82dc4c8e-36b5-429a-acf5-e81e71316269,ORD00201,SET_3d0a5f0c-0c39-4ec7-9f31-74054d183eba,MATCHED,none,3207.06,3207.06,0.0,1.0,"Payment, order, and settlement records successfully reconciled."
pay_f5b78cc7-e6b3-4944-8b32-3e357922bac2,ORD00202,"SET_9f708368-cb3c-48ca-a392-57316b79afcc, SET_DUP_4cc57e0d-2633-4018-a883-ac6e6a944054",EXCEPTION,duplicate_settlement,45251.44,,,1.0,"Multiple settlements found: SET_9f708368-cb3c-48ca-a392-57316b79afcc, SET_DUP_4cc57e0d-2633-4018-a883-ac6e6a944054"
pay_a8aa7158-2b70-4525-bc67-f831cbc84759,ORD00203,SET_d6312a80-1c61-4ec2-9014-2131750565f5,MATCHED,none,34806.6,34806.6,0.0,1.0,"Payment, order, and settlement records successfully reconciled."
pay_a9f25336-83f4-49a9-88a6-39d015b52908,ORD00204,,EXCEPTION,missing_settlement,23901.29,,,1.0,No settlement record was found for this payment.
pay_17e8392a-55ce-45db-9e87-e04ca2086977,ORD00205,SET_93364f7e-83ef-49f3-a1c7-cc8a04351b64,MATCHED,none,37698.41,37698.41,0.0,1.0,"Payment, order, and settlement records successfully reconciled."
pay_3c20592f-c04a-46c4-b3b6-3fe1d1843324,ORD00206,SET_4a90cd0c-24c1-43b9-b7f2-85723defa849,MATCHED,none,37401.03,37401.03,0.0,1.0,"Payment, order, and settlement records successfully reconciled."
pay_ce7ae7f6-3982-4cff-8f77-a665ac3c5640,ORD00207,SET_5a5226e6-9d64-4932-8066-853d6de299a1,MATCHED,none,30202.3,30202.3,0.0,1.0,"Payment, order, and settlement records successfully reconciled."
pay_0bd4a990-0640-4e0f-a5b8-fd4b32fa2de8,ORD00208,SET_2ff3cde4-6aa4-4c9f-9217-04753d959e3f,MATCHED,none,11049.14,11049.14,0.0,1.0,"Payment, order, and settlement records successfully reconciled."
pay_9c7c7377-79a2-4903-bbe3-3b243eae0032,ORD00209,SET_8603156a-15ea-4bcf-ab10-21ceaa143cd8,MATCHED,none,1548.34,1548.34,0.0,1.0,"Payment, order, and settlement records successfully reconciled."
pay_74962764-12a4-4ef0-84bb-b7a9d98868dd,ORD00210,SET_f4124360-1153-4e99-9c50-8720f982f4e0,MATCHED,none,33989.18,33989.18,0.0,1.0,"Payment, order, and settlement records successfully reconciled."
pay_935f2b0a-a138-4ddc-a2d9-de5d6a18ce4c,ORD00211,,EXCEPTION,missing_settlement,8335.73,,,1.0,No settlement record was found for this payment.
pay_624c69b6-b244-45a7-b7e5-848131c681ec,ORD00212,,EXCEPTION,missing_settlement,6468.63,,,1.0,No settlement record was found for this payment.
pay_25c73c44-3e75-43b4-a64f-a6637e8f8095,ORD00213,SET_0b251279-785a-45d0-9f92-a62163f4c69d,MATCHED,none,1445.63,1445.63,0.0,1.0,"Payment, order, and settlement records successfully reconciled."
pay_e4855aa1-016b-4287-b008-05cca7f36ae9,ORD00214,,EXCEPTION,missing_settlement,28263.16,,,1.0,No settlement record was found for this payment.
pay_e2add909-c521-4f2d-9c45-d539c03f3538,ORD00215,SET_5b6a8102-0428-4378-bf50-23f440ef3935,MATCHED,none,32173.21,32173.21,0.0,1.0,"Payment, order, and settlement records successfully reconciled."
pay_3805f907-6cd6-4193-8746-8f591b494e15,ORD00216,SET_3dba6da8-5844-49fc-914b-9547c9dc72b8,MATCHED,none,23138.75,23138.75,0.0,1.0,"Payment, order, and settlement records successfully reconciled."
pay_b227462c-f53d-4330-8dda-24ba2d06e8cf,ORD00217,SET_1a89b71e-a0d5-42c8-a837-fe68bba205ca,MATCHED,none,19017.28,19017.28,0.0,1.0,"Payment, order, and settlement records successfully reconciled."
pay_8eb22579-0cdb-4ca4-b6ec-bdd68498e113,ORD00218,,EXCEPTION,missing_settlement,16409.61,,,1.0,No settlement record was found for this payment.
pay_1f115b76-d92c-4227-aadf-50853fcb7546,ORD00219,SET_5a304528-0b59-4562-a227-219f551ff086,EXCEPTION,settlement_delay,37625.29,37625.29,0.0,1.0,Settlement occurred 10 days after payment.
pay_76f2dbfe-cd29-436f-a222-82e174daaebf,ORD00220,SET_a48e40f1-d042-4dfa-96ab-087a8bc78e81,MATCHED,none,41762.05,41762.05,0.0,1.0,"Payment, order, and settlement records successfully reconciled."
pay_8f15ba58-fce6-4504-87f8-424daae65fc1,ORD00221,SET_af475b49-c775-4395-9494-05f02cd2a404,MATCHED,none,37476.31,37476.31,0.0,1.0,"Payment, order, and settlement records successfully reconciled."
pay_c1581092-f335-4ba3-913a-7052986f9025,ORD00222,SET_7a8104de-b205-47bb-bb16-f75776f186ab,MATCHED,none,17563.02,17563.02,0.0,1.0,"Payment, order, and settlement records successfully reconciled."
pay_d0a44432-9cd6-4852-b14c-7df4e4347d51,ORD00223,SET_2285b2ef-cfbe-4fe9-aea9-c542a1b970d0,MATCHED,none,47868.55,47868.55,0.0,1.0,"Payment, order, and settlement records successfully reconciled."
pay_6d3ee1dc-8139-4443-a45b-712eb8225688,ORD00224,SET_f1901b7e-c6b4-49ef-b74e-ba9310275b53,MATCHED,none,1648.4,1648.4,0.0,1.0,"Payment, order, and settlement records successfully reconciled."
pay_722764e6-8c41-461b-a827-a1b9d4a02e53,ORD00225,SET_339b77a8-4b1f-4d7b-8977-c513752a7d25,MATCHED,none,41977.52,41977.52,0.0,1.0,"Payment, order, and settlement records successfully reconciled."
pay_dc8aee30-be60-43f7-a8be-9288e5af6e39,ORD00226,SET_e2c328aa-3310-4475-8a86-22250b36e356,MATCHED,none,12003.39,12003.39,0.0,1.0,"Payment, order, and settlement records successfully reconciled."
pay_c074718e-425a-409f-b337-c59979844388,ORD00227,SET_4f612217-eef1-4694-90ca-e32d0aba590e,MATCHED,none,5808.03,5808.03,0.0,1.0,"Payment, order, and settlement records successfully reconciled."
pay_46fde062-a33d-47af-9701-410d3f4b1a70,ORD00228,SET_d0be73ee-fd37-4539-a5f2-02f983f02dc7,MATCHED,none,35003.3,35003.3,0.0,1.0,"Payment, order, and settlement records successfully reconciled."
pay_7c0e8cd8-8573-4793-8715-b2b9c40c5d91,ORD00229,SET_095ffa81-40d9-4bce-b930-ba208b040f49,MATCHED,none,30334.05,30334.05,0.0,1.0,"Payment, order, and settlement records successfully reconciled."
pay_709b7d97-464c-44af-bd3f-3799a07295e9,ORD00230,SET_493e904d-30ec-4796-a59b-457fc0d7ac73,EXCEPTION,settlement_delay,40983.13,40983.13,0.0,1.0,Settlement occurred 10 days after payment.
pay_3c07c574-4925-4af1-b6aa-e05b13d5f2f7,ORD00231,SET_0c3ce284-c7e5-4bbb-9cb5-1c535b62a8df,MATCHED,none,28976.37,28976.37,0.0,1.0,"Payment, order, and settlement records successfully reconciled."
pay_e49d681d-51d8-4c64-95fa-1ab8458f1f19,ORD00232,"SET_45f18619-54f9-4429-a7de-02ccdda4f4a7, SET_DUP_89b5aab0-c121-49db-af12-b150605fb1eb",EXCEPTION,duplicate_settlement,33899.63,,,1.0,"Multiple settlements found: SET_45f18619-54f9-4429-a7de-02ccdda4f4a7, SET_DUP_89b5aab0-c121-49db-af12-b150605fb1eb"
pay_269cd696-236c-4b87-94a0-bccb8a476a87,ORD00233,SET_6fdc0bad-5e36-4127-8ca1-b45c1fdd980a,EXCEPTION,settlement_delay,47079.38,47079.38,0.0,1.0,Settlement occurred 10 days after payment.
pay_271e3ee2-b1a6-41f1-a20e-99d33b33f3d8,ORD00234,SET_7092947d-be49-49ec-a667-d3bbe3b56360,MATCHED,none,29645.68,29645.68,0.0,1.0,"Payment, order, and settlement records successfully reconciled."
pay_6a34c854-1071-4d51-b6c5-9dacb4d7e28e,ORD00235,SET_56cb1ab0-62fb-46d7-b4db-ca07e506f670,MATCHED,none,34889.93,34889.93,0.0,1.0,"Payment, order, and settlement records successfully reconciled."
pay_7746d0ba-8ae8-405b-94b4-a48268586eba,ORD00236,"SET_b12b6680-7f07-4cb9-afd3-40c0f945f2fd, SET_0b531932-bd94-49aa-bea6-e5b20c760d28",EXCEPTION,duplicate_settlement,34244.53,,,1.0,"Multiple settlements found: SET_b12b6680-7f07-4cb9-afd3-40c0f945f2fd, SET_0b531932-bd94-49aa-bea6-e5b20c760d28"
pay_d5385b0e-34f3-493c-8ff0-a55c6a702e2f,ORD00237,"SET_38b77c07-80fb-4296-b3b6-a09b1beaf6ac, SET_cc1b4157-ec9f-4c54-9e0a-72ab7f5db163",EXCEPTION,duplicate_settlement,49193.83,,,1.0,"Multiple settlements found: SET_38b77c07-80fb-4296-b3b6-a09b1beaf6ac, SET_cc1b4157-ec9f-4c54-9e0a-72ab7f5db163"
pay_c51155ff-e7a3-4e81-a3b4-c08b6b8e869f,ORD00238,SET_15260718-cd18-4a82-8447-ceab84ef4324,MATCHED,none,26683.99,26683.99,0.0,1.0,"Payment, order, and settlement records successfully reconciled."
pay_05000bc6-b20d-4b6e-b231-1f1795863a76,ORD00239,,EXCEPTION,missing_settlement,25347.44,,,1.0,No settlement record was found for this payment.
pay_9360715f-c3fe-4183-a172-b725db52ca58,ORD00240,SET_2e326567-d284-454e-bebe-c0db9a3a6103,MATCHED,none,42493.82,42493.82,0.0,1.0,"Payment, order, and settlement records successfully reconciled."
pay_f1578470-0182-47c4-ba1b-58066160a6b4,ORD00241,,EXCEPTION,missing_settlement,21732.82,,,1.0,No settlement record was found for this payment.
pay_63d62a39-c0e3-4efd-8c71-e0fe5a0cdd7c,ORD00242,SET_4baf0f5e-a932-4094-93f2-8f11147f6570,MATCHED,none,44589.59,44589.59,0.0,1.0,"Payment, order, and settlement records successfully reconciled."
pay_d5f25073-f414-42b1-a442-9ebbda7b9095,ORD00243,SET_b7b8c1a5-9a45-493d-b227-890e4e76833a,MATCHED,none,7734.26,7734.26,0.0,1.0,"Payment, order, and settlement records successfully reconciled."
pay_bc10fa52-bf5d-4fdf-89c8-d2ab6b44fa8d,ORD00244,SET_71a3fad2-b094-4d2a-aaa9-3b436d15f16f,MATCHED,none,26135.16,26135.16,0.0,1.0,"Payment, order, and settlement records successfully reconciled."
pay_e5d6f6e6-9a6e-42f5-8cc4-29038bcf53a1,ORD00245,SET_ba108217-0ad7-49a2-b277-16ec59fefbbc,MATCHED,none,40429.14,40429.14,0.0,1.0,"Payment, order, and settlement records successfully reconciled."
pay_45df16b6-382c-443f-bcfc-9b793875394c,ORD00246,,EXCEPTION,missing_settlement,24226.53,,,1.0,No settlement record was found for this payment.
pay_638c254c-076e-4bba-bc53-08bf6f92f25e,ORD00247,SET_a3b442bd-4649-4296-af58-42c3ff86cc31,MATCHED,none,36578.21,36578.21,0.0,1.0,"Payment, order, and settlement records successfully reconciled."
pay_cc530e36-addc-4e13-ab3b-4d37560c95ee,ORD00248,SET_0eaf04b5-f2a9-4c8a-8a9e-4a62fae3114b,MATCHED,none,42600.49,42600.49,0.0,1.0,"Payment, order, and settlement records successfully reconciled."
pay_d72b6108-2a40-4f12-b963-f37f67814c1f,ORD00249,SET_67fd64c4-a334-458a-abd2-b5121335e5db,MATCHED,none,44093.4,44093.4,0.0,1.0,"Payment, order, and settlement records successfully reconciled."
pay_fb10987f-20ac-4703-ab67-146a77a6e17c,ORD00250,SET_bff9507d-cd14-403e-8359-9af65d01f55f,MATCHED,none,23288.95,23288.95,0.0,1.0,"Payment, order, and settlement records successfully reconciled."
pay_e82c7d7b-06e7-45f9-88bc-539c9f4c3b79,ORD00251,SET_07f8d4f0-f3ea-4184-a8f4-e3ceadedda80,MATCHED,none,19011.57,19011.57,0.0,1.0,"Payment, order, and settlement records successfully reconciled."
pay_a9ba5a27-907b-4e36-9786-48f864de82e6,ORD00252,SET_ad973b67-9b89-45cb-9942-644c248d31ec,MATCHED,none,42562.55,42562.55,0.0,1.0,"Payment, order, and settlement records successfully reconciled."
pay_6db99102-a48b-4dbe-957d-94a106f028ff,ORD00253,"SET_20509c62-08e8-45d7-b02c-1821c8040fb7, SET_DUP_39b02e2a-d96e-484f-bdb0-174e7938878a",EXCEPTION,duplicate_settlement,10684.78,,,1.0,"Multiple settlements found: SET_20509c62-08e8-45d7-b02c-1821c8040fb7, SET_DUP_39b02e2a-d96e-484f-bdb0-174e7938878a"
pay_2e85cb21-7631-4e9d-9de9-f86322bd3388,ORD00254,SET_a52964ff-c74c-4890-bc6a-3174113634a5,MATCHED,none,14054.96,14054.96,0.0,1.0,"Payment, order, and settlement records successfully reconciled."
pay_53cd6268-610c-4373-8299-9aa40cdf742b,ORD00255,,EXCEPTION,missing_settlement,44017.36,,,1.0,No settlement record was found for this payment.
pay_56666f9f-53ac-4ab9-b467-2cd9362f5e5c,ORD00256,SET_2747b93c-9ae7-4eab-884a-67809136f1f8,MATCHED,none,25879.7,25879.7,0.0,1.0,"Payment, order, and settlement records successfully reconciled."
pay_473bd358-610e-4a64-a130-1617c2dff335,ORD00257,SET_5ef787b8-f2e6-495f-b32e-2016add702c9,MATCHED,none,12143.67,12143.67,0.0,1.0,"Payment, order, and settlement records successfully reconciled."
pay_6bebac31-d4f8-4d72-b382-1cfdc083b73a,ORD00258,SET_13aec376-c359-410a-b1a6-014c5f3c44dc,MATCHED,none,27803.29,27803.29,0.0,1.0,"Payment, order, and settlement records successfully reconciled."
pay_78660765-14f7-4e8d-95bc-b8d04094dded,ORD00259,SET_5df06e8c-878a-4ed9-a33f-fc8292ec89af,MATCHED,none,23857.05,23857.05,0.0,1.0,"Payment, order, and settlement records successfully reconciled."
pay_0d557b61-8a17-4dfe-bfc0-0dc804f64d86,ORD00260,SET_4758367b-a649-4cdc-907b-907265e58f34,MATCHED,none,39667.35,39667.35,0.0,1.0,"Payment, order, and settlement records successfully reconciled."
pay_39669fa7-5997-4043-b3b1-025bfff9f585,ORD00261,SET_06a241af-1d0a-47f7-b5e4-a4713fe68c9c,MATCHED,none,11157.66,11157.66,0.0,1.0,"Payment, order, and settlement records successfully reconciled."
pay_f510ab53-c7fe-439f-9190-f938a66fd7f7,ORD00262,SET_848af440-7fc1-4858-afa0-d842bc55300b,MATCHED,none,33231.61,33231.61,0.0,1.0,"Payment, order, and settlement records successfully reconciled."
pay_07f194f9-c115-4d6d-8a4e-5b70a6d964a3,ORD00263,,EXCEPTION,missing_settlement,27718.3,,,1.0,No settlement record was found for this payment.
pay_d6d7b3b8-3309-4d35-bf4d-f561f319c125,ORD00264,SET_b43bd27f-42a2-49a6-8664-12854303cbc1,MATCHED,none,49831.91,49831.91,0.0,1.0,"Payment, order, and settlement records successfully reconciled."
pay_3d114802-2702-478b-9f0f-da8d05379ff6,ORD00265,SET_9ca3fbb3-ff11-48ba-b6ee-1640723ef466,MATCHED,none,17655.35,17655.35,0.0,1.0,"Payment, order, and settlement records successfully reconciled."
pay_1d48a071-ab61-47b1-b93b-4c3220500494,ORD00266,SET_ffa623d0-ea9e-4c8d-b1a8-b71f491b90e9,MATCHED,none,15400.49,15400.49,0.0,1.0,"Payment, order, and settlement records successfully reconciled."
pay_770c7798-37cc-463b-b2a0-345990604f62,ORD00267,SET_22bf18f5-1f65-4a87-b33e-e3447dbf4bc1,MATCHED,none,36092.09,36092.09,0.0,1.0,"Payment, order, and settlement records successfully reconciled."
pay_5e6fea07-c453-4f1d-8199-2fdfb31022f0,ORD00268,SET_2c33350c-73b9-41d8-92f5-131ada52d2ee,MATCHED,none,37169.77,37169.77,0.0,1.0,"Payment, order, and settlement records successfully reconciled."
pay_f6b751f7-9b74-4245-9b1b-c8952af43ab7,ORD00269,SET_ff4c96d6-71f2-4e8f-b69f-68c3e60fd420,MATCHED,none,10897.59,10897.59,0.0,1.0,"Payment, order, and settlement records successfully reconciled."
pay_c71d5e60-1d52-46ab-b7e6-427cbf780e3f,ORD00270,SET_f7b217c7-ae92-4a71-8f7d-cb431679742f,MATCHED,none,36256.79,36256.79,0.0,1.0,"Payment, order, and settlement records successfully reconciled."
pay_4fa03f26-f6f7-40cc-a9ec-8e49d1bdb8c0,ORD00271,SET_aaf78c67-51d0-4109-bc90-2838d8741408,MATCHED,none,14221.64,14221.64,0.0,1.0,"Payment, order, and settlement records successfully reconciled."
pay_edcb8cb6-0692-4c63-9424-aed51bac5c15,ORD00272,SET_8ccc9cea-109f-48ee-b5a4-720058f0dd23,MATCHED,none,9786.47,9786.47,0.0,1.0,"Payment, order, and settlement records successfully reconciled."
pay_e87466d7-ad66-41bd-9367-6a024fdc6e1b,ORD00273,SET_4cc9f5f2-e42e-4037-8a55-2ea08acbbe09,EXCEPTION,settlement_delay,9054.13,9054.13,0.0,1.0,Settlement occurred 10 days after payment.
pay_f1043785-658b-4523-a014-1de9f54ad0a2,ORD00274,,EXCEPTION,missing_settlement,26753.34,,,1.0,No settlement record was found for this payment.
pay_9793b9b4-1374-4146-b2c5-bd89b70b3420,ORD00275,SET_2c913a7c-a340-4f08-b341-91b8ed6522b4,MATCHED,none,48717.32,48717.32,0.0,1.0,"Payment, order, and settlement records successfully reconciled."
pay_3e2b6091-a092-452a-94a0-57a7b0cc1b3b,ORD00276,SET_3967e60a-823d-4107-9c8a-c066cb2fafa3,MATCHED,none,34901.13,34901.13,0.0,1.0,"Payment, order, and settlement records successfully reconciled."
pay_4d3485c5-c5c1-4eb4-b27b-3d901a16342c,ORD00277,SET_cac4d0eb-3373-430e-bc31-a5971f119c0f,MATCHED,none,43436.21,43436.21,0.0,1.0,"Payment, order, and settlement records successfully reconciled."
pay_ce3714af-99b4-4350-af2b-99b4d9acd158,ORD00278,SET_7e7838c9-ca55-438b-bc9a-be10238d6f44,MATCHED,none,43648.71,43648.71,0.0,1.0,"Payment, order, and settlement records successfully reconciled."
pay_90e0f4a0-fbdd-4933-8bd5-8bf61efd76e9,ORD00279,SET_9280c5aa-8dd4-495b-9c63-b6f306ba8cd3,MATCHED,none,23522.91,23522.91,0.0,1.0,"Payment, order, and settlement records successfully reconciled."
pay_8861fe18-58e2-4888-8a83-81bec85aca46,ORD00280,SET_fba6abf7-cdbc-4653-b7a7-e8b75e70f65f,MATCHED,none,9299.75,9299.75,0.0,1.0,"Payment, order, and settlement records successfully reconciled."
pay_11a72609-5edd-4bbf-a959-76636daa2e68,ORD00281,SET_e25df9a8-9ca8-45c4-a138-afe08d38bbd8,MATCHED,none,47059.07,47059.07,0.0,1.0,"Payment, order, and settlement records successfully reconciled."
pay_033d2bce-575a-4d2c-a5c5-650c8186a576,ORD00282,SET_65edcfe3-4f2d-4d3f-90d4-de39161237c9,MATCHED,none,41123.57,41123.57,0.0,1.0,"Payment, order, and settlement records successfully reconciled."
pay_7d7ddbed-d284-476c-ab88-f83dd97dc9cd,ORD00283,"SET_fd235def-3e5a-47e3-9560-db22c96b5edb, SET_9780c215-2b2b-48e9-a417-c09380a8a23d",EXCEPTION,duplicate_settlement,3796.7,,,1.0,"Multiple settlements found: SET_fd235def-3e5a-47e3-9560-db22c96b5edb, SET_9780c215-2b2b-48e9-a417-c09380a8a23d"
pay_5cb85aed-f5f6-4c97-aefb-63b11b049863,ORD00284,,EXCEPTION,missing_settlement,7544.96,,,1.0,No settlement record was found for this payment.
pay_75b17a55-d426-4982-a43e-4288a2b5b498,ORD00285,SET_20156a72-12e1-43a6-932c-ae01d2c65ee4,MATCHED,none,15261.39,15261.39,0.0,1.0,"Payment, order, and settlement records successfully reconciled."
pay_2d174fc9-6f7c-45ea-a72a-6d8eb5122df8,ORD00286,SET_12fc7a87-a470-4d48-9128-b9b1f8ede0ca,MATCHED,none,27947.84,27947.84,0.0,1.0,"Payment, order, and settlement records successfully reconciled."
pay_a6846099-f729-4951-8591-31d2bbda0242,ORD00287,SET_8471b4b0-ae1b-4f69-b740-d83173318749,MATCHED,none,29846.73,29846.73,0.0,1.0,"Payment, order, and settlement records successfully reconciled."
pay_eb6c1016-cee6-44d0-9dac-6e8345241ea6,ORD00288,SET_d43cdd6d-e0c1-4f1e-a0da-897258321ee4,MATCHED,none,38807.11,38807.11,0.0,1.0,"Payment, order, and settlement records successfully reconciled."
pay_7701f7bb-7bc6-4e1f-864e-e6e389c5b31a,ORD00289,,EXCEPTION,missing_settlement,45434.37,,,1.0,No settlement record was found for this payment.
pay_97ac6aa8-bb24-48a3-9363-57b66f81cf4f,ORD00290,SET_21084dd9-f75d-4e3c-848d-56502e9522d6,MATCHED,none,29467.4,29467.4,0.0,1.0,"Payment, order, and settlement records successfully reconciled."
pay_3ed8c56c-da09-4fa0-9282-8d8044b591f7,ORD00291,SET_de431e06-e924-4069-80bb-ae526ec01269,MATCHED,none,28474.61,28474.61,0.0,1.0,"Payment, order, and settlement records successfully reconciled."
pay_4767d76c-162f-4a24-af43-613cd4aac9a3,ORD00292,"SET_84a2576c-1fc9-45f8-94d6-07350e2f8958, SET_1139fa12-34c1-43ea-bd9c-4e6404015ced, SET_DUP_24f43c62-b523-40de-9b87-d29c4cfd0fc1, SET_DUP_0d31812e-30c3-4756-9453-f867b97e6224",EXCEPTION,duplicate_settlement,48009.43,,,1.0,"Multiple settlements found: SET_84a2576c-1fc9-45f8-94d6-07350e2f8958, SET_1139fa12-34c1-43ea-bd9c-4e6404015ced, SET_DUP_24f43c62-b523-40de-9b87-d29c4cfd0fc1, SET_DUP_0d31812e-30c3-4756-9453-f867b97e6224"
pay_c01f36bf-3e6d-458b-b367-c28de1b294de,ORD00293,SET_2976aab2-2a26-4770-8ddb-1b36272c0588,MATCHED,none,38160.58,38160.58,0.0,1.0,"Payment, order, and settlement records successfully reconciled."
pay_ab0e664e-9c3e-42d5-91e1-aa9676f72255,ORD00294,SET_39b86bb2-b596-4a7c-af4a-fa885299e505,MATCHED,none,33055.36,33055.36,0.0,1.0,"Payment, order, and settlement records successfully reconciled."
pay_7e8adee7-0758-4201-961e-16d16105716b,ORD00295,SET_84d67c4f-f0df-4684-b28e-41225894f7f1,MATCHED,none,8773.3,8773.3,0.0,1.0,"Payment, order, and settlement records successfully reconciled."
pay_7cd0129d-2e8d-4e87-9334-20e6d9d80b8d,ORD00296,SET_143029a9-d88f-4c94-88b7-63d5e519dd7e,MATCHED,none,233.52,233.52,0.0,1.0,"Payment, order, and settlement records successfully reconciled."
pay_4223623b-cc3e-4dde-9ad5-cf06364d7c87,ORD00297,,EXCEPTION,missing_settlement,29731.18,,,1.0,No settlement record was found for this payment.
pay_989d9d4a-e15c-4666-8797-b2c957207246,ORD00298,SET_a0017720-200b-4903-8642-6c458d03f17a,MATCHED,none,11650.66,11650.66,0.0,1.0,"Payment, order, and settlement records successfully reconciled."
pay_8e485223-46b9-4991-a14e-b70db380c73a,ORD00299,,EXCEPTION,missing_settlement,42994.38,,,1.0,No settlement record was found for this payment.
pay_30e912f2-f2b4-4abf-8441-aefd0299436a,ORD00300,,EXCEPTION,missing_settlement,11747.85,,,1.0,No settlement record was found for this payment.
pay_680bac63-b856-4035-bdc9-829015eabb27,ORD00301,SET_2bd3cdcd-2779-4685-94a5-3fdef10d27c8,MATCHED,none,39583.26,39583.26,0.0,1.0,"Payment, order, and settlement records successfully reconciled."
pay_3d85de89-c217-4429-8e20-07247d137018,ORD00302,SET_e6e987ca-b87b-4384-9fdd-de2ea8a2b7ad,MATCHED,none,40214.89,40214.89,0.0,1.0,"Payment, order, and settlement records successfully reconciled."
pay_b63b4dc3-a559-4463-b9e1-3ceab0cbc61f,ORD00303,SET_ec86a890-d7b0-4bdc-966e-3cbe9aea622f,MATCHED,none,5827.34,5827.34,0.0,1.0,"Payment, order, and settlement records successfully reconciled."
pay_046a0df5-cafd-4613-b2bb-912d7da67785,ORD00304,SET_dd20c3bf-d342-4f08-8a8b-b5b490494583,MATCHED,none,7534.57,7534.57,0.0,1.0,"Payment, order, and settlement records successfully reconciled."
pay_6786d506-38ba-4abc-8b53-05e517d2582e,ORD00305,SET_f2d3f761-0ba3-4279-94cb-056407437c3b,MATCHED,none,7197.59,7197.59,0.0,1.0,"Payment, order, and settlement records successfully reconciled."
pay_a9f948b2-4e63-44bb-be49-3f43b118f68d,ORD00306,SET_43c07d43-93a7-4792-8561-b8dca4364fcd,MATCHED,none,39652.17,39652.17,0.0,1.0,"Payment, order, and settlement records successfully reconciled."
pay_8db06746-7927-4973-9e78-1fd794e0d3ba,ORD00307,SET_92779574-c457-4cc3-b5f7-89bca6b07458,MATCHED,none,41229.59,41229.59,0.0,1.0,"Payment, order, and settlement records successfully reconciled."
pay_ff233d5f-6ced-415d-9800-7c0287ea7ff5,ORD00308,SET_07c0d116-a394-4d54-9e3c-5a886aa56e6d,MATCHED,none,6305.25,6305.25,0.0,1.0,"Payment, order, and settlement records successfully reconciled."
pay_5a104129-54ae-4d1b-8ce6-424dbef59fe6,ORD00309,SET_8baaf744-a08d-421b-a395-4cb17f7f6c0a,MATCHED,none,20185.18,20185.18,0.0,1.0,"Payment, order, and settlement records successfully reconciled."
pay_4e7ed827-455a-4762-b428-a656b3ee4d3b,ORD00310,,EXCEPTION,missing_settlement,27045.08,,,1.0,No settlement record was found for this payment.
pay_b8a6171f-1ee3-4dc4-bb04-8a8b405bfdc9,ORD00311,,EXCEPTION,missing_settlement,29942.03,,,1.0,No settlement record was found for this payment.
pay_be2d740a-1e9b-43bc-90c7-c006314d3441,ORD00312,SET_741b77f5-4c24-4053-a7f5-ae02af5b8f47,MATCHED,none,16183.85,16183.85,0.0,1.0,"Payment, order, and settlement records successfully reconciled."
pay_b0ae8f08-c31e-4bbc-b36c-b62b892e6161,ORD00313,,EXCEPTION,missing_settlement,4657.21,,,1.0,No settlement record was found for this payment.
pay_bd1531c8-3764-4bda-b108-d4482f65fafa,ORD00314,SET_76e5ae78-7bf7-41d3-aa66-2fce7089fc6d,MATCHED,none,47544.24,47544.24,0.0,1.0,"Payment, order, and settlement records successfully reconciled."
pay_96ef2ad6-b97e-4703-86c8-adfe7bf47042,ORD00315,SET_24c778a5-9b4e-464b-9716-dc2e343ada2a,MATCHED,none,2107.56,2107.56,0.0,1.0,"Payment, order, and settlement records successfully reconciled."
pay_98c7472a-864e-4a13-829c-fc0cfa02eaec,ORD00316,SET_51beb80e-b7e6-414c-9c8a-49225005680f,MATCHED,none,25996.3,25996.3,0.0,1.0,"Payment, order, and settlement records successfully reconciled."
pay_d52721e7-19bc-443e-bb02-bebb48729a4d,ORD00317,SET_586a346a-dc5b-47d1-bcef-1972bbf483ce,MATCHED,none,13980.01,13980.01,0.0,1.0,"Payment, order, and settlement records successfully reconciled."
pay_5c62b3a2-3a3c-463e-8bd6-cee631b1b099,ORD00318,SET_c2baf0e0-2179-43f0-a612-4ab4f9b21e6e,MATCHED,none,31775.76,31775.76,0.0,1.0,"Payment, order, and settlement records successfully reconciled."
pay_b540b30e-039f-4a25-8d61-68bd2defe193,ORD00319,SET_1b2ededb-8fc8-4fc0-83d5-bceb5edbb8ee,MATCHED,none,4653.0,4653.0,0.0,1.0,"Payment, order, and settlement records successfully reconciled."
pay_0ba6eab9-4639-447b-a067-bdac88bd13d1,ORD00320,SET_1f5d988f-776a-4f09-bde2-885951b1943c,MATCHED,none,16732.09,16732.09,0.0,1.0,"Payment, order, and settlement records successfully reconciled."
pay_4ac9778d-8da8-4ee4-8df5-6ac6f96b648a,ORD00321,SET_24108e9a-3f77-4cae-b318-b96d44790612,MATCHED,none,8125.16,8125.16,0.0,1.0,"Payment, order, and settlement records successfully reconciled."
pay_a34b6cf6-2053-4a42-b1af-db65b289f224,ORD00322,SET_f204be89-4a4b-4563-8cf4-77ef18c8a616,MATCHED,none,24823.9,24823.9,0.0,1.0,"Payment, order, and settlement records successfully reconciled."
pay_1a432f0a-7daa-49f0-80b6-fce2de53790a,ORD00323,,EXCEPTION,missing_settlement,38048.94,,,1.0,No settlement record was found for this payment.
pay_48ca7651-92f5-4f7b-8323-d342df6a8f93,ORD00324,SET_e6fdd7af-dd84-4acc-b672-94643f8ea40a,MATCHED,none,4494.18,4494.18,0.0,1.0,"Payment, order, and settlement records successfully reconciled."
pay_5738811d-70c2-403f-ba8d-03aa782a65e0,ORD00325,SET_ef0a573d-53d2-456d-9040-158728e213bc,MATCHED,none,5884.49,5884.49,0.0,1.0,"Payment, order, and settlement records successfully reconciled."
pay_40a26c60-0d27-4659-b72a-da9b2f32751e,ORD00326,SET_3098f7b2-500e-45c0-b89b-df7f93e34c35,MATCHED,none,25778.35,25778.35,0.0,1.0,"Payment, order, and settlement records successfully reconciled."
pay_1d34d08e-7a4c-45d4-9c99-e04cf0e98b3b,ORD00327,SET_fef7d9ea-7f8e-4483-a8ca-aa1dc35bec2c,MATCHED,none,43481.44,43481.44,0.0,1.0,"Payment, order, and settlement records successfully reconciled."
pay_7de31a51-6694-4343-90ba-58e3d2762bdc,ORD00328,SET_e10b1a47-7fae-4748-b781-321e83c501cb,MATCHED,none,2804.78,2804.78,0.0,1.0,"Payment, order, and settlement records successfully reconciled."
pay_afbb411a-a123-4a8c-93b7-a88612f70c97,ORD00329,SET_170d7507-05ee-41d4-bf53-a88e4efc8248,MATCHED,none,31169.43,31169.43,0.0,1.0,"Payment, order, and settlement records successfully reconciled."
pay_cfa701cd-2631-400b-a6d7-94d30db95301,ORD00330,SET_750d112e-8164-4eec-a4ab-851bf1fac6e7,MATCHED,none,22157.84,22157.84,0.0,1.0,"Payment, order, and settlement records successfully reconciled."
pay_15ce6a66-4dc8-4a1e-b2f9-e5fa90164161,ORD00331,SET_95560a2d-3713-4466-bda0-6476f778c676,MATCHED,none,13426.11,13426.11,0.0,1.0,"Payment, order, and settlement records successfully reconciled."
pay_8edddfcd-1e52-4770-bf89-7142fe716b14,ORD00332,SET_4806f804-0cf0-474c-8c74-dc0f5a575539,MATCHED,none,14472.65,14472.65,0.0,1.0,"Payment, order, and settlement records successfully reconciled."
pay_989bc4da-9b37-422b-aa8a-616fc3b290d0,ORD00333,,EXCEPTION,missing_settlement,1540.59,,,1.0,No settlement record was found for this payment.
pay_c693da11-39c6-41ca-9e50-aa42ca6dfda1,ORD00334,SET_4926ce5f-7878-4140-ac2a-4f71a77d95f1,MATCHED,none,12040.94,12040.94,0.0,1.0,"Payment, order, and settlement records successfully reconciled."
pay_e893be3d-7354-4a6f-a160-745985c7504b,ORD00335,SET_1b84edc3-d8e0-49de-8217-ea0e896490ab,MATCHED,none,27586.87,27586.87,0.0,1.0,"Payment, order, and settlement records successfully reconciled."
pay_96a9954f-dc33-41f9-8c1f-55ab715629ee,ORD00336,SET_43b47ee5-e1e8-4e7e-a249-8f666e51484d,MATCHED,none,4751.14,4751.14,0.0,1.0,"Payment, order, and settlement records successfully reconciled."
pay_9191b363-4e2d-4645-adc7-cac7fd72b050,ORD00337,SET_673ba8bd-c38c-4dec-9da3-9a73ba3df7ff,MATCHED,none,47358.33,47358.33,0.0,1.0,"Payment, order, and settlement records successfully reconciled."
pay_f5c9b047-9c10-4572-8f6b-40d09efba58b,ORD00338,SET_0d18ab95-668c-4477-8b95-017c5dae1201,EXCEPTION,settlement_delay,46639.39,46639.39,0.0,1.0,Settlement occurred 10 days after payment.
pay_c342bd2b-f295-456e-9967-5f06bd767e35,ORD00339,"SET_6e3c4532-1434-4f62-acac-028cba220065, SET_5cce5ba9-31d4-4e09-8fd3-3afc91fdfa4f",EXCEPTION,duplicate_settlement,35300.04,,,1.0,"Multiple settlements found: SET_6e3c4532-1434-4f62-acac-028cba220065, SET_5cce5ba9-31d4-4e09-8fd3-3afc91fdfa4f"
pay_43bfd931-3605-4f54-a021-c0ca3531968d,ORD00340,SET_62e7c1a6-12d2-4a06-89e1-cd138da00495,MATCHED,none,24176.73,24176.73,0.0,1.0,"Payment, order, and settlement records successfully reconciled."
pay_3d67cde9-2834-44c0-94c8-b3b4a911d192,ORD00341,SET_8cc36f3b-c3af-4cfe-b34a-6ca38116e3fc,MATCHED,none,22893.64,22893.64,0.0,1.0,"Payment, order, and settlement records successfully reconciled."
pay_2812859a-1337-439e-8d4f-5d272c7f0b79,ORD00342,SET_9f8cc29f-fd35-4c5f-9347-9a3b479bc637,MATCHED,none,9611.46,9611.46,0.0,1.0,"Payment, order, and settlement records successfully reconciled."
pay_b07aa066-7354-45ea-a894-9b8d00af5b3a,ORD00343,SET_20f0156a-1e6a-4628-9c6d-52d5ae2e9af9,MATCHED,none,37340.0,37340.0,0.0,1.0,"Payment, order, and settlement records successfully reconciled."
pay_085b15fb-4a8f-4810-b84c-2f29980402a2,ORD00344,SET_5f89ed12-64d6-4fbf-98c0-1e2bf99f0704,MATCHED,none,3583.52,3583.52,0.0,1.0,"Payment, order, and settlement records successfully reconciled."
pay_48603b32-b4fb-4eb9-89c1-3de73b4206c5,ORD00345,SET_8ece1128-56ce-4b42-bc9e-1dcbcb7e6268,MATCHED,none,46718.99,46718.99,0.0,1.0,"Payment, order, and settlement records successfully reconciled."
pay_1238d630-743b-45a2-9c0f-2fcfb3f6fe0d,ORD00346,SET_24eeb4a6-c145-45c7-9d98-6115f05eeefe,MATCHED,none,41045.42,41045.42,0.0,1.0,"Payment, order, and settlement records successfully reconciled."
pay_43b9da13-ec85-4f37-bbc1-a987aff8754d,ORD00347,"SET_66c14dca-8255-4a61-9a3b-031932f57510, SET_DUP_0ec0713d-ea2c-4a51-b688-d11fce4758be",EXCEPTION,duplicate_settlement,14997.94,,,1.0,"Multiple settlements found: SET_66c14dca-8255-4a61-9a3b-031932f57510, SET_DUP_0ec0713d-ea2c-4a51-b688-d11fce4758be"
pay_96fc734d-a003-4d28-8a8f-3653c9af18f8,ORD00348,SET_09f64405-0b99-4034-8a4e-255280051b10,MATCHED,none,49945.23,49945.23,0.0,1.0,"Payment, order, and settlement records successfully reconciled."
pay_32a447b2-ef04-457d-8dcc-c33aa9434aa0,ORD00349,SET_cdd0b4d4-5542-47de-b6ad-f48b2314d0c8,MATCHED,none,7514.91,7514.91,0.0,1.0,"Payment, order, and settlement records successfully reconciled."
pay_398d1ca6-8b68-40b5-9d61-fac36cd5e859,ORD00350,SET_2620f9a9-74fd-43d1-84f2-fd0f79474bfa,MATCHED,none,17321.68,17321.68,0.0,1.0,"Payment, order, and settlement records successfully reconciled."
pay_44007d5a-e88d-4719-a624-2b40a5cb63a2,ORD00351,SET_23c8afdb-83f8-4f16-a4a4-474c9b33e3a4,MATCHED,none,27217.16,27217.16,0.0,1.0,"Payment, order, and settlement records successfully reconciled."
pay_0f44704f-1247-4a4e-a469-98e8d39e198b,ORD00352,SET_518b2f21-9cf2-4859-ae6e-2e7253f591dc,MATCHED,none,16156.69,16156.69,0.0,1.0,"Payment, order, and settlement records successfully reconciled."
pay_9854ce4e-4ebf-45c3-8ae9-b4a72a79ea68,ORD00353,"SET_9dd2f9de-fd98-4e33-a498-abe92999bbef, SET_DUP_6aa0426d-f7c0-45f7-a9a5-3b4f8ff8869d",EXCEPTION,duplicate_settlement,12016.4,,,1.0,"Multiple settlements found: SET_9dd2f9de-fd98-4e33-a498-abe92999bbef, SET_DUP_6aa0426d-f7c0-45f7-a9a5-3b4f8ff8869d"
pay_ebd34616-91b7-4d8e-9301-6989bfbbb17f,ORD00354,SET_97fe56c5-4c9a-4f24-97b4-c294bd44089d,MATCHED,none,42815.05,42815.05,0.0,1.0,"Payment, order, and settlement records successfully reconciled."
pay_77fc9703-1fd5-4423-b06c-5c5649e2623d,ORD00355,SET_827c9f8c-d40a-45e9-81df-6517561c9210,MATCHED,none,15977.0,15977.0,0.0,1.0,"Payment, order, and settlement records successfully reconciled."
pay_670acc5c-b321-4f21-8dd8-eb85b04d3376,ORD00356,SET_901bcdef-b56f-48ce-bd66-971e88476c56,MATCHED,none,45680.17,45680.17,0.0,1.0,"Payment, order, and settlement records successfully reconciled."
pay_8a3c3b5e-801e-41da-85b1-ed25f1533ae8,ORD00357,,EXCEPTION,missing_settlement,49421.86,,,1.0,No settlement record was found for this payment.
pay_9918ee46-1497-4658-b010-f7197e695d0d,ORD00358,SET_1c0f0bdc-ac7e-437c-94cc-1e2a5e4cb287,EXCEPTION,settlement_delay,48244.74,48244.74,0.0,1.0,Settlement occurred 10 days after payment.
pay_bc0a6a5d-6e99-4e3e-a3b1-37fc0a3450fc,ORD00359,"SET_4ec3f970-956d-40e4-aaa2-6216fada98f5, SET_DUP_636f6e5c-2253-4706-87ad-8b268eaa5841",EXCEPTION,duplicate_settlement,48271.14,,,1.0,"Multiple settlements found: SET_4ec3f970-956d-40e4-aaa2-6216fada98f5, SET_DUP_636f6e5c-2253-4706-87ad-8b268eaa5841"
pay_069f14f1-4018-4c6e-9a8c-fa3c5283aac7,ORD00360,SET_df41e335-b9ae-48e4-a615-99c8cbf81f86,MATCHED,none,5108.19,5108.19,0.0,1.0,"Payment, order, and settlement records successfully reconciled."
pay_ac9ed156-f63f-4e41-ba9a-ca5e176132ed,ORD00361,,EXCEPTION,missing_settlement,26344.96,,,1.0,No settlement record was found for this payment.
pay_964db03f-9340-4fad-9c4a-d56bd6016237,ORD00362,SET_a7d4cf50-f791-41e5-83f9-cd6b797ebe87,MATCHED,none,36149.95,36149.95,0.0,1.0,"Payment, order, and settlement records successfully reconciled."
pay_c3c75611-ffe3-4a49-854f-92fff366bad4,ORD00363,SET_9416e4dc-c6b2-4def-b8d8-b7f1c86c6544,MATCHED,none,32773.59,32773.59,0.0,1.0,"Payment, order, and settlement records successfully reconciled."
pay_9384ec2b-44fe-4cae-9248-a9a7ac1aa554,ORD00364,SET_0d259caa-b8ad-4d87-ba40-45dd93dfd907,MATCHED,none,23527.58,23527.58,0.0,1.0,"Payment, order, and settlement records successfully reconciled."
pay_2cd94cbb-c19a-458c-835b-1c8c0a4c9f7f,ORD00365,SET_86341718-2ba6-4db3-bafe-b1149561c813,MATCHED,none,31200.64,31200.64,0.0,1.0,"Payment, order, and settlement records successfully reconciled."
pay_7135f221-a6c9-437f-84da-d06a7872bdeb,ORD00366,SET_c64c9647-9ea7-417c-b89f-7039a107cc46,MATCHED,none,4107.73,4107.73,0.0,1.0,"Payment, order, and settlement records successfully reconciled."
pay_ff37d19c-2e76-428b-8735-44f9ea83bf00,ORD00367,SET_d25864f2-25d4-40fc-a154-2765d756ba9c,MATCHED,none,33750.44,33750.44,0.0,1.0,"Payment, order, and settlement records successfully reconciled."
pay_d0725b5c-a281-4044-af96-288295d82980,ORD00368,SET_9293f705-0815-4147-be00-980eae441e21,MATCHED,none,47711.57,47711.57,0.0,1.0,"Payment, order, and settlement records successfully reconciled."
pay_785299f4-175b-498d-b814-01027de1bdfe,ORD00369,SET_30d73df7-1c22-4cea-b355-56a5f2bd92f2,MATCHED,none,27096.7,27096.7,0.0,1.0,"Payment, order, and settlement records successfully reconciled."
pay_5230dfbd-5553-42fe-a889-803e5913f9d3,ORD00370,,EXCEPTION,missing_settlement,11815.04,,,1.0,No settlement record was found for this payment.
pay_292bd156-db94-4570-9ac7-0ec0ab8ddeb4,ORD00371,SET_34323ec6-b0c4-401c-a9b7-c0fa26c432f6,MATCHED,none,37363.64,37363.64,0.0,1.0,"Payment, order, and settlement records successfully reconciled."
pay_7ed70ed7-b194-490b-a961-929e546e035a,ORD00372,SET_9c89d374-c664-45a7-8077-3e33690e7e62,MATCHED,none,38042.45,38042.45,0.0,1.0,"Payment, order, and settlement records successfully reconciled."
pay_668409e3-f1f8-443e-a99f-131849c8a43f,ORD00373,SET_d92f3c1e-df70-4b2a-b8bb-22a5eba742d2,MATCHED,none,8401.6,8401.6,0.0,1.0,"Payment, order, and settlement records successfully reconciled."
pay_0964fbbf-8cd3-41b0-82b0-1cfdd045dd1c,ORD00374,SET_b4adaf89-0ff1-4a9f-ba37-0623bc5fd4dd,MATCHED,none,1544.47,1544.47,0.0,1.0,"Payment, order, and settlement records successfully reconciled."
pay_409d3602-5084-4242-968b-1625746f7891,ORD00375,,EXCEPTION,missing_settlement,2900.35,,,1.0,No settlement record was found for this payment.
pay_c5c5b37a-f85e-46a1-9dad-09b252c21221,ORD00376,SET_7a768555-a987-4218-bf84-faef5336723b,MATCHED,none,21591.27,21591.27,0.0,1.0,"Payment, order, and settlement records successfully reconciled."
pay_d32e6dcd-83bc-4478-9d6a-c7b86778043b,ORD00377,SET_f4e95734-5052-4700-a077-96a38685abaa,MATCHED,none,20661.38,20661.38,0.0,1.0,"Payment, order, and settlement records successfully reconciled."
pay_de8ede0b-a85c-4e4a-804b-6fabfcf56188,ORD00378,SET_887b03e5-e980-4808-b5ac-824c2c55aef7,MATCHED,none,8835.96,8835.96,0.0,1.0,"Payment, order, and settlement records successfully reconciled."
pay_0de051a6-69ca-47d2-b644-14fd8ae769ed,ORD00379,SET_ad05b912-5ab2-4d4a-8bd8-8fcd57a2be4e,EXCEPTION,settlement_delay,19188.96,19188.96,0.0,1.0,Settlement occurred 10 days after payment.
pay_9f64eeed-5c9d-427d-84b8-71bb300568d2,ORD00380,,EXCEPTION,missing_settlement,45650.17,,,1.0,No settlement record was found for this payment.
pay_71299889-a01a-4992-bf9d-3e64c1a6423b,ORD00381,,EXCEPTION,missing_settlement,23111.38,,,1.0,No settlement record was found for this payment.
pay_445dcc38-341c-4494-8d36-6dfcc28ebd70,ORD00382,SET_f5141058-3138-4975-bbf3-3a349c2dfa97,MATCHED,none,12840.8,12840.8,0.0,1.0,"Payment, order, and settlement records successfully reconciled."
pay_49bc473f-ed7b-4656-a18a-15368c99a894,ORD00383,,EXCEPTION,missing_settlement,40251.19,,,1.0,No settlement record was found for this payment.
pay_7c16128d-b2c0-4394-a17f-29e170286046,ORD00384,SET_fb756923-f910-4bb3-b105-32523990e2c9,MATCHED,none,27375.25,27375.25,0.0,1.0,"Payment, order, and settlement records successfully reconciled."
pay_a14923c2-f920-464c-8763-fcd01f15c7b6,ORD00385,SET_b4746349-49fc-4cd8-856b-ad4c4c3077c4,MATCHED,none,47267.26,47267.26,0.0,1.0,"Payment, order, and settlement records successfully reconciled."
pay_b5b453ca-3d42-493c-8c9f-d3349bdf0377,ORD00386,SET_7d2f4e58-b47a-4c5b-b0b3-901535102852,MATCHED,none,31983.04,31983.04,0.0,1.0,"Payment, order, and settlement records successfully reconciled."
pay_03802b70-8d03-491e-8f8d-5238288b78b5,ORD00387,,EXCEPTION,missing_settlement,12579.9,,,1.0,No settlement record was found for this payment.
pay_3985fb62-17dc-4eff-a872-13f98d605936,ORD00388,SET_b8beff3d-cb9f-4f6d-af3a-6f27ef06fccb,MATCHED,none,49968.74,49968.74,0.0,1.0,"Payment, order, and settlement records successfully reconciled."
pay_1d0bc9bd-e9b5-45cf-9766-5cdafe049059,ORD00389,SET_92cf6021-1f33-442d-89ac-908746015028,MATCHED,none,11936.56,11936.56,0.0,1.0,"Payment, order, and settlement records successfully reconciled."
pay_a5d04d53-1e12-42e3-b272-92b6762172ed,ORD00390,,EXCEPTION,missing_settlement,28783.12,,,1.0,No settlement record was found for this payment.
pay_eec259dc-7f95-497c-a76a-a6ced50755d9,ORD00391,SET_585abefb-d181-4f77-a500-1423faebcd19,MATCHED,none,48899.43,48899.43,0.0,1.0,"Payment, order, and settlement records successfully reconciled."
pay_b495db4e-8245-4fb4-8ab7-706eb77350ca,ORD00392,SET_257f7595-cdfb-4db9-85e7-8b23f4613f09,MATCHED,none,504.09,504.09,0.0,1.0,"Payment, order, and settlement records successfully reconciled."
pay_7b85179a-d5b0-47e0-aa5d-932b45ff2c83,ORD00393,,EXCEPTION,missing_settlement,30359.68,,,1.0,No settlement record was found for this payment.
pay_74eff545-3e65-4603-b8e3-654bfaf14ff0,ORD00394,SET_ec8be537-58ab-4778-943b-45e3b6d1f6bb,MATCHED,none,45217.35,45217.35,0.0,1.0,"Payment, order, and settlement records successfully reconciled."
pay_30cbd755-6232-417a-a507-41818d1fb540,ORD00395,SET_bf519362-41a6-4fed-a7ed-c8d8713f8f8c,MATCHED,none,39963.12,39963.12,0.0,1.0,"Payment, order, and settlement records successfully reconciled."
pay_bf0d073d-821c-4336-9970-cf60ebff8d15,ORD00396,SET_d3f4a49b-33ba-4a88-b6c7-d6fa7aa4f052,MATCHED,none,17680.82,17680.82,0.0,1.0,"Payment, order, and settlement records successfully reconciled."
pay_11df12d7-dd30-4e89-a2f2-35f2e11b868d,ORD00397,SET_8fe069b6-eeda-4802-8568-f42689e03e22,MATCHED,none,12606.28,12606.28,0.0,1.0,"Payment, order, and settlement records successfully reconciled."
pay_dabac50d-ca3d-4859-85ce-099c46b82659,ORD00398,,EXCEPTION,missing_settlement,4948.48,,,1.0,No settlement record was found for this payment.
pay_c9a7d91f-ef2a-4713-9702-10496a39aaa6,ORD00399,,EXCEPTION,missing_settlement,39451.66,,,1.0,No settlement record was found for this payment.
pay_00a81de9-d20f-47d0-8465-6d6b81fb18b3,ORD00400,SET_e7ba26ac-ab7a-4d1c-8cfe-f6833e11bafe,MATCHED,none,18306.58,18306.58,0.0,1.0,"Payment, order, and settlement records successfully reconciled."
pay_d664d264-4c6e-47ff-b9de-7a3a486822b9,ORD00401,SET_3b9b2d45-a350-45e4-b9c5-9df987f255d6,MATCHED,none,45490.43,45490.43,0.0,1.0,"Payment, order, and settlement records successfully reconciled."
pay_a8f1e091-ffb8-402d-9475-dbc996418ced,ORD00402,SET_548e1f6b-69ce-4e4e-99a6-92c90d700ea4,MATCHED,none,20833.6,20833.6,0.0,1.0,"Payment, order, and settlement records successfully reconciled."
pay_7250ee18-260a-4962-9d81-b7f57d5911c6,ORD00403,SET_ae62990c-19bd-4f93-b8ef-7666b7a4c719,MATCHED,none,39346.99,39346.99,0.0,1.0,"Payment, order, and settlement records successfully reconciled."
pay_551ac8ea-585a-4afa-bbfd-cc1289e06ab3,ORD00404,SET_f6eab3a0-0153-4221-a331-0a28c550eca8,MATCHED,none,25139.56,25139.56,0.0,1.0,"Payment, order, and settlement records successfully reconciled."
pay_6090d697-8b1e-4b9d-834b-9fbb8d4a75b8,ORD00405,SET_286ed390-edd9-4a1a-ba58-5b278ce3e7c3,EXCEPTION,settlement_delay,8310.77,8310.77,0.0,1.0,Settlement occurred 10 days after payment.
pay_de9e3757-5260-401e-aecf-67d2749176f4,ORD00406,SET_e1721c83-ef5e-4376-a723-fb72682b163a,MATCHED,none,40343.78,40343.78,0.0,1.0,"Payment, order, and settlement records successfully reconciled."
pay_3d225c30-b28f-41de-bb14-0bc3304b8590,ORD00407,SET_a689b424-7a3a-40e1-b9c7-73a0e0decc3d,MATCHED,none,5846.97,5846.97,0.0,1.0,"Payment, order, and settlement records successfully reconciled."
pay_db23aa8c-3bca-4f85-a20a-60ac9261549d,ORD00408,,EXCEPTION,missing_settlement,37732.16,,,1.0,No settlement record was found for this payment.
pay_517400f8-0b2c-482a-a928-8e92c68a152f,ORD00409,SET_0f25477d-a559-40e7-8910-fade52380bf2,MATCHED,none,33848.55,33848.55,0.0,1.0,"Payment, order, and settlement records successfully reconciled."
pay_e9d68f23-b489-4070-b914-f8a8bea4ff31,ORD00410,SET_a6fd0cb1-16e6-45c0-84cb-294fe86e8e63,MATCHED,none,42302.65,42302.65,0.0,1.0,"Payment, order, and settlement records successfully reconciled."
pay_fd08b32c-62d6-4e93-a198-5d54cfb87e6f,ORD00411,SET_bd1a8f4b-88ff-4d40-bb72-c86d92fa675f,MATCHED,none,4606.11,4606.11,0.0,1.0,"Payment, order, and settlement records successfully reconciled."
pay_a6eab79e-d21c-42f8-8ada-4f80a9e782d4,ORD00412,,EXCEPTION,missing_settlement,13296.48,,,1.0,No settlement record was found for this payment.
pay_f6febc0e-7ecd-4baf-a6f0-5fcffb16e5db,ORD00413,"SET_6afa828c-2cd1-4b9f-abe5-841fe9c96c52, SET_86879aa9-14f5-43d0-8991-2032df85c777",EXCEPTION,duplicate_settlement,18492.42,,,1.0,"Multiple settlements found: SET_6afa828c-2cd1-4b9f-abe5-841fe9c96c52, SET_86879aa9-14f5-43d0-8991-2032df85c777"
pay_f72169bb-8096-4718-a051-acef097a1e10,ORD00414,SET_ef158d5b-2d00-4d05-966d-4627e1dace6a,MATCHED,none,19113.17,19113.17,0.0,1.0,"Payment, order, and settlement records successfully reconciled."
pay_19b17e80-dea4-4e17-94fd-9ad39716108e,ORD00415,,EXCEPTION,missing_settlement,33774.34,,,1.0,No settlement record was found for this payment.
pay_1986b4b2-70b7-4868-9854-80f0dfcaf0b7,ORD00416,,EXCEPTION,missing_settlement,31015.39,,,1.0,No settlement record was found for this payment.
pay_03edd1f8-74f9-4d17-a912-b4bf86a4bae4,ORD00417,SET_df4e713e-f64e-4dfc-bfbe-ac7aefc59738,MATCHED,none,45771.27,45771.27,0.0,1.0,"Payment, order, and settlement records successfully reconciled."
pay_def57689-68f4-4bce-a4e7-5e8eb8f21423,ORD00418,SET_0997623a-e072-4d96-8a1a-81f5ed10f004,EXCEPTION,settlement_delay,3254.53,3254.53,0.0,1.0,Settlement occurred 10 days after payment.
pay_1327f1bc-2784-478f-b84f-16b3a79fbfaf,ORD00419,SET_9a4ffc0c-9165-42ed-8c63-6e95025f5543,MATCHED,none,35083.75,35083.75,0.0,1.0,"Payment, order, and settlement records successfully reconciled."
pay_43d88870-f81d-4aa1-8812-0a8e78308930,ORD00420,SET_55c551fc-fba5-4cc8-adaf-37661b780ede,MATCHED,none,7074.87,7074.87,0.0,1.0,"Payment, order, and settlement records successfully reconciled."
pay_65c17795-b155-46bc-9f8d-ed9756abf2f1,ORD00421,SET_a42d0cd7-fd35-4f6a-b450-388748d90846,MATCHED,none,49796.78,49796.78,0.0,1.0,"Payment, order, and settlement records successfully reconciled."
pay_541cdfcd-da0d-4a5f-948f-8b74a65bb1f2,ORD00422,SET_e3a68a70-7e71-4b55-8639-bd418b15bd94,MATCHED,none,11816.52,11816.52,0.0,1.0,"Payment, order, and settlement records successfully reconciled."
pay_889b78d5-dbfd-497e-aca2-b148da330aa1,ORD00423,SET_811414f8-d9df-4d0e-a25a-ed6cf0458043,MATCHED,none,19493.43,19493.43,0.0,1.0,"Payment, order, and settlement records successfully reconciled."
pay_a075e927-5110-4492-b442-7e0b61484bb3,ORD00424,SET_cf0e6d2b-315c-467a-85d8-a6ad77d0359e,MATCHED,none,47474.1,47474.1,0.0,1.0,"Payment, order, and settlement records successfully reconciled."
pay_7cea2045-c268-483e-a32f-2e63b7fddd71,ORD00425,SET_bb2aa146-2999-494c-94a7-b69b1cd66b09,MATCHED,none,29408.28,29408.28,0.0,1.0,"Payment, order, and settlement records successfully reconciled."
pay_9e11d2cd-0930-4ef6-8a80-068ddf547e50,ORD00426,SET_b7f60cdf-41dc-4c60-a5f6-0735757b6b29,MATCHED,none,20802.74,20802.74,0.0,1.0,"Payment, order, and settlement records successfully reconciled."
pay_af34cf65-a193-44b2-bc19-e71d118405ad,ORD00427,SET_564cfbd2-bc92-4d81-839b-058c2faabe0b,MATCHED,none,24518.42,24518.42,0.0,1.0,"Payment, order, and settlement records successfully reconciled."
pay_3a3c8a71-ff57-4e2b-8991-ab9bebc2026f,ORD00428,SET_aca58d95-915a-4c30-8b86-b5a1ca6fbff8,MATCHED,none,47580.92,47580.92,0.0,1.0,"Payment, order, and settlement records successfully reconciled."
pay_fa745761-6f18-4108-9723-199dbf2c14a0,ORD00429,SET_9c678393-2ced-4c0d-b173-04b5c1dd484a,MATCHED,none,18589.44,18589.44,0.0,1.0,"Payment, order, and settlement records successfully reconciled."
pay_b4323070-a23d-4c2f-82a7-96891933918c,ORD00430,,EXCEPTION,missing_settlement,47532.7,,,1.0,No settlement record was found for this payment.
pay_2a96e1e2-7194-4ae2-99ba-d7aedf615a5c,ORD00431,SET_53f30073-83e9-4ef4-ad7d-f5d0d3b59af7,MATCHED,none,49048.29,49048.29,0.0,1.0,"Payment, order, and settlement records successfully reconciled."
pay_0769165f-e746-4cb9-8ca9-cf07b1aa0f6a,ORD00432,SET_186b2880-ab54-4a15-a69d-01ff1634725b,MATCHED,none,45094.64,45094.64,0.0,1.0,"Payment, order, and settlement records successfully reconciled."
pay_0e5dd462-cbd0-4ef2-930a-37df0bc61066,ORD00433,SET_7a3a6e96-23ff-43d3-bb4f-b88a2f4dd219,MATCHED,none,19967.17,19967.17,0.0,1.0,"Payment, order, and settlement records successfully reconciled."
pay_6e417d47-5ff5-45ea-9bc4-40f14b1a269b,ORD00434,SET_01bf9e73-3f80-4385-af92-40b652d78f10,MATCHED,none,6195.77,6195.77,0.0,1.0,"Payment, order, and settlement records successfully reconciled."
pay_697c3923-87fa-441a-be83-b91f25440fe0,ORD00435,,EXCEPTION,missing_settlement,33172.16,,,1.0,No settlement record was found for this payment.
pay_2e183554-cae2-4e66-ae8a-781390e0a95b,ORD00436,SET_546252e7-f43b-4052-8459-bd6ec0f63229,MATCHED,none,1165.74,1165.74,0.0,1.0,"Payment, order, and settlement records successfully reconciled."
pay_9c07a751-1437-4509-acd1-586a2b840c67,ORD00437,"SET_92a81713-b90e-444b-951c-25d54d4c5280, SET_DUP_548c1d84-340d-4049-8147-65063e2bf9c9",EXCEPTION,duplicate_settlement,49442.16,,,1.0,"Multiple settlements found: SET_92a81713-b90e-444b-951c-25d54d4c5280, SET_DUP_548c1d84-340d-4049-8147-65063e2bf9c9"
pay_aee1e86b-9ea5-46aa-a1ee-6c5bdeef580f,ORD00438,SET_5c0b9b10-a757-4b10-82f5-25b902ed73ce,MATCHED,none,3523.65,3523.65,0.0,1.0,"Payment, order, and settlement records successfully reconciled."
pay_9549c931-e9af-499d-bf67-1eec3da70577,ORD00439,SET_aaf407f7-0fe7-4149-bc7e-5368b1594847,MATCHED,none,29360.52,29360.52,0.0,1.0,"Payment, order, and settlement records successfully reconciled."
pay_a34db7c5-760d-4bbb-bb70-b3a124a35cf2,ORD00440,SET_28e333b6-4e8a-4c4b-b724-20411e43fbd2,MATCHED,none,38740.99,38740.99,0.0,1.0,"Payment, order, and settlement records successfully reconciled."
pay_aab612c9-415d-474a-b5a6-69814104a8b5,ORD00441,SET_ec50ace4-80a5-4e65-afa2-855967c96204,MATCHED,none,13936.01,13936.01,0.0,1.0,"Payment, order, and settlement records successfully reconciled."
pay_771ad655-cdfc-4ee0-a61e-de900267deb3,ORD00442,SET_c5144d98-b41c-404f-a346-f415e5267a2b,MATCHED,none,27056.75,27056.75,0.0,1.0,"Payment, order, and settlement records successfully reconciled."
pay_8beddb12-ad77-482f-89a2-3a89e6b5a92c,ORD00443,,EXCEPTION,missing_settlement,33086.78,,,1.0,No settlement record was found for this payment.
pay_f1faf665-7115-43f3-92e8-9d1028711733,ORD00444,SET_5e175b66-4b87-459f-b0cd-7f05ea87855e,MATCHED,none,841.53,841.53,0.0,1.0,"Payment, order, and settlement records successfully reconciled."
pay_4c955f6a-966b-4964-bcd6-bdca5876fd09,ORD00445,SET_f5159494-3818-4fd3-b889-936a9d5817e8,MATCHED,none,16256.2,16256.2,0.0,1.0,"Payment, order, and settlement records successfully reconciled."
pay_b0b862ef-6c9f-42b9-b647-8986a3917c99,ORD00446,,EXCEPTION,missing_settlement,2714.71,,,1.0,No settlement record was found for this payment.
pay_4d57d880-d865-469a-b4f3-310340066ff2,ORD00447,SET_5fa5e0aa-9b11-4530-bd24-7c11bf6b8cdf,MATCHED,none,5771.1,5771.1,0.0,1.0,"Payment, order, and settlement records successfully reconciled."
pay_da743152-627b-41a1-bfd6-f23232ffe294,ORD00448,SET_e9ad0e9b-8c9a-41e9-b3b2-63376a74dbb7,MATCHED,none,22468.93,22468.93,0.0,1.0,"Payment, order, and settlement records successfully reconciled."
pay_61a11729-3cb9-4350-9b4d-a0fe7bb38605,ORD00449,SET_cd4f8b2b-899a-4252-81e1-b94a78883058,MATCHED,none,29723.93,29723.93,0.0,1.0,"Payment, order, and settlement records successfully reconciled."
pay_4bbe4aff-9326-4ffd-9be4-bf5192698698,ORD00450,SET_c3093b6e-37e9-42e2-935a-c07aaa0217d0,MATCHED,none,11155.33,11155.33,0.0,1.0,"Payment, order, and settlement records successfully reconciled."
pay_059dd55d-4b94-4e30-b303-f438fe2110d0,ORD00451,"SET_98874bfe-c136-4c65-ae2a-e3413f59e4f2, SET_DUP_73253aa3-ec17-4298-943d-f5b3a58e83dd",EXCEPTION,duplicate_settlement,36389.43,,,1.0,"Multiple settlements found: SET_98874bfe-c136-4c65-ae2a-e3413f59e4f2, SET_DUP_73253aa3-ec17-4298-943d-f5b3a58e83dd"
pay_6553867d-a881-4fd3-947d-577bfa5a91ca,ORD00452,,EXCEPTION,missing_settlement,22956.32,,,1.0,No settlement record was found for this payment.
pay_dd750e98-90e0-495f-8212-b554464458b4,ORD00453,,EXCEPTION,missing_settlement,49929.48,,,1.0,No settlement record was found for this payment.
pay_f93e08d5-bea2-4dfe-873f-6e1baf908e3c,ORD00454,SET_1cb9b73a-906d-4c8c-aad0-8c8913fe8a29,MATCHED,none,34336.27,34336.27,0.0,1.0,"Payment, order, and settlement records successfully reconciled."
pay_bec39a37-9b3d-44bd-a91e-314e0c8e29e3,ORD00455,SET_e723ada3-8c32-4db2-942a-895e0fcf601f,MATCHED,none,45494.07,45494.07,0.0,1.0,"Payment, order, and settlement records successfully reconciled."
pay_e726be23-e776-4886-9534-ee1d7f2984f5,ORD00456,"SET_89628f6e-929c-43b3-b3c0-8bf18167999f, SET_DUP_891f6912-17ab-4863-9efe-ef4fd8ddbbc0",EXCEPTION,duplicate_settlement,4131.44,,,1.0,"Multiple settlements found: SET_89628f6e-929c-43b3-b3c0-8bf18167999f, SET_DUP_891f6912-17ab-4863-9efe-ef4fd8ddbbc0"
pay_3ae909fe-cc82-48da-8696-f5e64944051b,ORD00457,SET_dabf984e-53ff-4461-aa1f-1b61265cb9d9,MATCHED,none,3377.54,3377.54,0.0,1.0,"Payment, order, and settlement records successfully reconciled."
pay_3810ae66-5a31-44cc-8d4b-69a99b689c88,ORD00458,SET_ae27d432-1dc1-47eb-b11c-767385351a69,MATCHED,none,31690.53,31690.53,0.0,1.0,"Payment, order, and settlement records successfully reconciled."
pay_402913ec-9ef2-493e-b0ac-7d7ba2f963a3,ORD00459,SET_7d23d479-9549-4a82-b787-ef8d3495311e,MATCHED,none,16326.75,16326.75,0.0,1.0,"Payment, order, and settlement records successfully reconciled."
pay_c478f6f1-b88e-4318-816d-83edad81f8bd,ORD00460,SET_720b274b-82a7-4586-a61d-9cde1747f387,MATCHED,none,14815.4,14815.4,0.0,1.0,"Payment, order, and settlement records successfully reconciled."
pay_2303f6c6-d69d-42f1-ae4c-84ffa8c01f05,ORD00461,SET_21c71aa3-7414-43b5-8e3e-25f2cf0671c7,MATCHED,none,21566.95,21566.95,0.0,1.0,"Payment, order, and settlement records successfully reconciled."
pay_a0a11839-e745-4704-98df-bc3ca0d4de3d,ORD00462,SET_905c7bdd-74f0-4eae-aa59-43ce836435e3,MATCHED,none,32770.18,32770.18,0.0,1.0,"Payment, order, and settlement records successfully reconciled."
pay_c9e26074-4f16-49a0-8a17-991ea5769411,ORD00463,SET_ac3a812f-765e-4cb5-8f0d-55400ec7d662,MATCHED,none,43288.07,43288.07,0.0,1.0,"Payment, order, and settlement records successfully reconciled."
pay_5d678bb1-945e-42e4-888a-93ec70d9c9f8,ORD00464,,EXCEPTION,missing_settlement,44415.74,,,1.0,No settlement record was found for this payment.
pay_e8dd5e5a-1712-4b16-a1a4-344fbb7bee03,ORD00465,,EXCEPTION,missing_settlement,41388.22,,,1.0,No settlement record was found for this payment.
pay_6a5e6920-bf5a-47e6-93a3-dd5a4b8c5bdc,ORD00466,,EXCEPTION,missing_settlement,36507.66,,,1.0,No settlement record was found for this payment.
pay_c958e75e-21d5-4971-b367-49b52cf6bf75,ORD00467,SET_b34c6c73-5833-4b30-ac77-6e950b981ccd,MATCHED,none,15694.93,15694.93,0.0,1.0,"Payment, order, and settlement records successfully reconciled."
pay_5da8d6d2-f8b3-4a8b-a05f-b8bc8a16a06c,ORD00468,SET_0f6ce9bf-fe7e-4362-8a89-b0f0105291d3,MATCHED,none,47684.27,47684.27,0.0,1.0,"Payment, order, and settlement records successfully reconciled."
pay_45c45a3e-e9da-484a-8075-9f1f87e5f0fe,ORD00469,,EXCEPTION,missing_settlement,4652.12,,,1.0,No settlement record was found for this payment.
pay_e9ff1cae-41c8-4a8c-aa1f-955ad499da99,ORD00470,SET_497ec6d1-081f-46dc-b8d9-a88aef0bea4f,MATCHED,none,21650.64,21650.64,0.0,1.0,"Payment, order, and settlement records successfully reconciled."
pay_f7a67b94-7b5a-411a-b1b6-4afed31edf1a,ORD00471,SET_22ab7752-c4db-4a62-ae13-418d68ab80ea,MATCHED,none,6592.76,6592.76,0.0,1.0,"Payment, order, and settlement records successfully reconciled."
pay_ded255d0-bf1e-4366-8b8e-63d4ce7607ad,ORD00472,,EXCEPTION,missing_settlement,47835.57,,,1.0,No settlement record was found for this payment.
pay_77e490c7-1d7b-4313-8de2-2f1c56b60afc,ORD00473,,EXCEPTION,missing_settlement,33533.66,,,1.0,No settlement record was found for this payment.
pay_c1101266-2408-46dc-9346-d1a9f6802cdb,ORD00474,SET_72d35458-61ea-4f30-a42e-707afe2bd987,MATCHED,none,43693.01,43693.01,0.0,1.0,"Payment, order, and settlement records successfully reconciled."
pay_ad238d36-dc32-4c97-b9c1-e262f76c8ede,ORD00475,SET_60a399d4-e821-4716-aac8-0da1de9f6f5b,MATCHED,none,45800.6,45800.6,0.0,1.0,"Payment, order, and settlement records successfully reconciled."
pay_65bcc272-fadd-4ea3-aca5-e2fdb966442a,ORD00476,SET_f6d22a7b-aec7-4a82-948b-4376602a4e57,MATCHED,none,14452.71,14452.71,0.0,1.0,"Payment, order, and settlement records successfully reconciled."
pay_8eac0a33-cdf9-44a7-9882-b5c1f79efd70,ORD00477,SET_220b9ea9-8a0f-4508-9fe2-c0a0a96b3c42,MATCHED,none,5269.67,5269.67,0.0,1.0,"Payment, order, and settlement records successfully reconciled."
pay_6502d6a2-ca6a-4224-971e-16cc5da36f1b,ORD00478,SET_1e5ebe54-5907-4299-9c3b-bdd8a74e02a9,MATCHED,none,7821.04,7821.04,0.0,1.0,"Payment, order, and settlement records successfully reconciled."
pay_1fa382e8-895c-4d99-83b3-8eb403902c5d,ORD00479,,EXCEPTION,missing_settlement,42379.01,,,1.0,No settlement record was found for this payment.
pay_bfbf397b-ac3e-4b0d-9e5b-a13d746cdb77,ORD00480,,EXCEPTION,missing_settlement,27857.65,,,1.0,No settlement record was found for this payment.
pay_618ae305-95a5-4afa-831d-029fac1e86d8,ORD00481,SET_c194f97f-00e3-4026-95b6-de85390239d9,MATCHED,none,14000.55,14000.55,0.0,1.0,"Payment, order, and settlement records successfully reconciled."
pay_5f18e583-f0b6-483f-a377-f6f1d289f0ab,ORD00482,SET_76876c62-4c61-445e-ba7e-5d9405d1fb63,MATCHED,none,21512.71,21512.71,0.0,1.0,"Payment, order, and settlement records successfully reconciled."
pay_78b2b549-3bdb-409e-acc2-16a01bbc91f7,ORD00483,SET_6c93a791-8b60-4511-b816-8aebac6a7c85,EXCEPTION,settlement_delay,38394.88,38394.88,0.0,1.0,Settlement occurred 10 days after payment.
pay_f1738856-e25d-46eb-9e9a-9f83066803ee,ORD00484,SET_3acb43a3-d2c7-4ffb-a118-433b882ccd1e,MATCHED,none,33781.34,33781.34,0.0,1.0,"Payment, order, and settlement records successfully reconciled."
pay_9c2e58de-ea4e-4617-93f8-382b8fb864e4,ORD00485,SET_27b608dc-589d-4cb0-b5eb-89c23f5cf2f3,MATCHED,none,30488.85,30488.85,0.0,1.0,"Payment, order, and settlement records successfully reconciled."
pay_a2a9d4d8-102e-4de5-a5cc-8bf738ab854c,ORD00486,SET_e00da49d-effa-4002-b040-413c4690fb15,MATCHED,none,9102.76,9102.76,0.0,1.0,"Payment, order, and settlement records successfully reconciled."
pay_b379cb1e-e8cd-40cc-b6da-3ca0d2e82f38,ORD00487,SET_083f64c3-1ce3-42f8-83f7-25feb99b2b5a,MATCHED,none,17057.25,17057.25,0.0,1.0,"Payment, order, and settlement records successfully reconciled."
pay_1dde7969-6886-43db-a634-8e784d5c55c7,ORD00488,SET_9d6b9b62-6b53-4a19-a902-b73fcf39f648,MATCHED,none,43506.15,43506.15,0.0,1.0,"Payment, order, and settlement records successfully reconciled."
pay_0986bbeb-f23e-423d-8b9b-d93423c86d30,ORD00489,SET_e39836bb-e23d-4faa-afad-49e9c41c147e,EXCEPTION,settlement_delay,20099.14,20099.14,0.0,1.0,Settlement occurred 10 days after payment.
pay_1dba1267-7e1c-45a1-bef5-18a64dead645,ORD00490,,EXCEPTION,missing_settlement,31695.28,,,1.0,No settlement record was found for this payment.
pay_899ca782-e323-4d1a-bc1b-dacc18e19331,ORD00491,SET_7249f62c-0898-4462-980c-b95c19d45deb,MATCHED,none,37330.98,37330.98,0.0,1.0,"Payment, order, and settlement records successfully reconciled."
pay_5efa9c5b-7421-4f46-a37e-4b0122bae10e,ORD00492,SET_df495037-b40a-4181-ac09-bdb799086e47,MATCHED,none,21049.64,21049.64,0.0,1.0,"Payment, order, and settlement records successfully reconciled."
pay_b24cc64f-be3e-4e57-b30a-9e32aba4fc03,ORD00493,,EXCEPTION,missing_settlement,18565.65,,,1.0,No settlement record was found for this payment.
pay_965befdf-6b4b-4411-8a4a-0e2df22b5b98,ORD00494,SET_8a2db2e6-3bfd-48a6-b05f-ddf566fadca0,MATCHED,none,47076.23,47076.23,0.0,1.0,"Payment, order, and settlement records successfully reconciled."
pay_e2aa7a5d-278e-400d-ba02-66efbe055787,ORD00495,SET_c6ac1b04-dd1d-4cd1-811f-6bf5379ef467,MATCHED,none,44178.78,44178.78,0.0,1.0,"Payment, order, and settlement records successfully reconciled."
pay_d56ce8ea-1959-4b5a-a7a8-f6366a35df59,ORD00496,"SET_f296d9f0-cd23-42c2-abff-e17b532401fc, SET_fe54ee4b-80ff-4173-a3df-ecd70e731dd7",EXCEPTION,duplicate_settlement,37746.35,,,1.0,"Multiple settlements found: SET_f296d9f0-cd23-42c2-abff-e17b532401fc, SET_fe54ee4b-80ff-4173-a3df-ecd70e731dd7"
pay_f065c817-687a-4850-9d9b-62317d45d8ef,ORD00497,SET_ea98fef8-d0d7-4e37-bbf2-025f4a0d2b73,MATCHED,none,4170.92,4170.92,0.0,1.0,"Payment, order, and settlement records successfully reconciled."
pay_b0b63bcf-0860-4833-879d-0cdaf396ea37,ORD00498,"SET_93d563ae-51a3-4c26-937b-f79bbb44badc, SET_DUP_9adf4709-ac75-4344-a08e-149e44b9e602",EXCEPTION,duplicate_settlement,21258.34,,,1.0,"Multiple settlements found: SET_93d563ae-51a3-4c26-937b-f79bbb44badc, SET_DUP_9adf4709-ac75-4344-a08e-149e44b9e602"
pay_71d79665-7181-4dcf-b79e-fc6e5edb0d3c,ORD00499,SET_d18183d1-ac2b-4cfc-85c5-1060991121e7,MATCHED,none,20767.77,20767.77,0.0,1.0,"Payment, order, and settlement records successfully reconciled."
pay_5cd8fe1a-dafe-48a9-bc71-e0bef3579560,ORD00500,,EXCEPTION,missing_settlement,25666.08,,,1.0,No settlement record was found for this payment.
