settlement_id,payment_id,merchant_reference,customer_id,gross_amount,fee,tax,net_amount,settlement_date,settlement_status
SET_5e09a9ee-af88-4dec-bb1e-143b196f4dfa,pay_bdd640fb-0667-4ad1-9c80-317fa3b1799d,ORD00001,CUST0164,5655.42,113.11,20.36,5521.95,2026-04-19 19:27:32,settled
SET_a5135ea0-fa53-434d-a6d5-901d8b621d41,pay_23b8c1e9-3924-46de-beb1-3b9046685257,ORD00002,CUST0063,11238.22,224.76,40.46,10973.0,2026-02-10 19:19:27,settled
SET_46a02a9b-65ec-4acd-8f80-35f55bd20c98,pay_bd9c66b3-ad3c-4d6d-9a3d-1fa7bc8960a9,ORD00003,CUST0174,37059.32,741.19,133.41,36184.72,2026-08-01 19:11:04,settled
SET_f2f25eef-1f45-4bfd-b7dc-67e030974b2b,pay_972a8469-1641-4f82-8b9d-2434e465e150,ORD00004,CUST0023,29565.58,591.31,106.44,28867.83,2026-01-15 08:14:09,settled
SET_1777e8cb-7468-4b98-92fe-2fded918b3e5,pay_17fc695a-07a0-4a6e-8822-e8f36c031199,ORD00005,CUST0008,4775.39,95.51,17.19,4512.69,2026-04-04 08:33:24,settled
SET_a3b5cece-a446-4e72-b64c-911aa9ab364a,pay_9a1de644-815e-46d1-bb8f-aa1837f8a88b,ORD00006,CUST0130,30140.73,602.81,108.51,29429.41,2026-08-08 23:10:59,settled
SET_0cf2b69b-0577-4ea9-b899-924698de8ebb,pay_b74d0fb1-32e7-4629-8fad-c1a606cb0fb3,ORD00007,CUST0051,35829.38,716.59,128.99,34983.8,2026-08-01 15:13:21,settled
SET_fd235def-3e5a-47e3-9560-db22c96b5edb,pay_7d7ddbed-d284-476c-ab88-f83dd97dc9cd,ORD00008,CUST0108,11099.99,222.0,39.96,10838.03,2026-08-18 20:21:15,settled
SET_34885a46-9088-4eaf-8977-6598203c8c25,,ORD00009,CUST0072,40490.58,809.81,145.77,39535.0,2026-01-06 12:34:22,settled
SET_d0243d72-3748-467f-961d-33ba350843f0,pay_6c307511-b2b9-437a-a8df-6ec4ce4a2bbd,ORD00011,CUST0088,13965.78,279.32,50.28,13636.18,2026-03-26 14:52:10,settled
SET_c63d04ee-541c-4a86-bba5-cd2fdea45c19,pay_371ecd7b-27cd-4130-8722-9389571aa876,ORD00012,CUST0246,38198.36,763.97,137.51,37296.88,2026-02-10 16:40:07,settled
SET_989240ac-e689-43a9-89e4-8e8c25c61c45,pay_1a2a73ed-562b-4f79-8374-59eef50bea63,ORD00013,CUST0024,19058.37,381.17,68.61,18608.59,2026-05-22 09:55:49,settled
SET_fbe94499-dbc0-40fd-86fb-7bf300b9d4a3,pay_5be6128e-18c2-4797-a142-ea7d17be3111,ORD00014,CUST0217,17263.39,345.27,62.15,16855.97,2026-04-15 17:30:47,settled
SET_8a4b8f7c-2147-4a15-bcce-96f6250a4578,pay_43b7a3a6-9a8d-4a03-980d-7b71d8f56413,ORD00015,CUST0207,2268.18,45.36,8.16,2214.66,2026-07-01 10:09:00,settled
SET_1c24220e-2cab-47e7-8c6b-66e5402adf9c,pay_759cde66-bacf-43d0-8b1f-9163ce9ff57f,ORD00016,CUST0138,6328.83,126.58,22.78,6179.47,2026-05-31 00:11:46,settled
SET_21bddb41-0699-4731-9dcf-8766a93b12cd,pay_ec1b8ca1-f91e-4d4c-9ff4-9b7889463e85,ORD00017,CUST0021,27646.83,552.94,99.53,26844.36,2026-09-01 05:01:18,settled
SET_c9d6a63b-ca3c-4f5f-9bb5-c40c03cde2e3,pay_4b0dbb41-8d52-48f1-942c-3fe860e7a113,ORD00018,CUST0227,43099.17,861.98,155.16,42082.03,2026-08-15 05:18:43,settled
SET_040a3aae-52e2-4fd9-96bf-10ab3ce915e7,pay_e2acf72f-9e57-4f7a-a0ee-89aed453dd32,ORD00019,CUST0050,35258.13,705.16,126.93,34426.04,2026-01-20 19:06:51,settled
SET_20733f6d-0d6a-45b3-83ef-20162c9b662e,pay_3139d32c-93cd-49bf-9c94-1cf0dc98d2c1,ORD00020,CUST0170,11472.12,229.44,41.3,11201.38,2026-04-26 09:17:28,settled
SET_1d181ee9-86ad-4a8c-abc4-123ebde13c1b,pay_a9488d99-0bbb-4599-91ce-5dd2b45ed1f0,ORD00021,CUST0021,42780.35,855.61,154.01,41770.73,2026-02-10 05:24:05,settled
SET_72c22a16-79eb-4168-9045-56e5bee3eb79,pay_fc377a4c-4a15-444d-85e7-ce8a3a578a8e,ORD00022,CUST0098,13970.88,279.42,50.3,13491.16,2026-05-23 16:28:56,settled
SET_97fa7f04-8363-4007-9cae-9610c72c1fe3,pay_ddd1dfb2-3b98-4ef8-9af6-1a26146d3f31,ORD00023,CUST0042,18572.03,371.44,66.86,18133.73,2026-03-25 08:44:49,settled
SET_38b77c07-80fb-4296-b3b6-a09b1beaf6ac,pay_d5385b0e-34f3-493c-8ff0-a55c6a702e2f,ORD00024,CUST0172,13422.19,268.44,48.32,13105.43,2026-01-29 17:31:10,settled
SET_ba2c98ce-0b19-488e-9d77-a45ef206c269,pay_29a3b2e9-5d65-4441-9588-42dea2bc372f,ORD00025,CUST0156,31785.42,635.71,114.43,31035.28,2026-07-29 10:32:40,settled
SET_a8addf36-ddf2-45eb-a8a3-f341c8819065,pay_ab9099a4-35a2-40ae-9af3-05535ec42e08,ORD00026,CUST0187,12316.07,246.32,44.34,12025.41,2026-07-02 12:34:38,settled
SET_a4b1f991-7542-4646-8d37-a539857dd3b3,pay_aefcfad8-efc8-4849-b3aa-7efe4458a885,ORD00027,CUST0098,13570.4,271.41,48.85,13250.14,2026-08-07 07:08:52,settled
SET_ffa361be-0f92-40e1-87f9-7d05f6ca6b8b,pay_a28defe3-9bf0-4273-9247-6f57a5e5a5ab,ORD00028,CUST0057,34262.25,685.25,123.34,33453.66,2026-01-24 17:22:46,settled
SET_6d204496-66d0-4371-98e8-8ebb7a9e8eef,pay_3eabedcb-baa8-4dd4-88bd-64072bcfbe01,ord00029,CUST0059,41107.95,822.16,147.99,40137.8,2026-05-05 12:14:07,settled
SET_b65feea9-7d82-4264-9ba3-62e7afa415e5,pay_451b4cf3-6123-4df7-b656-af7229d4beef,ORD00030,CUST0103,13460.27,269.21,48.46,13142.6,2026-03-24 22:30:09,settled
SET_e63658c9-12d0-498d-b18d-4d05e8e22743,pay_b02b61c4-a3d7-4628-ace6-6fa2fd5166e6,ORD00031,CUST0234,47151.19,943.02,169.74,46038.43,2026-05-05 05:00:37,settled
SET_25f934bf-9bb9-4155-9275-eb9414aeaf5c,pay_5304317f-af42-412f-b838-b3268e944239,ORD 00032,CUST0055,32806.39,656.13,118.1,32032.16,2026-06-04 15:33:23,settled
SET_9fd34579-4667-42ce-a04e-178c10d08d11,pay_0e51f30d-c6a7-4e39-84b0-32ccd7c524a5,ORD00033,CUST0227,45735.92,914.72,164.65,44656.55,2026-07-01 04:48:33,settled
SET_b64fa54a-8c61-4654-95da-75c1a21150f9,pay_ce177b4e-0837-48a3-9261-a7ab3aa2e4f9,ORD00034,CUST0037,13317.52,266.35,47.94,13003.23,2026-04-09 18:44:05,settled
SET_98eeac2b-fe9f-4caa-a182-f347533f5a72,pay_10f1bc81-448a-4a9e-a6b2-bc5b50c187fc,ORD00035,CUST0191,28112.27,562.25,101.2,27448.82,2026-04-14 00:55:45,settled
SET_816bcb9f-7426-4193-8b7e-6b3c87d292a6,pay_9132b63e-f162-47e4-a9c3-49e03602f8ac,ORD00036,CUST0192,29270.84,585.42,105.38,28580.04,2026-08-17 14:55:15,settled
SET_cb08587d-1963-426d-ae21-8b099afd4015,pay_366eb16f-508e-4ad7-b7c9-3acfe059a0ee,ORD00037,CUST0103,18163.62,363.27,65.39,17734.96,2026-02-26 17:20:43,settled
SET_a79b44b6-da50-4fed-9d4a-3d81b3a7d0e0,pay_e27a984d-6548-41d0-bfcd-9eb1a7cad415,ORD00038,CUST0131,24726.44,494.53,89.02,24142.89,2026-01-21 07:09:23,settled
SET_8d244e3e-c4da-4ddb-a0b1-5abaa6a27967,pay_24933b83-7577-40a9-a491-f0b2ea1fca65,ORD00039,CUST0221,5571.49,111.43,20.06,5290.0,2026-03-05 03:08:25,settled
SET_6e191042-370b-4063-9d90-e79eb888f6ed,pay_beb79919-3f22-4af8-a3be-d01d43cf2fde,ORD00040,CUST0203,34056.01,681.12,122.6,33252.29,2026-08-22 14:56:06,settled
SET_69efafb1-3a7e-4e14-a359-eee173991a47,pay_bf3c4c06-4343-48bc-89fa-6a688fb5d27b,ORD00041,CUST0017,19299.89,386.0,69.48,18844.41,2026-08-23 10:04:57,settled
SET_66132e69-7418-4109-93d1-bf0f56c438e4,pay_956269f0-e5d7-4875-adad-d6c795a76d79,ORD00042,CUST0120,26502.81,530.06,95.41,25877.34,2026-08-05 20:26:20,settled
SET_50032b35-1857-4baf-bac7-e2b96a7e4c36,pay_ff50bde4-3825-47b8-9cab-cc97663f1c97,ORD00043,CUST0221,47127.3,942.55,169.66,45865.09,2026-02-17 11:41:58,settled
SET_4140752c-aa44-4259-9001-8b7b6d4067f4,pay_7e570ddf-8270-40a8-a369-b584ff5e9ff0,ORD00044,CUST0175,44250.94,885.02,159.3,43206.62,2026-04-16 14:59:27,settled
SET_afd380c4-2713-482c-b41e-a3ac5fd23109,pay_dc713d96-0c0f-4195-817a-f08a1745d6d8,ORD00045,CUST0197,32083.99,641.68,115.5,31326.81,2026-02-16 07:44:29,settled
SET_6e8f75a1-17dd-4d81-95da-705cd4ef00aa,pay_98ae4334-6c12-4ce8-ae34-0454cac5b68c,ORD00047,CUST0001,47695.41,953.91,171.7,46569.8,2026-04-16 06:57:49,settled
SET_5f65c8ce-bd21-4c11-be9d-61ee18b87245,pay_988c24c9-61b1-4d22-a280-1c4510435a10,ORD00048,CUST0249,25079.25,501.59,90.29,24487.37,2026-03-12 09:09:22,settled
SET_0f5ae9d3-8e6e-4003-a14f-3f12cfd01cbd,pay_405cacec-8774-49a9-b7d2-1e02ff01cf99,ORD00049,CUST0130,45640.13,912.8,164.3,44413.03,2026-04-27 21:42:25,settled
SET_8fca7b6a-8fc4-4092-b4e5-59e596229348,pay_f143262f-dc5c-4eed-8da0-365bf89897b9,ORD00050,CUST0216,31983.58,639.67,115.14,31228.77,2026-08-26 12:00:49,settled
SET_692ac139-1f4a-4ca1-ab85-fd595463adc7,,ORD00051,CUST0051,7726.68,154.53,27.82,7544.33,2026-03-06 17:44:46,settled
SET_f0ede303-aa53-419c-9fa4-bb9f5a856750,pay_c0398710-8976-4334-a281-7efdae849217,ORD00052,CUST0139,47679.64,953.59,171.65,46554.4,2026-07-27 23:15:16,settled
SET_ea74bb18-de3b-496f-ac45-96f6c012a0ff,pay_5715bd6f-a416-4293-84c2-e2e3444ea7c8,ORD00053,CUST0236,128.54,2.57,0.46,125.51,2026-05-08 21:21:12,settled
SET_49a214ae-f7e8-48e5-8d2b-91efb8976ec5,pay_287d06ca-6f4c-469a-8b22-d3081c8eaee9,ORD00054,CUST0126,1071.89,21.44,3.86,1046.59,2026-05-24 23:13:33,settled
SET_1a85910d-5a05-4c11-8ffc-a6b199b479d4,pay_b8db0672-f42d-47cc-80d4-af5974273ca3,ORD00055,CUST0225,49267.54,985.35,177.36,48104.83,2026-05-02 10:14:21,settled
SET_279c658a-3676-4ce5-81e5-c9f693f277cc,pay_f8cda88b-436d-46e2-b83c-fe0be037e5ed,ORD00056,CUST0062,2990.47,59.81,10.77,2919.89,2026-08-10 08:08:59,settled
SET_d8e7012f-3968-4c81-bb70-c3b8a81fdec3,pay_81f76d1c-2dbc-4134-830f-f46e8026695f,ORD00057,CUST0243,4029.98,80.6,14.51,3934.87,2026-07-18 17:45:33,settled
SET_8e676a01-d86a-4460-99a1-120e1bb43332,pay_a013ac6e-deda-4e16-9b3d-bd5ce9a1fa6f,ORD00058,CUST0209,3553.7,71.07,12.79,3469.84,2026-07-29 21:10:52,settled
SET_47503f1d-c33a-4f6c-9d69-1fba5e187b24,pay_81f631d4-a392-41a7-9777-a4774c66e0a8,ORD00059,CUST0197,6375.45,127.51,22.95,6224.99,2026-07-07 13:57:10,settled
SET_6dda4f8d-cea6-4f4c-b9e5-8ff092f837d4,pay_5fb8d16c-2720-497d-b2eb-d6899be578c7,ORD00060,CUST0243,27535.2,550.7,99.13,26885.37,2026-04-15 22:30:24,settled
SET_c4767556-f97b-42dd-8f9b-72aed85c16bd,settle-pay_f4188f3f-8a14-4e62-a95b-4715c333e861,ORD00061,CUST0136,43634.41,872.69,157.08,42604.64,2026-06-17 07:55:53,settled
SET_accb461a-9d13-4363-9f29-4a8bd1846c39,pay_eb2263dd-87c5-421e-ac24-a3c5c754108f,ORD00062,CUST0247,10668.73,213.37,38.41,10416.95,2026-07-30 10:36:13,settled
SET_9be71737-06b8-4231-8e86-7f3ca487eeab,pay_7d154385-52fb-443b-9954-6eb400257ad1,ORD00063,CUST0194,36523.56,730.47,131.48,35661.61,2026-03-21 02:51:49,settled
SET_b18753e6-d457-4ad9-a867-a096edd877c8,pay_5cec4eb5-edd9-4831-9ca3-5cfb04fc6d82,ORD00064,CUST0183,15654.64,313.09,56.36,15285.19,2026-05-27 00:31:52,settled
SET_45f50c52-2e2f-4f77-8769-79d644777442,pay_ce88cb2d-d4e8-4839-bc3e-058be0f3eab0,ORD00065,CUST0113,44990.74,899.81,161.97,43928.96,2026-06-26 08:09:21,settled
SET_ebe9e207-4f19-4ec0-832d-4526b3e4110a,pay_3da9c2a9-0ed4-4f1a-bd4c-bf374eb93eff,ORD00066,CUST0031,12470.49,249.41,44.89,12176.19,2026-01-28 20:45:52,settled
SET_2e709838-0190-4620-99dc-abd056febfb9,pay_14296c07-f26b-4776-913e-4de2e0c53cb8,ORD00067,CUST0087,1149.61,22.99,4.14,1122.48,2026-08-06 02:55:22,settled
SET_a847bce7-90fa-4b57-a4ac-2130deaf528d,pay_d0e6e660-7c69-4ee1-bb5e-4bcf15ed6269,ORD00068,CUST0059,29463.16,589.26,106.07,28767.83,2026-01-05 19:01:24,settled
SET_bdb025ff-2451-45a4-91d0-59b26699cd99,pay_885f6e66-c2b6-42c5-ba5d-310011b7e948,ORD00069,CUST0019,35421.26,708.43,127.52,34585.31,2026-01-26 20:44:35,settled
SET_177d6e7e-07d9-44ce-b8c8-8faea2178f84,pay_a8e56e0c-20de-435d-a031-d750c40db9b4,ORD00070,CUST0059,3463.28,69.27,12.47,3381.54,2026-01-15 04:47:23,settled
SET_604e46cb-3712-42d1-87cd-b6a1bf012e32,pay_2a45c2ab-8cbf-4db0-b264-accc79ac1b1e,ORD00071,CUST0221,16588.38,331.77,59.72,16196.89,2026-07-20 16:16:56,settled
SET_284bf962-5744-4596-b422-21676b7a2460,pay_9b49bd26-df57-459a-8715-a10343dac043,MER-ORD00072,CUST0061,13996.02,279.92,50.39,13665.71,2026-07-11 12:23:27,settled
SET_530ac1c7-b8ba-4368-8fc7-77685ebbcca5,pay_edcd465e-3638-4821-b6e0-7cc06c52c49f,ORD00073,CUST0055,27007.77,540.16,97.23,26370.38,2026-08-13 18:30:26,settled
SET_98a21f1c-914d-4fae-b100-13a7c6deb2f0,pay_b09b2a5c-badc-432a-8159-0f538a0f4efb,ord00074,CUST0148,23686.28,473.73,85.27,23127.28,2026-07-04 16:25:38,settled
SET_27d415b6-0d77-45a0-a222-b6a615bfbe97,,ORD00075,CUST0207,20412.29,408.25,73.48,19930.56,2026-02-08 15:10:48,settled
SET_0cbd3c03-9e2a-44ac-8122-b5b3284c03d2,pay_5f987c71-a65e-488e-abf3-ad39fec21bbe,ORD00076,CUST0025,32983.24,659.66,118.74,32204.84,2026-05-21 14:17:33,settled
SET_716fda0a-45a8-4829-94e2-86e5ac8936bc,pay_7394988f-847f-49b4-a64d-1bcb702753a1,ORD00077,CUST0109,20614.0,412.28,74.21,20127.51,2026-01-24 00:54:43,settled
SET_9b69554d-7c54-435f-ac8c-3b6aa974d079,pay_1064005c-3985-43cf-bf76-be1d1efa2197,ORD00078,CUST0173,32707.43,654.15,117.75,31935.53,2026-02-09 05:19:15,settled
SET_585d3f86-1d23-44e6-8329-20b7c143f426,pay_01d74256-3860-4ab6-96a4-02f23ae8cc93,ORD00080,CUST0205,43097.46,861.95,155.15,42080.36,2026-04-10 13:38:42,settled
SET_86e52753-7c93-46cc-97d7-a560adb14670,pay_080aadfb-e7c9-4b26-9141-25c63a9bedd4,ORD00082,CUST0036,21151.89,423.04,76.15,20652.7,2026-04-21 04:13:44,settled
SET_3873e57f-0ba0-48e8-8ef4-92c1aac93316,pay_839fbc50-1223-4513-9496-f63cdc1110c1,ORD00083,CUST0119,12565.34,251.31,45.24,12268.79,2026-02-02 06:38:17,settled
SET_0e0630cd-996d-4c50-bc04-a168652ffb49,pay_7c441fe7-ab42-40a7-874a-493b3ceddf2d,ORD00084,CUST0114,40420.31,808.41,145.51,39466.39,2026-08-04 17:24:13,settled
SET_f200c261-4d29-41ab-b455-12f701f7c7ec,pay_b92da22b-21df-406f-8a0b-3c3336d8393a,ORD00085,CUST0026,2624.36,52.49,9.45,2562.42,2026-08-01 22:38:41,settled
SET_c3a00c6f-2321-41e1-8471-04c036136e15,pay_93829b43-922f-415a-a1e3-db63ef7ddc76,ORD00086,CUST0215,836.42,16.73,3.01,816.68,2026-02-09 05:16:19,settled
SET_1eb74b56-53ff-43a2-8a19-35014169b9fc,pay_7914c120-c8dc-419f-be35-11287900f7f9,ORD00087,CUST0238,37702.92,754.06,135.73,36813.13,2026-04-05 19:12:59,settled
SET_6e3f683a-bf3c-4140-bf54-a51101fa964e,pay_1825bc54-30be-445f-a835-14f2ceb81f9d,ORD00088,CUST0043,20380.06,407.6,73.37,19749.09,2026-07-08 22:35:08,settled
SET_88575117-6155-4667-a112-507c2cfa55b0,pay_5ab33edf-6e59-4ed3-a8b3-17fa18d0752b,ORD00089,CUST0055,43246.05,864.92,155.69,42225.44,2026-01-26 18:31:17,settled
SET_8f0881ee-8011-416b-bae8-8926b423ccde,pay_dd2467ac-778e-4db3-a93d-ffbc6c6fa611,ORD 00090,CUST0043,19010.76,380.22,68.44,18562.1,2026-06-04 14:59:40,settled
SET_5aaab32f-ce63-42b6-ab05-347fd556b37d,pay_a748dbcf-ac61-4e63-8dde-29a6baa4b71a,ORD00091,CUST0068,46333.25,926.66,166.8,45239.79,2026-06-28 16:59:07,settled
SET_bdf66ba5-dc9c-46de-a5a6-74c212738a23,pay_0f844fef-1931-49ee-a56c-0941fbf24050,ORD00092,CUST0074,21208.07,424.16,76.35,20557.56,2026-08-06 20:08:10,settled
SET_5024bdc6-dcb3-4df3-93ee-cdc6ebd14d2c,pay_310c0c00-3fa7-4104-9bf9-0e27dc96925e,ORD00094,CUST0049,14905.72,298.11,53.66,14553.95,2026-01-25 17:06:13,settled
SET_67884209-92ca-425a-ade5-93329364f3d0,pay_23e2fcb4-72d8-467d-894a-05e430b187ef,ORD00095,CUST0149,36813.29,736.27,132.53,35944.49,2026-01-26 16:09:56,settled
SET_4a1dab32-6aed-4dc7-a3e0-5309b5a1b949,pay_766ecb15-474e-4c19-aef9-12766c006f61,ORD00096,CUST0192,15748.88,314.98,56.7,15377.2,2026-01-23 11:21:37,settled
SET_f758dce2-0556-4aea-a7b0-32831d7c0098,pay_134c6c92-ec5b-427c-9fde-4fbf3ff350bf,ORD00097,CUST0150,23891.75,477.84,86.01,23327.9,2026-07-27 06:27:15,settled
SET_f296d9f0-cd23-42c2-abff-e17b532401fc,pay_d56ce8ea-1959-4b5a-a7a8-f6366a35df59,ORD00098,CUST0041,2938.29,58.77,10.58,2868.94,2026-01-30 07:49:12,settled
SET_b08a4895-d4ff-4666-b5c8-e90d9e3d750d,pay_a6f2f7b8-0cf3-4b58-9910-8be58ce21ea3,ORD00099,CUST0021,42581.99,851.64,153.3,41577.05,2026-01-30 14:39:54,settled
SET_6fcc57dd-168f-4e12-9ca2-60c9eb7607c9,pay_03c72ba8-d605-4770-8a63-f881ffd0f9d5,ORD00100,CUST0153,3491.25,69.83,12.57,3408.85,2026-04-04 08:15:33,settled
SET_6f887f28-3e49-4d09-9b19-d8b8d8302081,pay_c0e9ab30-ed26-42e9-97e0-11b7f8102383,ORD00101,CUST0104,6082.34,121.65,21.9,5938.79,2026-08-13 05:45:34,settled
SET_1422373f-8622-48d1-a683-e10796c044d0,pay_680ac07a-2a93-4d62-bc83-5dc0d9441fa5,ORD00102,CUST0064,28988.06,579.76,104.36,28303.94,2026-01-19 10:25:08,settled
SET_beed10b6-4f6e-474b-9eda-b0276550f74a,pay_dd59ba71-36b8-4481-bb3a-4e3e7c52fa17,ORD00103,CUST0159,4190.97,83.82,15.09,4092.06,2026-08-18 16:13:12,settled
SET_c77444cb-5543-4c3c-b8b8-f24e56ea57b3,pay_2a25a888-0f02-4ad0-a706-7ef466aa9385,ORD00104,CUST0145,26186.86,523.74,94.27,25568.85,2026-04-13 06:30:44,settled
SET_a21b0307-82af-485c-938d-994c2b0abedd,pay_2a45c2ab-8cbf-4db0-b264-accc79ac1b1e,ORD00105,CUST0053,33519.33,670.39,120.67,32728.27,2026-05-06 00:24:21,settled
SET_31a3ac4d-828c-47e7-87d5-b7be1d30d990,pay_c8fe3ccd-c8b8-49c6-ad30-49cf43e458fc,ORD00106,CUST0062,13354.16,267.08,48.07,13039.01,2026-02-22 19:52:26,settled
SET_59e1ac09-5970-4859-86b6-e4ade7ea8d5a,pay_0ab54bde-20a0-4502-ae06-809725e97977,ORD00107,CUST0172,32310.49,646.21,116.32,31547.96,2026-06-28 18:25:40,settled
SET_a53bc024-d1a6-4d87-b54e-2019ba35844e,pay_c88a618e-fed4-457d-bb02-6576f512c4c3,ORD00108,CUST0081,46458.01,929.16,167.25,45361.6,2026-02-01 04:09:03,settled
SET_1a5165ca-3c7c-4d85-a5cf-0041d0a643fe,settle-pay_7c967f79-b7e9-4aca-a970-65e18e46d534,ORD00109,CUST0003,22968.45,459.37,82.69,22426.39,2026-08-10 15:28:51,settled
SET_2c6a6e9a-3280-47a1-8187-222b257d5e52,pay_37bb3eec-4bf5-4b52-b09d-258c27a0c3d7,ORD00110,CUST0026,3755.71,75.11,13.52,3667.08,2026-03-27 18:44:31,settled
SET_c257cf73-c29d-482b-a722-796e9a36d1ec,pay_bc594585-9445-48c0-8ef8-c2d6f7fd5646,ORD00111,CUST0130,13333.5,266.67,48.0,13018.83,2026-05-17 12:59:53,settled
SET_f387e1bd-2d59-42c6-934a-5a2fa7cf705c,pay_504867ba-bf7b-439b-8f9a-ea4b8acd4e10,MER-ORD00112,CUST0226,3532.69,70.65,12.72,3449.32,2026-04-08 20:53:44,settled
SET_76c5a0dc-7e7e-4419-a0c1-4035c5d95f51,pay_7a0ecfea-958c-49ba-8cd6-20c20ea2622b,ORD00113,CUST0095,14320.87,286.42,51.56,13982.89,2026-06-21 04:10:34,settled
SET_9458054e-c287-4f06-9050-f7efc1235c91,settle-pay_87f7e1fb-da4b-49ca-ab5c-f46780bacd64,ORD-00114,CUST0214,27206.58,544.13,97.94,26564.51,2026-05-01 11:39:50,settled
SET_e1cde87f-ec95-4f87-ae5e-c36572eb7474,pay_82010c62-f5f5-4b22-8e8f-a8e0284d82e5,ORD00115,CUST0157,49194.28,983.89,177.1,48033.29,2026-07-27 10:05:04,settled
SET_fc8d5b93-a2a2-491f-a49b-1cd99082889b,pay_118a9d29-2f92-4996-99f1-95d014822f53,ORD00116,CUST0003,33426.37,668.53,120.34,32637.5,2026-08-14 09:16:04,settled
SET_70944bdb-26a5-44e3-90ee-7a92a09151e0,pay_f10c718b-1eb0-438a-a75d-d5af3c365296,ORD00118,CUST0241,43918.54,878.37,158.11,42732.06,2026-04-16 17:00:03,settled
SET_a1a27485-7134-4c2a-b80b-3657117b355b,pay_94340a03-3f07-4814-91d6-3f78e3e9de99,ORD00119,CUST0030,44496.66,889.93,160.19,43446.54,2026-08-06 20:25:05,settled
SET_97674900-4651-4367-8bdc-43184d85a3d2,pay_14fcdd54-9e8f-4965-8a2c-827e98326856,ord00120,CUST0040,13690.18,273.8,49.28,13367.1,2026-08-26 21:25:21,settled
SET_12fe28bf-81e0-4489-9a18-e2a30e614bcd,pay_90b2b633-956b-4c0c-a849-9b926b5252e3,ORD00121,CUST0054,35908.85,718.18,129.27,35061.4,2026-03-23 01:39:52,settled
SET_09a0a0f6-73b0-4091-b634-c1694f76e388,pay_42c18a62-ef48-48d5-90fd-9d3f85d51695,ORD 00122,CUST0176,31748.47,634.97,114.29,30999.21,2026-04-14 12:30:29,settled
SET_497de16d-d4ea-420a-9e65-96540e9058b6,,ORD00123,CUST0130,24477.74,489.55,88.12,23900.07,2026-01-23 17:28:48,settled
SET_fa34d2e8-dd3f-4d7e-a508-dc9513a4a492,pay_21813d25-6552-48a6-83ff-50113d1a85dd,ORD00124,CUST0024,31750.79,635.02,114.3,31001.47,2026-04-19 10:50:47,settled
SET_98159d6c-9d71-4084-971d-abf9daf481a7,,ORD00125,CUST0012,276.93,5.54,1.0,270.39,2026-02-21 19:19:39,settled
SET_949077c2-7674-456f-a26d-719d81cf3252,pay_ef8c485b-c07a-40f2-add4-253b50f0fd0a,ORD00126,CUST0164,48991.92,979.84,176.37,47835.71,2026-03-07 18:03:11,settled
SET_bd29ede9-cab4-423b-b448-83858de7ad6c,pay_9f044aed-7552-4327-8262-7f7312922f83,ORD00127,CUST0190,22147.59,442.95,79.73,21624.91,2026-06-19 02:19:51,settled
SET_e8b77f7b-7321-4f6b-8a80-76ece5582e16,pay_19985f15-ff00-4d4d-9020-59e4ff9ab5c2,ORD00128,CUST0144,582.52,11.65,2.1,568.77,2026-01-31 05:19:24,settled
SET_30307633-a6de-41d8-9258-17b7cf501889,pay_8181a8cc-3691-47eb-89a2-688b12c136e0,ORD00129,CUST0242,44167.01,883.34,159.0,43124.67,2026-02-28 21:17:11,settled
SET_80599b93-79c2-42e4-9ae1-a991524f93ff,pay_5958a499-eeea-463e-a1e8-ac6843e42caf,ORD00130,CUST0140,1897.8,37.96,6.83,1853.01,2026-05-25 09:20:32,settled
SET_73557b9d-0fd6-447e-b52d-4af2269ed4c9,pay_3e896c64-e117-4ac3-919c-4ea3e1805081,ORD00131,CUST0150,27671.0,553.42,99.62,27017.96,2026-06-18 21:54:09,settled
SET_d65e59dd-e62d-4d06-8f9b-85581a7f195b,pay_702cdd20-2862-48b8-88f4-ef125e9953d2,ORD00132,CUST0033,2187.26,43.75,7.88,2135.63,2026-05-24 14:47:54,settled
SET_15969802-b6dd-4257-bb7d-9f1c57eb89b1,pay_4d71c366-b41b-4143-8b10-550cd5704f32,ORD00133,CUST0231,46661.09,933.22,167.98,45559.89,2026-01-18 11:50:49,settled
SET_0a0537f0-2c2c-422b-a568-95c6812a1f9b,settle-pay_ce9e1a11-fcbb-4e59-bbdd-cf7c9c96e9ec,ORD00134,CUST0231,17954.68,359.09,64.64,17530.95,2026-04-08 21:47:08,settled
SET_9c1c3517-85d2-40a6-8629-5b5d707df251,pay_ee87905e-4ca4-45ea-8dfa-6a56d12dbc9a,ORD00136,CUST0227,43748.16,874.96,157.49,42715.71,2026-09-02 00:59:04,settled
SET_eafde7d9-5f73-4a3e-9d28-6aa428a39779,pay_e0ccedc5-f05d-476e-9a84-a51aa9d3d7c7,ORD00137,CUST0192,7812.21,156.24,28.12,7627.85,2026-04-03 22:33:06,settled
SET_c6435300-68a5-4c68-a32d-bb5e486bb6bf,pay_e3c43657-1d8c-4bac-83b4-09ef2260e70f,ORD00138,CUST0222,8208.84,164.18,29.55,8015.11,2026-03-12 18:14:51,settled
SET_0d67d38e-990f-4c5b-adcc-3daf569f3ab3,pay_27cb6f2a-8da0-4097-be0f-051b1b66b5a9,ORD00139,CUST0226,20673.49,413.47,74.42,20035.6,2026-03-14 15:45:45,settled
SET_55ab946d-a5b5-4dc2-a181-c85eca0ac6ac,pay_35ebd32d-9ad6-40ab-8821-2ddb45b89cd9,ORD00140,CUST0189,46231.92,924.64,166.44,45140.84,2026-06-12 21:26:41,settled
SET_8ed6ad5e-1831-4aa3-9466-9d1910df9974,pay_afffcfd2-341e-440b-97c7-00aab7b56ea7,ORD-00141,CUST0206,33528.37,670.57,120.7,32737.1,2026-04-09 09:05:10,settled
SET_4082cbb9-48bd-4b3e-a2f5-df2badaa44ca,pay_81627cf1-4394-42e6-9a58-7e8aa25d6b29,ORD00142,CUST0069,8043.97,160.88,28.96,7854.13,2026-02-21 23:31:27,settled
SET_f6e39356-a814-4562-9a00-3f16b9469bcf,pay_e87d1c78-e7c4-41c7-8049-7b717d106c60,ORD00143,CUST0098,43621.12,872.42,157.04,42591.66,2026-07-05 19:08:56,settled
SET_267eddce-df8f-4197-9a4a-99b2e806133c,pay_a2607723-17a0-4f49-8d01-280fd89a40c0,ORD00144,CUST0057,10058.68,201.17,36.21,9671.3,2026-06-29 18:20:13,settled
SET_a9e27ba9-952e-4abb-94dd-5061555736f8,pay_8dedf9fb-4bb0-4f20-b27c-40266703b636,ORD00145,CUST0090,15329.02,306.58,55.18,14967.26,2026-04-02 09:20:37,settled
SET_4f6b58c8-598d-4aec-aaaf-e5432434a678,pay_217d65a0-c568-41cd-9563-f61600e85ece,ORD00146,CUST0058,1280.86,25.62,4.61,1250.63,2026-03-18 00:06:00,settled
SET_a981b098-b2cf-452d-a7f3-33b3f7baf55e,pay_295d6fbf-430f-401d-bad4-09e2a319dcb4,ORD00147,CUST0103,16480.27,329.61,59.33,16091.33,2026-01-30 23:02:53,settled
SET_b576255e-9854-4f22-a102-f9c964575bc4,pay_b4a69f3c-8d3a-4d99-b11c-21c9bdc14f1f,ORD00148,CUST0248,38689.0,773.78,139.28,37775.94,2026-05-18 08:55:08,settled
SET_8f158449-4f40-422f-95b0-2530f020e992,pay_1ca3c448-0279-46a6-8f97-97b06d7ce3c9,ORD 00149,CUST0165,25519.34,510.39,91.87,24917.08,2026-07-31 05:53:34,settled
SET_54170a17-caaa-4bbe-a4bb-f962606e0e1c,pay_b0e6a969-e213-42b0-b1ee-dba313432e61,ORD00150,CUST0085,46967.93,939.36,169.08,45859.49,2026-02-16 19:03:46,settled
SET_b3ecb951-ab8c-4f97-a0b7-1785d02ce0c1,pay_093923de-8bab-4e3b-a628-6bfbe767dcea,ORD00151,CUST0225,48522.99,970.46,174.68,47377.85,2026-03-14 08:22:21,settled
SET_ff4625af-bd20-463b-b275-b5f3d436a7a8,pay_8d7248e2-951f-48d0-9e84-f058d5a804eb,ORD00152,CUST0149,48130.46,962.61,173.27,46994.58,2026-04-16 02:19:33,settled
SET_17ec889c-86c1-46cb-a996-30f7af77520e,pay_0ab54bde-20a0-4502-ae06-809725e97977,ORD00153,CUST0010,5509.29,110.19,19.83,5379.27,2026-06-21 18:25:40,settled
SET_822c4d32-6c64-4c15-aba3-01cba561e1e9,pay_eededb07-e623-4689-9d59-cd2a4eea04e7,ord00154,CUST0089,36454.4,729.09,131.24,35594.07,2026-05-04 19:41:04,settled
SET_4f11d8dc-5cd3-4369-84aa-c1b75ca0c428,pay_0a368ce7-dc57-4131-b8e1-daa7cbceabde,MER-ORD00155,CUST0112,30349.82,607.0,109.26,29633.56,2026-07-20 14:48:30,settled
SET_577bc55a-36d5-4494-b37f-d50d2e25b5ee,pay_ae9bec36-35c7-436c-9b99-62c6e61fecc0-SET,ORD00156,CUST0030,19321.25,386.43,69.56,18865.26,2026-08-13 22:11:24,settled
SET_31274148-7c7c-404e-8422-d03ef29a6339,pay_5a8aaeca-1a50-4ec3-aabc-25fa3fe12e47,ORD00157,CUST0049,12810.65,256.21,46.12,12508.32,2026-06-21 08:21:02,settled
SET_27aa7cbc-2337-4bbc-bffe-77c839feb99c,,ORD00158,CUST0001,26044.03,520.88,93.76,25429.39,2026-08-01 02:44:10,settled
SET_c9c23e69-d82c-4565-8bb9-07ec13c11754,pay_bfddc3d9-9ee3-4c2a-b94d-62046808593f,ORD00159,CUST0176,35999.56,719.99,129.6,35149.97,2026-03-20 12:30:01,settled
SET_8a2e6a93-c558-4bb2-81f7-f3fb19e45c6a,pay_3c9ad14c-ee0c-4eb5-acfe-db992790cebd,ORD00160,CUST0094,21621.74,432.43,77.84,21111.47,2026-05-12 05:41:14,settled
SET_86cac6f4-e238-4e93-bd17-c5e8d5ca69ab,pay_bf3c4c06-4343-48bc-89fa-6a688fb5d27b,ORD00161,CUST0160,15764.39,315.29,56.75,15392.35,2026-02-20 09:35:31,settled
SET_e05b46c5-5636-4094-a974-31db09a9d1c1,pay_698c206f-e1a4-4e10-ad53-4dd0cf8ebc5a,ORD00162,CUST0185,45012.34,900.25,162.04,43950.05,2026-07-19 22:43:27,settled
SET_98e52499-218c-4e1c-9e37-4f7ac42cbc39,pay_ecab3301-bc8f-4d29-adea-94930658663a,ORD00163,CUST0080,33377.96,667.56,120.16,32590.24,2026-05-10 16:14:42,settled
SET_2e4bebc4-2989-4880-a77d-1be96070b6a1,settle-pay_696608aa-ee49-4329-884a-7b28550a1b46,ORD 00164,CUST0104,34890.7,697.81,125.61,34067.28,2026-08-07 07:29:55,settled
SET_9feefdff-c566-4a81-b15e-54f6d4d30795,,MER-ORD00165,CUST0033,9672.82,193.46,34.82,9444.54,2026-05-31 05:53:24,settled
SET_b89f72f3-2a60-4652-a714-7668cf1d7d3a,pay_28c13091-444d-410b-bf87-e362cf8d446a,ORD00166,CUST0174,37431.91,748.64,134.76,36548.51,2026-03-19 14:03:08,settled
SET_f836f571-3cce-476c-b836-c448ad261ec5,pay_787f2425-dbcc-4477-89e9-db0adf465290,ORD00168,CUST0141,41702.89,834.06,150.13,40718.7,2026-05-02 00:19:11,settled
SET_c09cb506-48f1-496d-9c4f-fb4671b701aa,pay_eb1fa9f2-d10b-41d0-b317-347038f16a81,ORD00169,CUST0074,10588.12,211.76,38.12,10338.24,2026-08-16 05:50:59,settled
SET_3be79df4-72ec-416e-88a7-23e9bfa016c2,pay_d20eac17-4e20-4d1a-9983-36e375d66ed4,ORD00170,CUST0156,32769.81,655.4,117.97,31846.44,2026-07-01 14:00:14,settled
SET_f7315749-4f39-49a8-bd3a-258288b4f474,settle-pay_39118497-3a43-42ba-9f0f-06cbcb9bc326,ORD00171,CUST0114,22163.77,443.28,79.79,21640.7,2026-03-25 23:50:29,settled
SET_e76adca9-7811-4802-88cc-7cfecf01f944,pay_6601ddd0-3170-4437-a8f7-ef5a060edf5b,ORD00172,CUST0131,23711.99,474.24,85.36,23152.39,2026-03-09 21:38:18,settled
SET_ada58417-5e2a-432d-b1ab-0b56d5c9fdc7,pay_11c58ef0-dd46-4c09-8752-87aa5408f9ac,ORD00173,CUST0169,4331.3,86.63,15.59,4229.08,2026-07-23 04:21:39,settled
SET_70cafdd8-fc04-4f08-9207-0158f2771f63,pay_59e4b671-4774-4c58-85f8-bc16f7860b50,ORD00174,CUST0170,31683.75,633.68,114.06,30936.01,2026-05-13 04:10:51,settled
SET_c7332304-4822-4120-84f9-eccd7630a8a7,pay_adf4e62d-6651-429e-8268-690ba43825b5,ORD00175,CUST0024,40939.33,818.79,147.38,39973.16,2026-04-03 05:08:02,settled
SET_331f63fb-d11f-48c0-a97c-a4fff75d599f,pay_e08596db-1d87-4966-8710-d430f071d879,ORD00177,CUST0038,1318.83,26.38,4.75,1287.7,2026-04-08 02:05:52,settled
SET_df7d0dd7-236e-4608-9acb-394acd1f5318,pay_94a1875d-2db6-4edb-82de-ffccf86c2ca2,ORD00178,CUST0122,30602.57,612.05,110.17,29880.35,2026-02-01 06:48:29,settled
SET_7b07fd31-a424-4f23-8d5b-a7cd400035f0,pay_09cb3942-43f5-4a85-bbc9-f87af668a617,ORD00179,CUST0117,20780.61,415.61,74.81,20290.19,2026-08-13 13:38:30,settled
SET_ef2ddcc4-8df6-41da-9f07-c1a5dfc620ce,pay_587ef344-6f3f-420c-98b8-e4cc1bc044fc,ORD00180,CUST0050,35945.46,718.91,129.4,35097.15,2026-06-02 02:56:19,settled
SET_8412a335-d88c-456d-b61e-5fdb1a435206,pay_6fb78271-504d-481f-8953-5b63ba81edd9,ORD00181,CUST0127,20042.68,400.85,72.15,19569.68,2026-03-09 07:27:52,settled
SET_1578d709-48f9-43d0-9fea-e1e0d9e604b3,pay_1d9af659-82ec-4f2d-bbf6-e16f9b3080d5,ORD00182,CUST0168,34412.36,688.25,123.88,33600.23,2026-02-13 09:27:56,settled
SET_73069588-45d5-468d-a90a-3abbc35b9fea,pay_30a900ad-939b-462d-a645-f129629c2ae3,ORD00183,CUST0200,21314.8,426.3,76.73,20811.77,2026-03-12 07:22:57,settled
SET_d4bf7a4b-25b8-442f-836b-15c7e7c225da,pay_b74d0fb1-32e7-4629-8fad-c1a606cb0fb3,ORD00184,CUST0206,47902.51,958.05,172.45,46772.01,2026-07-23 03:42:58,settled
SET_e916da57-f248-43ab-977a-8a5f6ffe33b3,settle-pay_ce777f00-ecf2-4e76-8519-7ff4006ed6e3,ORD00185,CUST0119,2605.9,52.12,9.38,2544.4,2026-04-09 18:41:46,settled
SET_e27718c5-737d-4fb6-9113-76e038d77b9a,pay_f0b5156b-b82c-4074-afd5-dea589d7fd6c,ORD00186,CUST0235,42431.98,848.64,152.76,41430.58,2026-06-30 06:31:57,settled
SET_6a36af18-06d3-4b93-ae33-688d597e6845,pay_3270e4fa-abae-4f43-bcae-8081bdf070aa,ORD00187,CUST0035,40090.69,801.81,144.33,39144.55,2026-07-29 06:30:28,settled
SET_5fbbf0b1-8083-49c8-a57e-01c90da23e5c,pay_f2e9702d-11e9-4daa-ae69-81a35d3d9e56,ORD00188,CUST0144,29813.07,596.26,107.33,29109.48,2026-06-23 21:04:59,settled
SET_14e4180c-fe99-46a3-a2db-c8503c5bf3a7,pay_9f871ce7-5487-4d4f-abb7-a385aa0b7b14,ORD00189,CUST0157,40768.82,815.38,146.77,39806.67,2026-07-18 00:52:24,settled
SET_519554e3-0737-4c86-b97b-5f515ffa46ef,settle-pay_1fe771d6-d917-4793-a9d3-c2e6505cc686,ORD00190,CUST0110,41545.4,830.91,149.56,40564.93,2026-08-02 18:32:12,settled
SET_b6f6dbf1-d6d4-41cc-995d-82f8ee4a9b5d,pay_81d2c7de-4ce1-4b90-a669-7833b841d0a0,ORD00191,CUST0115,44870.68,897.41,161.53,43811.74,2026-07-07 08:17:11,settled
SET_25637cc3-ca97-4bf5-95d5-96afa663d2cd,pay_5380b904-688c-4015-aab9-7e494f2d4796,ORD00192,CUST0116,13033.66,260.67,46.92,12726.07,2026-04-10 00:26:28,settled
SET_eada79a3-4970-4d9a-89ce-3cfb2339ba19,pay_8dedf9fb-4bb0-4f20-b27c-40266703b636,ORD00193,CUST0216,31919.31,638.39,114.91,31166.01,2026-07-25 10:51:59,settled
SET_d4c3a832-b231-460b-b8f2-ce6bd46b415d,pay_aa38d0a1-6ba2-4efe-b11c-6eb62095eef6,ORD00194,CUST0125,31374.75,627.5,112.95,30634.3,2026-04-19 15:26:01,settled
SET_781799ff-b49e-44cc-8243-69e72387eaf6,,ORD00195,CUST0113,3966.42,79.33,14.28,3872.81,2026-04-23 23:10:45,settled
SET_e7e646c7-0158-4463-9d87-76a072d78bdd,pay_91b0e1d9-9d92-42af-ac8d-0e44e71e43a6,ORD00196,CUST0061,13658.58,273.17,49.17,13336.24,2026-05-07 03:54:32,settled
SET_3735262d-4184-4b03-84dd-7054144823f7,pay_d56f0350-8c45-4ce2-a7f4-8ad54d0b0d1a,ORD00197,CUST0229,27053.6,541.07,97.39,26415.14,2026-02-24 17:44:23,settled
SET_f0b2a5d1-8c7e-4f42-a646-eaf9d5c0244d,pay_35ce8841-4973-4d6c-8dca-bfb7001a9a8b,ORD00198,CUST0039,11639.95,232.8,41.9,11365.25,2026-03-03 08:14:53,settled
SET_6c5a6c93-871c-4884-9bdf-90f2ba2c0f19,pay_9b4e2c24-9479-41e6-8927-7d9b6e0d2648,ORD00199,CUST0181,10776.25,215.53,38.8,10521.92,2026-06-12 02:50:56,settled
SET_3cd5fd7f-49c1-4669-86b3-3fe61c76bdf6,pay_7118e364-7709-4749-927e-ecfaa79ac9aa,ORD00200,CUST0105,16610.98,332.22,59.8,16218.96,2026-07-02 22:43:45,settled
SET_3d0a5f0c-0c39-4ec7-9f31-74054d183eba,pay_82dc4c8e-36b5-429a-acf5-e81e71316269,ORD00201,CUST0107,3207.06,64.14,11.55,3131.37,2026-06-16 04:01:17,settled
SET_9f708368-cb3c-48ca-a392-57316b79afcc,pay_f5b78cc7-e6b3-4944-8b32-3e357922bac2,ORD00202,CUST0100,45251.44,905.03,162.91,44183.5,2026-08-16 20:00:52,settled
SET_d6312a80-1c61-4ec2-9014-2131750565f5,pay_a8aa7158-2b70-4525-bc67-f831cbc84759,ORD00203,CUST0243,34806.6,696.13,125.3,33985.17,2026-08-14 13:49:22,settled
SET_893ad232-98c3-43ca-bff4-cec6e7b7b4c6,pay_a9f25336-83f4-49a9-88a6-39d015b52908-SET,ORD00204,CUST0098,23901.29,478.03,86.05,23337.21,2026-05-19 14:37:46,settled
SET_93364f7e-83ef-49f3-a1c7-cc8a04351b64,pay_17e8392a-55ce-45db-9e87-e04ca2086977,ORD00205,CUST0077,37698.41,753.97,135.71,36808.73,2026-06-15 17:33:41,settled
SET_4a90cd0c-24c1-43b9-b7f2-85723defa849,pay_3c20592f-c04a-46c4-b3b6-3fe1d1843324,ORD00206,CUST0138,37401.03,748.02,134.64,36518.37,2026-08-03 02:19:19,settled
SET_5a5226e6-9d64-4932-8066-853d6de299a1,pay_ce7ae7f6-3982-4cff-8f77-a665ac3c5640,ORD00207,CUST0205,30202.3,604.05,108.73,29489.52,2026-03-30 15:34:10,settled
SET_2ff3cde4-6aa4-4c9f-9217-04753d959e3f,pay_0bd4a990-0640-4e0f-a5b8-fd4b32fa2de8,ORD00208,CUST0125,11049.14,220.98,39.78,10788.38,2026-06-21 06:17:08,settled
SET_8603156a-15ea-4bcf-ab10-21ceaa143cd8,pay_9c7c7377-79a2-4903-bbe3-3b243eae0032,ORD00209,CUST0125,1548.34,30.97,5.57,1511.8,2026-05-12 12:57:15,settled
SET_f4124360-1153-4e99-9c50-8720f982f4e0,pay_74962764-12a4-4ef0-84bb-b7a9d98868dd,ORD00210,CUST0172,33989.18,679.78,122.36,33187.04,2026-06-08 00:30:16,settled
SET_0534a101-8ddc-4719-81f3-8dd4fd034ada,settle-pay_624c69b6-b244-45a7-b7e5-848131c681ec,MER-ORD00212,CUST0236,6468.63,129.37,23.29,6315.97,2026-09-01 15:51:18,settled
SET_0b251279-785a-45d0-9f92-a62163f4c69d,pay_25c73c44-3e75-43b4-a64f-a6637e8f8095,ORD00213,CUST0137,1445.63,28.91,5.2,1411.52,2026-06-06 00:32:05,settled
SET_5b6a8102-0428-4378-bf50-23f440ef3935,pay_e2add909-c521-4f2d-9c45-d539c03f3538,ORD00215,CUST0022,32173.21,643.46,115.82,31413.93,2026-02-24 16:48:39,settled
SET_3dba6da8-5844-49fc-914b-9547c9dc72b8,pay_3805f907-6cd6-4193-8746-8f591b494e15,ORD00216,CUST0222,23138.75,462.78,83.3,22592.67,2026-01-21 12:41:12,settled
SET_1a89b71e-a0d5-42c8-a837-fe68bba205ca,pay_b227462c-f53d-4330-8dda-24ba2d06e8cf,ORD00217,CUST0067,19017.28,380.35,68.46,18568.47,2026-03-25 04:49:00,settled
SET_5a304528-0b59-4562-a227-219f551ff086,pay_1f115b76-d92c-4227-aadf-50853fcb7546,ORD00219,CUST0072,37625.29,752.51,135.45,36737.33,2026-06-23 17:16:08,settled
SET_a48e40f1-d042-4dfa-96ab-087a8bc78e81,pay_76f2dbfe-cd29-436f-a222-82e174daaebf,ORD00220,CUST0065,41762.05,835.24,150.34,40776.47,2026-07-05 15:34:38,settled
SET_af475b49-c775-4395-9494-05f02cd2a404,pay_8f15ba58-fce6-4504-87f8-424daae65fc1,ORD00221,CUST0005,37476.31,749.53,134.92,36591.86,2026-01-22 05:28:22,settled
SET_7a8104de-b205-47bb-bb16-f75776f186ab,pay_c1581092-f335-4ba3-913a-7052986f9025,ORD00222,CUST0244,17563.02,351.26,63.23,17148.53,2026-01-28 15:34:10,settled
SET_2285b2ef-cfbe-4fe9-aea9-c542a1b970d0,pay_d0a44432-9cd6-4852-b14c-7df4e4347d51,ORD00223,CUST0200,47868.55,957.37,172.33,46588.85,2026-01-17 15:13:58,settled
SET_f1901b7e-c6b4-49ef-b74e-ba9310275b53,pay_6d3ee1dc-8139-4443-a45b-712eb8225688,ORD00224,CUST0194,1648.4,32.97,5.93,1609.5,2026-04-10 00:50:50,settled
SET_339b77a8-4b1f-4d7b-8977-c513752a7d25,pay_722764e6-8c41-461b-a827-a1b9d4a02e53,ORD00225,CUST0052,41977.52,839.55,151.12,40986.85,2026-09-02 07:16:05,settled
SET_e2c328aa-3310-4475-8a86-22250b36e356,pay_dc8aee30-be60-43f7-a8be-9288e5af6e39,ORD00226,CUST0040,12003.39,240.07,43.21,11720.11,2026-07-04 21:54:32,settled
SET_4f612217-eef1-4694-90ca-e32d0aba590e,pay_c074718e-425a-409f-b337-c59979844388,ORD00227,CUST0172,5808.03,116.16,20.91,5670.96,2026-03-29 15:34:36,settled
SET_d0be73ee-fd37-4539-a5f2-02f983f02dc7,pay_46fde062-a33d-47af-9701-410d3f4b1a70,ORD00228,CUST0120,35003.3,700.07,126.01,34177.22,2026-05-25 06:21:08,settled
SET_095ffa81-40d9-4bce-b930-ba208b040f49,pay_7c0e8cd8-8573-4793-8715-b2b9c40c5d91,ORD00229,CUST0043,30334.05,606.68,109.2,29618.17,2026-02-15 11:31:25,settled
SET_493e904d-30ec-4796-a59b-457fc0d7ac73,pay_709b7d97-464c-44af-bd3f-3799a07295e9,ORD00230,CUST0200,40983.13,819.66,147.54,40015.93,2026-05-11 19:05:34,settled
SET_0c3ce284-c7e5-4bbb-9cb5-1c535b62a8df,pay_3c07c574-4925-4af1-b6aa-e05b13d5f2f7,ORD00231,CUST0028,28976.37,579.53,104.32,28292.52,2026-05-04 03:39:08,settled
SET_45f18619-54f9-4429-a7de-02ccdda4f4a7,pay_e49d681d-51d8-4c64-95fa-1ab8458f1f19,ORD00232,CUST0148,33899.63,677.99,122.04,33099.6,2026-05-28 18:06:51,settled
SET_6fdc0bad-5e36-4127-8ca1-b45c1fdd980a,pay_269cd696-236c-4b87-94a0-bccb8a476a87,ORD00233,CUST0102,47079.38,941.59,169.49,45968.3,2026-03-29 00:34:03,settled
SET_7092947d-be49-49ec-a667-d3bbe3b56360,pay_271e3ee2-b1a6-41f1-a20e-99d33b33f3d8,ORD00234,CUST0020,29645.68,592.91,106.72,28946.05,2026-04-07 07:31:13,settled
SET_56cb1ab0-62fb-46d7-b4db-ca07e506f670,pay_6a34c854-1071-4d51-b6c5-9dacb4d7e28e,ORD00235,CUST0027,34889.93,697.8,125.6,34066.53,2026-04-29 02:57:15,settled
SET_b12b6680-7f07-4cb9-afd3-40c0f945f2fd,pay_7746d0ba-8ae8-405b-94b4-a48268586eba,ORD00236,CUST0218,34244.53,684.89,123.28,33436.36,2026-02-20 00:18:53,settled
SET_cc1b4157-ec9f-4c54-9e0a-72ab7f5db163,pay_d5385b0e-34f3-493c-8ff0-a55c6a702e2f,ORD00237,CUST0204,49193.83,983.88,177.1,48032.85,2026-01-17 22:47:31,settled
SET_15260718-cd18-4a82-8447-ceab84ef4324,pay_c51155ff-e7a3-4e81-a3b4-c08b6b8e869f,ORD00238,CUST0089,26683.99,533.68,96.06,26054.25,2026-05-25 21:58:15,settled
SET_6e3c4532-1434-4f62-acac-028cba220065,pay_c342bd2b-f295-456e-9967-5f06bd767e35,ORD00239,CUST0018,25347.44,506.95,91.25,24749.24,2026-05-16 12:30:18,settled
SET_2e326567-d284-454e-bebe-c0db9a3a6103,pay_9360715f-c3fe-4183-a172-b725db52ca58,ORD00240,CUST0004,42493.82,849.88,152.98,41490.96,2026-07-11 09:00:39,settled
SET_1a43db54-523a-4993-8b34-46bc8ba435cc,pay_f1578470-0182-47c4-ba1b-58066160a6b4-SET,ORD00241,CUST0028,21732.82,434.66,78.24,21219.92,2026-05-23 15:50:13,settled
SET_4baf0f5e-a932-4094-93f2-8f11147f6570,pay_63d62a39-c0e3-4efd-8c71-e0fe5a0cdd7c,ORD00242,CUST0163,44589.59,891.79,160.52,43537.28,2026-07-01 13:04:52,settled
SET_b7b8c1a5-9a45-493d-b227-890e4e76833a,pay_d5f25073-f414-42b1-a442-9ebbda7b9095,ORD00243,CUST0182,7734.26,154.69,27.84,7551.73,2026-03-12 09:42:55,settled
SET_71a3fad2-b094-4d2a-aaa9-3b436d15f16f,pay_bc10fa52-bf5d-4fdf-89c8-d2ab6b44fa8d,ORD00244,CUST0188,26135.16,522.7,94.09,25368.37,2026-04-17 21:21:01,settled
SET_ba108217-0ad7-49a2-b277-16ec59fefbbc,pay_e5d6f6e6-9a6e-42f5-8cc4-29038bcf53a1,ORD00245,CUST0158,40429.14,808.58,145.54,39475.02,2026-08-01 00:08:06,settled
SET_9d66e815-5a41-43b3-a95f-176cdebac186,pay_23e2fcb4-72d8-467d-894a-05e430b187ef,ORD00246,CUST0199,24226.53,484.53,87.22,23654.78,2026-06-20 03:50:54,settled
SET_a3b442bd-4649-4296-af58-42c3ff86cc31,pay_638c254c-076e-4bba-bc53-08bf6f92f25e,ORD00247,CUST0212,36578.21,731.56,131.68,35714.97,2026-04-17 05:37:39,settled
SET_0eaf04b5-f2a9-4c8a-8a9e-4a62fae3114b,pay_cc530e36-addc-4e13-ab3b-4d37560c95ee,ORD00248,CUST0083,42600.49,852.01,153.36,41595.12,2026-02-05 15:45:24,settled
SET_67fd64c4-a334-458a-abd2-b5121335e5db,pay_d72b6108-2a40-4f12-b963-f37f67814c1f,ORD00249,CUST0072,44093.4,881.87,158.74,43052.79,2026-04-07 16:58:19,settled
SET_bff9507d-cd14-403e-8359-9af65d01f55f,pay_fb10987f-20ac-4703-ab67-146a77a6e17c,ORD00250,CUST0193,23288.95,465.78,83.84,22739.33,2026-08-29 00:42:13,settled
SET_07f8d4f0-f3ea-4184-a8f4-e3ceadedda80,pay_e82c7d7b-06e7-45f9-88bc-539c9f4c3b79,ORD00251,CUST0172,19011.57,380.23,68.44,18562.9,2026-01-13 03:30:12,settled
SET_ad973b67-9b89-45cb-9942-644c248d31ec,pay_a9ba5a27-907b-4e36-9786-48f864de82e6,ORD00252,CUST0127,42562.55,851.25,153.22,41558.08,2026-03-13 14:52:13,settled
SET_20509c62-08e8-45d7-b02c-1821c8040fb7,pay_6db99102-a48b-4dbe-957d-94a106f028ff,ORD00253,CUST0125,10684.78,213.7,38.47,10432.61,2026-04-14 08:01:08,settled
SET_a52964ff-c74c-4890-bc6a-3174113634a5,pay_2e85cb21-7631-4e9d-9de9-f86322bd3388,ORD00254,CUST0088,14054.96,281.1,50.6,13723.26,2026-08-23 12:34:02,settled
SET_f31046dc-6202-4ee6-9cb5-e69c5dc7b3e6,pay_53cd6268-610c-4373-8299-9aa40cdf742b-SET,ORD00255,CUST0180,44017.36,880.35,158.46,42978.55,2026-08-05 20:20:52,settled
SET_2747b93c-9ae7-4eab-884a-67809136f1f8,pay_56666f9f-53ac-4ab9-b467-2cd9362f5e5c,ORD00256,CUST0003,25879.7,517.59,93.17,25118.94,2026-03-19 04:46:29,settled
SET_5ef787b8-f2e6-495f-b32e-2016add702c9,pay_473bd358-610e-4a64-a130-1617c2dff335,ORD00257,CUST0022,12143.67,242.87,43.72,11857.08,2026-06-10 20:11:04,settled
SET_13aec376-c359-410a-b1a6-014c5f3c44dc,pay_6bebac31-d4f8-4d72-b382-1cfdc083b73a,MER-ORD00258,CUST0126,27803.29,556.07,100.09,27147.13,2026-04-07 07:58:53,settled
SET_5df06e8c-878a-4ed9-a33f-fc8292ec89af,pay_78660765-14f7-4e8d-95bc-b8d04094dded,ORD00259,CUST0177,23857.05,477.14,85.89,23294.02,2026-07-11 14:47:11,settled
SET_4758367b-a649-4cdc-907b-907265e58f34,pay_0d557b61-8a17-4dfe-bfc0-0dc804f64d86,ORD00260,CUST0115,39667.35,793.35,142.8,38731.2,2026-02-07 03:19:12,settled
SET_06a241af-1d0a-47f7-b5e4-a4713fe68c9c,pay_39669fa7-5997-4043-b3b1-025bfff9f585,ORD00261,CUST0076,11157.66,223.15,40.17,10894.34,2026-04-07 11:46:06,settled
SET_848af440-7fc1-4858-afa0-d842bc55300b,pay_f510ab53-c7fe-439f-9190-f938a66fd7f7,ORD00262,CUST0079,33231.61,664.63,119.63,32447.35,2026-05-25 07:31:11,settled
SET_1e2595b8-8fc9-486b-a9dd-ebf563119aca,,ORD00263,CUST0122,27718.3,554.37,99.79,27064.14,2026-05-15 12:03:04,settled
SET_b43bd27f-42a2-49a6-8664-12854303cbc1,pay_d6d7b3b8-3309-4d35-bf4d-f561f319c125,ORD00264,CUST0109,49831.91,996.64,179.4,48655.87,2026-08-04 17:59:32,settled
SET_9ca3fbb3-ff11-48ba-b6ee-1640723ef466,pay_3d114802-2702-478b-9f0f-da8d05379ff6,ORD00265,CUST0085,17655.35,353.11,63.56,17238.68,2026-06-28 05:12:44,settled
SET_ffa623d0-ea9e-4c8d-b1a8-b71f491b90e9,pay_1d48a071-ab61-47b1-b93b-4c3220500494,ORD00266,CUST0070,15400.49,308.01,55.44,15037.04,2026-04-01 12:46:13,settled
SET_22bf18f5-1f65-4a87-b33e-e3447dbf4bc1,pay_770c7798-37cc-463b-b2a0-345990604f62,ord00267,CUST0031,36092.09,721.84,129.93,35240.32,2026-05-06 13:07:12,settled
SET_2c33350c-73b9-41d8-92f5-131ada52d2ee,pay_5e6fea07-c453-4f1d-8199-2fdfb31022f0,ORD00268,CUST0031,37169.77,743.4,133.81,36292.56,2026-03-15 21:43:17,settled
SET_ff4c96d6-71f2-4e8f-b69f-68c3e60fd420,pay_f6b751f7-9b74-4245-9b1b-c8952af43ab7,ORD00269,CUST0050,10897.59,217.95,39.23,10640.41,2026-07-09 01:03:28,settled
SET_f7b217c7-ae92-4a71-8f7d-cb431679742f,pay_c71d5e60-1d52-46ab-b7e6-427cbf780e3f,ORD00270,CUST0071,36256.79,725.14,130.53,35401.12,2026-07-24 17:58:12,settled
SET_aaf78c67-51d0-4109-bc90-2838d8741408,pay_4fa03f26-f6f7-40cc-a9ec-8e49d1bdb8c0,ORD00271,CUST0153,14221.64,284.43,51.2,13736.01,2026-02-11 00:58:16,settled
SET_8ccc9cea-109f-48ee-b5a4-720058f0dd23,pay_edcb8cb6-0692-4c63-9424-aed51bac5c15,ORD00272,CUST0214,9786.47,195.73,35.23,9555.51,2026-04-02 08:17:48,settled
SET_4cc9f5f2-e42e-4037-8a55-2ea08acbbe09,pay_e87466d7-ad66-41bd-9367-6a024fdc6e1b,ORD00273,CUST0093,9054.13,181.08,32.59,8840.46,2026-01-16 11:52:20,settled
SET_b5a5f8e6-b639-4f04-a852-4385d9f2dd0d,pay_47378190-96da-4dac-b2ff-5d2a386ecbe0,ORD00274,CUST0182,26753.34,535.07,96.31,26121.96,2026-04-18 12:46:00,settled
SET_2c913a7c-a340-4f08-b341-91b8ed6522b4,pay_9793b9b4-1374-4146-b2c5-bd89b70b3420,ORD00275,CUST0012,48717.32,974.35,175.38,47567.59,2026-08-05 21:40:45,settled
SET_3967e60a-823d-4107-9c8a-c066cb2fafa3,pay_3e2b6091-a092-452a-94a0-57a7b0cc1b3b,ORD00276,CUST0075,34901.13,698.02,125.64,34077.47,2026-02-21 01:00:36,settled
SET_cac4d0eb-3373-430e-bc31-a5971f119c0f,pay_4d3485c5-c5c1-4eb4-b27b-3d901a16342c,MER-ORD00277,CUST0164,43436.21,868.72,156.37,42411.12,2026-07-12 15:19:15,settled
SET_7e7838c9-ca55-438b-bc9a-be10238d6f44,pay_ce3714af-99b4-4350-af2b-99b4d9acd158,ORD00278,CUST0027,43648.71,872.97,157.13,42618.61,2026-08-14 22:39:58,settled
SET_9280c5aa-8dd4-495b-9c63-b6f306ba8cd3,pay_90e0f4a0-fbdd-4933-8bd5-8bf61efd76e9,ORD00279,CUST0073,23522.91,470.46,84.68,22817.77,2026-06-24 01:28:00,settled
SET_fba6abf7-cdbc-4653-b7a7-e8b75e70f65f,pay_8861fe18-58e2-4888-8a83-81bec85aca46,ORD00280,CUST0088,9299.75,186.0,33.48,9080.27,2026-01-23 22:51:56,settled
SET_e25df9a8-9ca8-45c4-a138-afe08d38bbd8,pay_11a72609-5edd-4bbf-a959-76636daa2e68,ORD00281,CUST0065,47059.07,941.18,169.41,45948.48,2026-07-07 12:45:31,settled
SET_65edcfe3-4f2d-4d3f-90d4-de39161237c9,pay_033d2bce-575a-4d2c-a5c5-650c8186a576,ORD00282,CUST0030,41123.57,822.47,148.04,40153.06,2026-06-06 14:51:50,settled
SET_7a89cbeb-b807-478a-b788-f5d1ffe575f6,pay_7d7ddbed-d284-476c-ab88-f83dd97dc9cd-SET,ORD00283,CUST0126,3796.7,75.93,13.67,3707.1,2026-01-24 19:40:22,settled
SET_68d0a2a8-c4e7-47dd-a929-de738693fd9d,,ORD00284,CUST0039,7544.96,150.9,27.16,7366.9,2026-08-09 14:02:42,settled
SET_20156a72-12e1-43a6-932c-ae01d2c65ee4,pay_75b17a55-d426-4982-a43e-4288a2b5b498,ORD00285,CUST0243,15261.39,305.23,54.94,14901.22,2026-04-09 09:18:26,settled
SET_12fc7a87-a470-4d48-9128-b9b1f8ede0ca,pay_2d174fc9-6f7c-45ea-a72a-6d8eb5122df8,ORD-00286,CUST0031,27947.84,558.96,100.61,27288.27,2026-06-12 15:01:22,settled
SET_8471b4b0-ae1b-4f69-b740-d83173318749,pay_a6846099-f729-4951-8591-31d2bbda0242,ORD00287,CUST0156,29846.73,596.93,107.45,29142.35,2026-08-30 04:04:36,settled
SET_d43cdd6d-e0c1-4f1e-a0da-897258321ee4,pay_eb6c1016-cee6-44d0-9dac-6e8345241ea6,ORD00288,CUST0058,38807.11,776.14,139.71,37891.26,2026-05-30 17:22:48,settled
SET_96792482-a3c9-48e4-8d22-38e6c7bf4fbc,pay_7701f7bb-7bc6-4e1f-864e-e6e389c5b31a-SET,ORD00289,CUST0116,45434.37,908.69,163.56,44362.12,2026-04-27 11:31:55,settled
SET_21084dd9-f75d-4e3c-848d-56502e9522d6,pay_97ac6aa8-bb24-48a3-9363-57b66f81cf4f,ORD00290,CUST0221,29467.4,589.35,106.08,28621.97,2026-06-19 12:59:01,settled
SET_de431e06-e924-4069-80bb-ae526ec01269,pay_3ed8c56c-da09-4fa0-9282-8d8044b591f7,ORD00291,CUST0079,28474.61,569.49,102.51,27652.61,2026-01-26 09:23:13,settled
SET_84a2576c-1fc9-45f8-94d6-07350e2f8958,pay_4767d76c-162f-4a24-af43-613cd4aac9a3,ORD00292,CUST0157,48009.43,960.19,172.83,46876.41,2026-02-11 12:55:26,settled
SET_2976aab2-2a26-4770-8ddb-1b36272c0588,pay_c01f36bf-3e6d-458b-b367-c28de1b294de,ORD00293,CUST0243,38160.58,763.21,137.38,37259.99,2026-03-25 22:53:50,settled
SET_39b86bb2-b596-4a7c-af4a-fa885299e505,pay_ab0e664e-9c3e-42d5-91e1-aa9676f72255,ORD00294,CUST0068,33055.36,661.11,119.0,32275.25,2026-03-05 23:52:41,settled
SET_84d67c4f-f0df-4684-b28e-41225894f7f1,pay_7e8adee7-0758-4201-961e-16d16105716b,ORD 00295,CUST0062,8773.3,175.47,31.58,8566.25,2026-01-31 03:39:19,settled
SET_143029a9-d88f-4c94-88b7-63d5e519dd7e,pay_7cd0129d-2e8d-4e87-9334-20e6d9d80b8d,ord00296,CUST0041,233.52,4.67,0.84,228.01,2026-06-25 22:59:55,settled
SET_f4d375c1-a293-49fa-b240-d7a14027ab7d,pay_3eabedcb-baa8-4dd4-88bd-64072bcfbe01,ORD00297,CUST0177,29731.18,594.62,107.03,29029.53,2026-04-27 02:44:00,settled
SET_a0017720-200b-4903-8642-6c458d03f17a,pay_989d9d4a-e15c-4666-8797-b2c957207246,ORD00298,CUST0009,11650.66,233.01,41.94,11375.71,2026-04-22 19:07:34,settled
SET_9780c215-2b2b-48e9-a417-c09380a8a23d,pay_7d7ddbed-d284-476c-ab88-f83dd97dc9cd,ORD00300,CUST0176,11747.85,234.96,42.29,11470.6,2026-04-16 17:49:40,settled
SET_2bd3cdcd-2779-4685-94a5-3fdef10d27c8,pay_680bac63-b856-4035-bdc9-829015eabb27,ORD00301,CUST0202,39583.26,791.67,142.5,38649.09,2026-08-21 01:14:14,settled
SET_e6e987ca-b87b-4384-9fdd-de2ea8a2b7ad,pay_3d85de89-c217-4429-8e20-07247d137018,ORD00302,CUST0170,40214.89,804.3,144.77,39265.82,2026-03-19 19:48:31,settled
SET_ec86a890-d7b0-4bdc-966e-3cbe9aea622f,pay_b63b4dc3-a559-4463-b9e1-3ceab0cbc61f,MER-ORD00303,CUST0109,5827.34,116.55,20.98,5689.81,2026-03-30 07:22:33,settled
SET_dd20c3bf-d342-4f08-8a8b-b5b490494583,pay_046a0df5-cafd-4613-b2bb-912d7da67785,ORD00304,CUST0166,7534.57,150.69,27.12,7356.76,2026-04-17 03:52:26,settled
SET_f2d3f761-0ba3-4279-94cb-056407437c3b,pay_6786d506-38ba-4abc-8b53-05e517d2582e,ORD00305,CUST0212,7197.59,143.95,25.91,7027.73,2026-01-27 03:52:00,settled
SET_43c07d43-93a7-4792-8561-b8dca4364fcd,pay_a9f948b2-4e63-44bb-be49-3f43b118f68d,ORD00306,CUST0043,39652.17,793.04,142.75,38716.38,2026-08-22 02:12:44,settled
SET_92779574-c457-4cc3-b5f7-89bca6b07458,pay_8db06746-7927-4973-9e78-1fd794e0d3ba,ORD 00307,CUST0192,41229.59,824.59,148.43,40256.57,2026-04-25 02:02:44,settled
SET_07c0d116-a394-4d54-9e3c-5a886aa56e6d,pay_ff233d5f-6ced-415d-9800-7c0287ea7ff5,ORD00308,CUST0113,6305.25,126.11,22.7,6156.44,2026-05-02 02:20:07,settled
SET_8baaf744-a08d-421b-a395-4cb17f7f6c0a,pay_5a104129-54ae-4d1b-8ce6-424dbef59fe6,ORD00309,CUST0180,20185.18,403.7,72.67,19708.81,2026-04-18 17:31:06,settled
SET_4d560a3d-f4e7-469a-a454-09374a27ebf2,,ORD00310,CUST0129,27045.08,540.9,97.36,26406.82,2026-06-21 00:12:30,settled
SET_741b77f5-4c24-4053-a7f5-ae02af5b8f47,pay_be2d740a-1e9b-43bc-90c7-c006314d3441,ORD00312,CUST0189,16183.85,323.68,58.26,15801.91,2026-04-11 05:35:52,settled
SET_76e5ae78-7bf7-41d3-aa66-2fce7089fc6d,pay_bd1531c8-3764-4bda-b108-d4482f65fafa,ORD00314,CUST0151,47544.24,950.88,171.16,46422.2,2026-04-16 16:01:29,settled
SET_24c778a5-9b4e-464b-9716-dc2e343ada2a,pay_96ef2ad6-b97e-4703-86c8-adfe7bf47042,ORD00315,CUST0148,2107.56,42.15,7.59,2057.82,2026-03-11 00:53:45,settled
SET_51beb80e-b7e6-414c-9c8a-49225005680f,pay_98c7472a-864e-4a13-829c-fc0cfa02eaec,ORD00316,CUST0121,25996.3,519.93,93.59,25382.78,2026-06-23 17:52:36,settled
SET_586a346a-dc5b-47d1-bcef-1972bbf483ce,pay_d52721e7-19bc-443e-bb02-bebb48729a4d,ORD00317,CUST0235,13980.01,279.6,50.33,13650.08,2026-08-18 07:40:03,settled
SET_c2baf0e0-2179-43f0-a612-4ab4f9b21e6e,pay_5c62b3a2-3a3c-463e-8bd6-cee631b1b099,ORD00318,CUST0112,31775.76,635.52,114.39,31025.85,2026-07-11 23:12:59,settled
SET_1b2ededb-8fc8-4fc0-83d5-bceb5edbb8ee,pay_b540b30e-039f-4a25-8d61-68bd2defe193,ORD00319,CUST0249,4653.0,93.06,16.75,4543.19,2026-05-17 03:13:55,settled
SET_1f5d988f-776a-4f09-bde2-885951b1943c,pay_0ba6eab9-4639-447b-a067-bdac88bd13d1,ORD00320,CUST0105,16732.09,334.64,60.24,16337.21,2026-02-12 14:56:29,settled
SET_24108e9a-3f77-4cae-b318-b96d44790612,pay_4ac9778d-8da8-4ee4-8df5-6ac6f96b648a,MER-ORD00321,CUST0220,8125.16,162.5,29.25,7933.41,2026-06-11 20:48:37,settled
SET_f204be89-4a4b-4563-8cf4-77ef18c8a616,pay_a34b6cf6-2053-4a42-b1af-db65b289f224,ORD00322,CUST0178,24823.9,496.48,89.37,24238.05,2026-06-06 12:29:07,settled
SET_e6fdd7af-dd84-4acc-b672-94643f8ea40a,pay_48ca7651-92f5-4f7b-8323-d342df6a8f93,ORD00324,CUST0117,4494.18,89.88,16.18,4388.12,2026-04-11 00:31:40,settled
SET_ef0a573d-53d2-456d-9040-158728e213bc,pay_5738811d-70c2-403f-ba8d-03aa782a65e0,ORD00325,CUST0083,5884.49,117.69,21.18,5745.62,2026-06-08 23:11:04,settled
SET_3098f7b2-500e-45c0-b89b-df7f93e34c35,pay_40a26c60-0d27-4659-b72a-da9b2f32751e,ORD00326,CUST0222,25778.35,515.57,92.8,25169.98,2026-01-03 10:43:43,settled
SET_fef7d9ea-7f8e-4483-a8ca-aa1dc35bec2c,pay_1d34d08e-7a4c-45d4-9c99-e04cf0e98b3b,ORD00327,CUST0169,43481.44,869.63,156.53,42305.28,2026-07-02 09:55:53,settled
SET_e10b1a47-7fae-4748-b781-321e83c501cb,pay_7de31a51-6694-4343-90ba-58e3d2762bdc,ORD00328,CUST0106,2804.78,56.1,10.1,2738.58,2026-07-24 08:12:19,settled
SET_170d7507-05ee-41d4-bf53-a88e4efc8248,pay_afbb411a-a123-4a8c-93b7-a88612f70c97,ORD00329,CUST0093,31169.43,623.39,112.21,30433.83,2026-07-16 14:17:32,settled
SET_750d112e-8164-4eec-a4ab-851bf1fac6e7,pay_cfa701cd-2631-400b-a6d7-94d30db95301,ORD00330,CUST0161,22157.84,443.16,79.77,21634.91,2026-01-22 01:03:23,settled
SET_95560a2d-3713-4466-bda0-6476f778c676,pay_15ce6a66-4dc8-4a1e-b2f9-e5fa90164161,ORD00331,CUST0053,13426.11,268.52,48.33,12959.26,2026-02-22 21:07:54,settled
SET_4806f804-0cf0-474c-8c74-dc0f5a575539,pay_8edddfcd-1e52-4770-bf89-7142fe716b14,ORD00332,CUST0238,14472.65,289.45,52.1,14131.1,2026-07-11 05:50:29,settled
SET_d7c4fe9c-e1e0-4ffc-98f6-fd7f7eb162f1,,ORD00333,CUST0032,1540.59,30.81,5.55,1504.23,2026-08-27 11:05:42,settled
SET_4926ce5f-7878-4140-ac2a-4f71a77d95f1,pay_c693da11-39c6-41ca-9e50-aa42ca6dfda1,ORD00334,CUST0205,12040.94,240.82,43.35,11756.77,2026-03-06 12:11:29,settled
SET_1b84edc3-d8e0-49de-8217-ea0e896490ab,pay_e893be3d-7354-4a6f-a160-745985c7504b,ORD00335,CUST0080,27586.87,551.74,99.31,26935.82,2026-08-04 11:21:22,settled
SET_43b47ee5-e1e8-4e7e-a249-8f666e51484d,pay_96a9954f-dc33-41f9-8c1f-55ab715629ee,ORD00336,CUST0105,4751.14,95.02,17.1,4639.02,2026-02-15 01:32:03,settled
SET_673ba8bd-c38c-4dec-9da3-9a73ba3df7ff,pay_9191b363-4e2d-4645-adc7-cac7fd72b050,ORD00337,CUST0119,47358.33,947.17,170.49,46090.67,2026-03-04 19:06:53,settled
SET_0d18ab95-668c-4477-8b95-017c5dae1201,pay_f5c9b047-9c10-4572-8f6b-40d09efba58b,ORD00338,CUST0128,46639.39,932.79,167.9,45538.7,2026-05-04 08:20:48,settled
SET_5cce5ba9-31d4-4e09-8fd3-3afc91fdfa4f,pay_c342bd2b-f295-456e-9967-5f06bd767e35,ORD 00339,CUST0131,35300.04,706.0,127.08,34466.96,2026-06-13 08:39:02,settled
SET_62e7c1a6-12d2-4a06-89e1-cd138da00495,pay_43bfd931-3605-4f54-a021-c0ca3531968d,ORD00340,CUST0214,24176.73,483.53,87.04,23606.16,2026-07-05 09:24:26,settled
SET_8cc36f3b-c3af-4cfe-b34a-6ca38116e3fc,pay_3d67cde9-2834-44c0-94c8-b3b4a911d192,ORD00341,CUST0063,22893.64,457.87,82.42,22353.35,2026-02-27 04:09:39,settled
SET_9f8cc29f-fd35-4c5f-9347-9a3b479bc637,pay_2812859a-1337-439e-8d4f-5d272c7f0b79,ORD00342,CUST0099,9611.46,192.23,34.6,9384.63,2026-08-23 18:36:14,settled
SET_20f0156a-1e6a-4628-9c6d-52d5ae2e9af9,pay_b07aa066-7354-45ea-a894-9b8d00af5b3a,ORD00343,CUST0131,37340.0,746.8,134.42,36458.78,2026-02-26 00:20:59,settled
SET_5f89ed12-64d6-4fbf-98c0-1e2bf99f0704,pay_085b15fb-4a8f-4810-b84c-2f29980402a2,ORD00344,CUST0222,3583.52,71.67,12.9,3498.95,2026-06-14 03:32:37,settled
SET_8ece1128-56ce-4b42-bc9e-1dcbcb7e6268,pay_48603b32-b4fb-4eb9-89c1-3de73b4206c5,ORD-00345,CUST0088,46718.99,934.38,168.19,45616.42,2026-07-20 04:27:29,settled
SET_24eeb4a6-c145-45c7-9d98-6115f05eeefe,pay_1238d630-743b-45a2-9c0f-2fcfb3f6fe0d,ORD00346,CUST0069,41045.42,820.91,147.76,40076.75,2026-04-22 20:15:01,settled
SET_66c14dca-8255-4a61-9a3b-031932f57510,pay_43b9da13-ec85-4f37-bbc1-a987aff8754d,ORD00347,CUST0186,14997.94,299.96,53.99,14643.99,2026-08-19 22:39:21,settled
SET_09f64405-0b99-4034-8a4e-255280051b10,pay_96fc734d-a003-4d28-8a8f-3653c9af18f8,ORD00348,CUST0149,49945.23,998.9,179.8,48766.53,2026-07-11 03:46:43,settled
SET_cdd0b4d4-5542-47de-b6ad-f48b2314d0c8,pay_32a447b2-ef04-457d-8dcc-c33aa9434aa0,ORD00349,CUST0222,7514.91,150.3,27.05,7337.56,2026-08-01 03:56:05,settled
SET_2620f9a9-74fd-43d1-84f2-fd0f79474bfa,pay_398d1ca6-8b68-40b5-9d61-fac36cd5e859,ORD00350,CUST0124,17321.68,346.43,62.36,16912.89,2026-08-05 08:14:35,settled
SET_23c8afdb-83f8-4f16-a4a4-474c9b33e3a4,pay_44007d5a-e88d-4719-a624-2b40a5cb63a2,ORD00351,CUST0196,27217.16,544.34,97.98,26424.84,2026-06-28 20:07:09,settled
SET_518b2f21-9cf2-4859-ae6e-2e7253f591dc,pay_0f44704f-1247-4a4e-a469-98e8d39e198b,ORD00352,CUST0239,16156.69,323.13,58.16,15775.4,2026-03-18 06:22:03,settled
SET_9dd2f9de-fd98-4e33-a498-abe92999bbef,pay_9854ce4e-4ebf-45c3-8ae9-b4a72a79ea68,ORD00353,CUST0179,12016.4,240.33,43.26,11732.81,2026-05-30 17:32:49,settled
SET_97fe56c5-4c9a-4f24-97b4-c294bd44089d,pay_ebd34616-91b7-4d8e-9301-6989bfbbb17f,ORD00354,CUST0060,42815.05,856.3,154.13,41804.62,2026-06-10 12:42:05,settled
SET_827c9f8c-d40a-45e9-81df-6517561c9210,pay_77fc9703-1fd5-4423-b06c-5c5649e2623d,ORD00355,CUST0012,15977.0,319.54,57.52,15449.94,2026-07-04 16:27:29,settled
SET_901bcdef-b56f-48ce-bd66-971e88476c56,pay_670acc5c-b321-4f21-8dd8-eb85b04d3376,ORD00356,CUST0181,45680.17,913.6,164.45,44602.12,2026-05-31 01:19:54,settled
SET_044251db-d0d4-4a67-b992-8faa4cbf131d,,ORD00357,CUST0099,49421.86,988.44,177.92,48255.5,2026-03-02 01:43:27,settled
SET_1c0f0bdc-ac7e-437c-94cc-1e2a5e4cb287,pay_9918ee46-1497-4658-b010-f7197e695d0d,ORD00358,CUST0127,48244.74,964.89,173.68,47106.17,2026-03-01 00:42:01,settled
SET_4ec3f970-956d-40e4-aaa2-6216fada98f5,pay_bc0a6a5d-6e99-4e3e-a3b1-37fc0a3450fc,ORD00359,CUST0129,48271.14,965.42,173.78,47131.94,2026-05-12 22:24:53,settled
SET_df41e335-b9ae-48e4-a615-99c8cbf81f86,pay_069f14f1-4018-4c6e-9a8c-fa3c5283aac7,ORD00360,CUST0223,5108.19,102.16,18.39,4837.64,2026-06-23 23:57:04,settled
SET_98cf1188-06d2-4913-a117-3719b023a0ea,,ORD00361,CUST0026,26344.96,526.9,94.84,25723.22,2026-06-29 10:52:42,settled
SET_a7d4cf50-f791-41e5-83f9-cd6b797ebe87,pay_964db03f-9340-4fad-9c4a-d56bd6016237,ORD00362,CUST0004,36149.95,723.0,130.14,35296.81,2026-06-11 05:16:39,settled
SET_9416e4dc-c6b2-4def-b8d8-b7f1c86c6544,pay_c3c75611-ffe3-4a49-854f-92fff366bad4,ORD00363,CUST0223,32773.59,655.47,117.98,32000.14,2026-03-04 22:45:03,settled
SET_0d259caa-b8ad-4d87-ba40-45dd93dfd907,pay_9384ec2b-44fe-4cae-9248-a9a7ac1aa554,ORD00364,CUST0020,23527.58,470.55,84.7,22972.33,2026-04-16 22:11:28,settled
SET_86341718-2ba6-4db3-bafe-b1149561c813,pay_2cd94cbb-c19a-458c-835b-1c8c0a4c9f7f,ORD00365,CUST0087,31200.64,624.01,112.32,30464.31,2026-06-06 08:48:47,settled
SET_c64c9647-9ea7-417c-b89f-7039a107cc46,pay_7135f221-a6c9-437f-84da-d06a7872bdeb,ORD00366,CUST0167,4107.73,82.15,14.79,4010.79,2026-05-11 14:27:11,settled
SET_d25864f2-25d4-40fc-a154-2765d756ba9c,pay_ff37d19c-2e76-428b-8735-44f9ea83bf00,ORD00367,CUST0219,33750.44,675.01,121.5,32953.93,2026-07-30 05:43:13,settled
SET_9293f705-0815-4147-be00-980eae441e21,pay_d0725b5c-a281-4044-af96-288295d82980,ORD00368,CUST0098,47711.57,954.23,171.76,46585.58,2026-07-10 12:00:00,settled
SET_30d73df7-1c22-4cea-b355-56a5f2bd92f2,pay_785299f4-175b-498d-b814-01027de1bdfe,ORD00369,CUST0224,27096.7,541.93,97.55,26457.22,2026-08-29 19:08:21,settled
SET_6b352f85-504e-4687-b0e7-e75604d9145e,pay_5230dfbd-5553-42fe-a889-803e5913f9d3-SET,ORD00370,CUST0018,11815.04,236.3,42.53,11536.21,2026-04-25 14:33:59,settled
SET_34323ec6-b0c4-401c-a9b7-c0fa26c432f6,pay_292bd156-db94-4570-9ac7-0ec0ab8ddeb4,ORD00371,CUST0059,37363.64,747.27,134.51,36481.86,2026-06-21 12:54:26,settled
SET_9c89d374-c664-45a7-8077-3e33690e7e62,pay_7ed70ed7-b194-490b-a961-929e546e035a,ORD00372,CUST0026,38042.45,760.85,136.95,37144.65,2026-02-10 00:47:43,settled
SET_d92f3c1e-df70-4b2a-b8bb-22a5eba742d2,pay_668409e3-f1f8-443e-a99f-131849c8a43f,ORD00373,CUST0114,8401.6,168.03,30.25,8203.32,2026-04-30 07:13:34,settled
SET_b4adaf89-0ff1-4a9f-ba37-0623bc5fd4dd,pay_0964fbbf-8cd3-41b0-82b0-1cfdd045dd1c,ORD00374,CUST0232,1544.47,30.89,5.56,1508.02,2026-05-08 23:23:27,settled
SET_7a768555-a987-4218-bf84-faef5336723b,pay_c5c5b37a-f85e-46a1-9dad-09b252c21221,ORD00376,CUST0096,21591.27,431.83,77.73,21081.71,2026-04-08 20:05:06,settled
SET_f4e95734-5052-4700-a077-96a38685abaa,pay_d32e6dcd-83bc-4478-9d6a-c7b86778043b,ORD-00377,CUST0136,20661.38,413.23,74.38,20173.77,2026-03-13 22:15:06,settled
SET_887b03e5-e980-4808-b5ac-824c2c55aef7,pay_de8ede0b-a85c-4e4a-804b-6fabfcf56188,ORD00378,CUST0044,8835.96,176.72,31.81,8627.43,2026-08-26 16:52:30,settled
SET_ad05b912-5ab2-4d4a-8bd8-8fcd57a2be4e,pay_0de051a6-69ca-47d2-b644-14fd8ae769ed,ORD00379,CUST0223,19188.96,383.78,69.08,18736.1,2026-04-14 12:41:46,settled
SET_ae455cc6-b88e-430f-9e1e-994ac5a11f5c,pay_9f64eeed-5c9d-427d-84b8-71bb300568d2-SET,ORD00380,CUST0128,45650.17,913.0,164.34,44572.83,2026-02-26 13:57:13,settled
SET_f5141058-3138-4975-bbf3-3a349c2dfa97,pay_445dcc38-341c-4494-8d36-6dfcc28ebd70,ORD00382,CUST0118,12840.8,256.82,46.23,12537.75,2026-01-07 15:35:25,settled
SET_4c6a70f4-8ede-444d-876c-f68c3f1be0d0,pay_49bc473f-ed7b-4656-a18a-15368c99a894-SET,ORD00383,CUST0231,40251.19,805.02,144.9,39301.27,2026-04-25 16:55:17,settled
SET_fb756923-f910-4bb3-b105-32523990e2c9,pay_7c16128d-b2c0-4394-a17f-29e170286046,ORD00384,CUST0174,27375.25,547.5,98.55,26729.2,2026-01-30 16:26:34,settled
SET_b4746349-49fc-4cd8-856b-ad4c4c3077c4,pay_a14923c2-f920-464c-8763-fcd01f15c7b6,ORD00385,CUST0114,47267.26,945.35,170.16,46151.75,2026-08-20 04:33:54,settled
SET_7d2f4e58-b47a-4c5b-b0b3-901535102852,pay_b5b453ca-3d42-493c-8c9f-d3349bdf0377,ORD00386,CUST0077,31983.04,639.66,115.14,31228.24,2026-06-17 18:50:45,settled
SET_8f7c1d59-594b-4a3a-bad4-65a15129950d,pay_03802b70-8d03-491e-8f8d-5238288b78b5-SET,ORD-00387,CUST0177,12579.9,251.6,45.29,12283.01,2026-04-29 07:58:41,settled
SET_b8beff3d-cb9f-4f6d-af3a-6f27ef06fccb,pay_3985fb62-17dc-4eff-a872-13f98d605936,ORD00388,CUST0051,49968.74,999.37,179.89,48789.48,2026-07-08 15:49:32,settled
SET_92cf6021-1f33-442d-89ac-908746015028,pay_1d0bc9bd-e9b5-45cf-9766-5cdafe049059,ORD00389,CUST0028,11936.56,238.73,42.97,11654.86,2026-08-13 02:42:21,settled
SET_e5508ea2-6133-434d-8b0e-8eb1ad371d9e,pay_a5d04d53-1e12-42e3-b272-92b6762172ed-SET,ORD00390,CUST0092,28783.12,575.66,103.62,28103.84,2026-04-28 15:45:00,settled
SET_585abefb-d181-4f77-a500-1423faebcd19,pay_eec259dc-7f95-497c-a76a-a6ced50755d9,ORD00391,CUST0006,48899.43,977.99,176.04,47745.4,2026-06-05 17:10:36,settled
SET_257f7595-cdfb-4db9-85e7-8b23f4613f09,pay_b495db4e-8245-4fb4-8ab7-706eb77350ca,ORD00392,CUST0071,504.09,10.08,1.81,492.2,2026-01-21 01:07:31,settled
SET_ec8be537-58ab-4778-943b-45e3b6d1f6bb,pay_74eff545-3e65-4603-b8e3-654bfaf14ff0,ORD00394,CUST0214,45217.35,904.35,162.78,44150.22,2026-04-23 03:31:22,settled
SET_bf519362-41a6-4fed-a7ed-c8d8713f8f8c,pay_30cbd755-6232-417a-a507-41818d1fb540,ORD00395,CUST0199,39963.12,799.26,143.87,39019.99,2026-08-27 18:15:21,settled
SET_d3f4a49b-33ba-4a88-b6c7-d6fa7aa4f052,pay_bf0d073d-821c-4336-9970-cf60ebff8d15,MER-ORD00396,CUST0206,17680.82,353.62,63.65,17263.55,2026-03-18 20:09:30,settled
SET_8fe069b6-eeda-4802-8568-f42689e03e22,pay_11df12d7-dd30-4e89-a2f2-35f2e11b868d,ORD00397,CUST0159,12606.28,252.13,45.38,12308.77,2026-02-25 02:52:29,settled
SET_1bf645f6-2324-4211-8588-fc1bb2384849,pay_dabac50d-ca3d-4859-85ce-099c46b82659-SET,MER-ORD00398,CUST0161,4948.48,98.97,17.81,4831.7,2026-01-17 07:26:42,settled
SET_e7ba26ac-ab7a-4d1c-8cfe-f6833e11bafe,pay_00a81de9-d20f-47d0-8465-6d6b81fb18b3,ORD00400,CUST0149,18306.58,366.13,65.9,17874.55,2026-02-23 00:50:48,settled
SET_3b9b2d45-a350-45e4-b9c5-9df987f255d6,pay_d664d264-4c6e-47ff-b9de-7a3a486822b9,ORD00401,CUST0024,45490.43,909.81,163.77,44416.85,2026-05-08 21:14:34,settled
SET_548e1f6b-69ce-4e4e-99a6-92c90d700ea4,pay_a8f1e091-ffb8-402d-9475-dbc996418ced,ORD00402,CUST0192,20833.6,416.67,75.0,20191.93,2026-03-21 23:32:35,settled
SET_ae62990c-19bd-4f93-b8ef-7666b7a4c719,pay_7250ee18-260a-4962-9d81-b7f57d5911c6,ORD00403,CUST0034,39346.99,786.94,141.65,38418.4,2026-05-24 02:02:21,settled
SET_f6eab3a0-0153-4221-a331-0a28c550eca8,pay_551ac8ea-585a-4afa-bbfd-cc1289e06ab3,ORD00404,CUST0136,25139.56,502.79,90.5,24546.27,2026-04-19 20:08:20,settled
SET_286ed390-edd9-4a1a-ba58-5b278ce3e7c3,pay_6090d697-8b1e-4b9d-834b-9fbb8d4a75b8,ORD00405,CUST0213,8310.77,166.22,29.92,8114.63,2026-07-17 03:08:50,settled
SET_e1721c83-ef5e-4376-a723-fb72682b163a,pay_de9e3757-5260-401e-aecf-67d2749176f4,ORD00406,CUST0248,40343.78,806.88,145.24,39391.66,2026-05-14 13:03:17,settled
SET_a689b424-7a3a-40e1-b9c7-73a0e0decc3d,pay_3d225c30-b28f-41de-bb14-0bc3304b8590,ORD00407,CUST0206,5846.97,116.94,21.05,5708.98,2026-02-02 05:50:27,settled
SET_0f25477d-a559-40e7-8910-fade52380bf2,pay_517400f8-0b2c-482a-a928-8e92c68a152f,ORD00409,CUST0221,33848.55,676.97,121.85,33049.73,2026-06-07 08:08:36,settled
SET_a6fd0cb1-16e6-45c0-84cb-294fe86e8e63,pay_e9d68f23-b489-4070-b914-f8a8bea4ff31,ORD00410,CUST0248,42302.65,846.05,152.29,41304.31,2026-08-07 10:31:48,settled
SET_bd1a8f4b-88ff-4d40-bb72-c86d92fa675f,pay_fd08b32c-62d6-4e93-a198-5d54cfb87e6f,ORD00411,CUST0094,4606.11,92.12,16.58,4497.41,2026-06-06 05:42:05,settled
SET_098c60b3-efc9-409e-99af-6e09b91e3d6e,,ORD00412,CUST0004,13296.48,265.93,47.87,12982.68,2026-02-19 23:55:49,settled
SET_6afa828c-2cd1-4b9f-abe5-841fe9c96c52,pay_f6febc0e-7ecd-4baf-a6f0-5fcffb16e5db,ORD00413,CUST0117,18492.42,369.85,66.57,18056.0,2026-04-15 19:31:17,settled
SET_ef158d5b-2d00-4d05-966d-4627e1dace6a,pay_f72169bb-8096-4718-a051-acef097a1e10,ORD00414,CUST0150,19113.17,382.26,68.81,18662.1,2026-05-26 06:23:07,settled
SET_df4e713e-f64e-4dfc-bfbe-ac7aefc59738,pay_03edd1f8-74f9-4d17-a912-b4bf86a4bae4,ORD00417,CUST0084,45771.27,915.43,164.78,44691.06,2026-03-28 23:17:30,settled
SET_0997623a-e072-4d96-8a1a-81f5ed10f004,pay_def57689-68f4-4bce-a4e7-5e8eb8f21423,MER-ORD00418,CUST0166,3254.53,65.09,11.72,3177.72,2026-07-10 07:17:13,settled
SET_9a4ffc0c-9165-42ed-8c63-6e95025f5543,pay_1327f1bc-2784-478f-b84f-16b3a79fbfaf,ORD00419,CUST0233,35083.75,701.68,126.3,34255.77,2026-06-09 13:35:35,settled
SET_55c551fc-fba5-4cc8-adaf-37661b780ede,pay_43d88870-f81d-4aa1-8812-0a8e78308930,MER-ORD00420,CUST0030,7074.87,141.5,25.47,6907.9,2026-01-18 10:50:31,settled
SET_a42d0cd7-fd35-4f6a-b450-388748d90846,pay_65c17795-b155-46bc-9f8d-ed9756abf2f1,ORD00421,CUST0078,49796.78,995.94,179.27,48621.57,2026-02-16 02:19:16,settled
SET_e3a68a70-7e71-4b55-8639-bd418b15bd94,pay_541cdfcd-da0d-4a5f-948f-8b74a65bb1f2,ORD00422,CUST0025,11816.52,236.33,42.54,11537.65,2026-07-29 18:17:51,settled
SET_811414f8-d9df-4d0e-a25a-ed6cf0458043,pay_889b78d5-dbfd-497e-aca2-b148da330aa1,ORD00423,CUST0035,19493.43,389.87,70.18,19033.38,2026-05-27 02:04:40,settled
SET_cf0e6d2b-315c-467a-85d8-a6ad77d0359e,pay_a075e927-5110-4492-b442-7e0b61484bb3,ORD00424,CUST0172,47474.1,949.48,170.91,46353.71,2026-07-31 18:57:32,settled
SET_bb2aa146-2999-494c-94a7-b69b1cd66b09,pay_7cea2045-c268-483e-a32f-2e63b7fddd71,ORD00425,CUST0108,29408.28,588.17,105.87,28714.24,2026-03-05 00:15:28,settled
SET_b7f60cdf-41dc-4c60-a5f6-0735757b6b29,pay_9e11d2cd-0930-4ef6-8a80-068ddf547e50,ORD00426,CUST0227,20802.74,416.05,74.89,20311.8,2026-02-09 10:56:54,settled
SET_564cfbd2-bc92-4d81-839b-058c2faabe0b,pay_af34cf65-a193-44b2-bc19-e71d118405ad,ORD00427,CUST0214,24518.42,490.37,88.27,23939.78,2026-06-11 11:54:56,settled
SET_aca58d95-915a-4c30-8b86-b5a1ca6fbff8,pay_3a3c8a71-ff57-4e2b-8991-ab9bebc2026f,ORD00428,CUST0241,47580.92,951.62,171.29,46458.01,2026-01-14 16:56:16,settled
SET_9c678393-2ced-4c0d-b173-04b5c1dd484a,pay_fa745761-6f18-4108-9723-199dbf2c14a0,ORD00429,CUST0177,18589.44,371.79,66.92,18150.73,2026-06-23 04:37:47,settled
SET_67ce378f-e5a4-483b-a383-889adb2c6ac8,settle-pay_b4323070-a23d-4c2f-82a7-96891933918c,ORD00430,CUST0114,47532.7,950.65,171.12,46410.93,2026-05-23 20:28:44,settled
SET_53f30073-83e9-4ef4-ad7d-f5d0d3b59af7,pay_2a96e1e2-7194-4ae2-99ba-d7aedf615a5c,ORD00431,CUST0026,49048.29,980.97,176.57,47890.75,2026-05-24 15:48:35,settled
SET_186b2880-ab54-4a15-a69d-01ff1634725b,pay_0769165f-e746-4cb9-8ca9-cf07b1aa0f6a,ORD00432,CUST0140,45094.64,901.89,162.34,44030.41,2026-05-22 07:04:57,settled
SET_7a3a6e96-23ff-43d3-bb4f-b88a2f4dd219,pay_0e5dd462-cbd0-4ef2-930a-37df0bc61066,ORD00433,CUST0016,19967.17,399.34,71.88,19345.95,2026-03-17 17:08:38,settled
SET_01bf9e73-3f80-4385-af92-40b652d78f10,pay_6e417d47-5ff5-45ea-9bc4-40f14b1a269b,ORD00434,CUST0248,6195.77,123.92,22.31,6049.54,2026-06-27 14:16:23,settled
SET_546252e7-f43b-4052-8459-bd6ec0f63229,pay_2e183554-cae2-4e66-ae8a-781390e0a95b,ORD00436,CUST0249,1165.74,23.31,4.2,1138.23,2026-05-13 12:31:50,settled
SET_92a81713-b90e-444b-951c-25d54d4c5280,pay_9c07a751-1437-4509-acd1-586a2b840c67,ORD00437,CUST0063,49442.16,988.84,177.99,48275.33,2026-08-11 06:14:53,settled
SET_5c0b9b10-a757-4b10-82f5-25b902ed73ce,pay_aee1e86b-9ea5-46aa-a1ee-6c5bdeef580f,ORD00438,CUST0053,3523.65,70.47,12.68,3440.5,2026-08-07 05:35:27,settled
SET_aaf407f7-0fe7-4149-bc7e-5368b1594847,pay_9549c931-e9af-499d-bf67-1eec3da70577,ORD00439,CUST0054,29360.52,587.21,105.7,28667.61,2026-04-03 11:42:18,settled
SET_28e333b6-4e8a-4c4b-b724-20411e43fbd2,pay_a34db7c5-760d-4bbb-bb70-b3a124a35cf2,ORD00440,CUST0085,38740.99,774.82,139.47,37676.7,2026-08-22 10:57:05,settled
SET_ec50ace4-80a5-4e65-afa2-855967c96204,pay_aab612c9-415d-474a-b5a6-69814104a8b5,ORD00441,CUST0001,13936.01,278.72,50.17,13607.12,2026-02-28 04:35:22,settled
SET_c5144d98-b41c-404f-a346-f415e5267a2b,pay_771ad655-cdfc-4ee0-a61e-de900267deb3,ORD00442,CUST0034,27056.75,541.13,97.4,26418.22,2026-03-11 18:25:51,settled
SET_a38295d3-1e0e-4546-b0b6-dedf4f9c4027,pay_8beddb12-ad77-482f-89a2-3a89e6b5a92c-SET,ord00443,CUST0029,33086.78,661.74,119.11,32305.93,2026-01-13 00:17:18,settled
SET_5e175b66-4b87-459f-b0cd-7f05ea87855e,pay_f1faf665-7115-43f3-92e8-9d1028711733,ORD00444,CUST0034,841.53,16.83,3.03,821.67,2026-04-05 09:40:59,settled
SET_f5159494-3818-4fd3-b889-936a9d5817e8,pay_4c955f6a-966b-4964-bcd6-bdca5876fd09,ORD00445,CUST0151,16256.2,325.12,58.52,15722.56,2026-03-10 16:05:32,settled
SET_74797b61-2737-4b52-ba6a-210722319050,pay_b0b862ef-6c9f-42b9-b647-8986a3917c99-SET,ORD00446,CUST0068,2714.71,54.29,9.77,2650.65,2026-06-16 11:38:12,settled
SET_5fa5e0aa-9b11-4530-bd24-7c11bf6b8cdf,pay_4d57d880-d865-469a-b4f3-310340066ff2,ORD00447,CUST0135,5771.1,115.42,20.78,5634.9,2026-01-28 16:24:13,settled
SET_e9ad0e9b-8c9a-41e9-b3b2-63376a74dbb7,pay_da743152-627b-41a1-bfd6-f23232ffe294,ORD00448,CUST0122,22468.93,449.38,80.89,21938.66,2026-05-24 14:26:52,settled
SET_cd4f8b2b-899a-4252-81e1-b94a78883058,pay_61a11729-3cb9-4350-9b4d-a0fe7bb38605,ORD 00449,CUST0132,29723.93,594.48,107.01,29022.44,2026-06-26 12:59:45,settled
SET_c3093b6e-37e9-42e2-935a-c07aaa0217d0,pay_4bbe4aff-9326-4ffd-9be4-bf5192698698,ORD00450,CUST0129,11155.33,223.11,40.16,10892.06,2026-08-30 21:12:40,settled
SET_98874bfe-c136-4c65-ae2a-e3413f59e4f2,pay_059dd55d-4b94-4e30-b303-f438fe2110d0,ORD-00451,CUST0012,36389.43,727.79,131.0,35530.64,2026-07-24 12:16:39,settled
SET_86879aa9-14f5-43d0-8991-2032df85c777,pay_f6febc0e-7ecd-4baf-a6f0-5fcffb16e5db,ORD00452,CUST0078,22956.32,459.13,82.64,22414.55,2026-01-14 02:20:42,settled
SET_1cb9b73a-906d-4c8c-aad0-8c8913fe8a29,pay_f93e08d5-bea2-4dfe-873f-6e1baf908e3c,ORD00454,CUST0110,34336.27,686.73,123.61,33525.93,2026-07-13 09:38:12,settled
SET_e723ada3-8c32-4db2-942a-895e0fcf601f,pay_bec39a37-9b3d-44bd-a91e-314e0c8e29e3,ORD00455,CUST0183,45494.07,909.88,163.78,44270.41,2026-01-31 12:58:59,settled
SET_89628f6e-929c-43b3-b3c0-8bf18167999f,pay_e726be23-e776-4886-9534-ee1d7f2984f5,ORD00456,CUST0231,4131.44,82.63,14.87,4033.94,2026-08-28 05:44:34,settled
SET_dabf984e-53ff-4461-aa1f-1b61265cb9d9,pay_3ae909fe-cc82-48da-8696-f5e64944051b,ORD00457,CUST0038,3377.54,67.55,12.16,3297.83,2026-04-18 19:20:05,settled
SET_ae27d432-1dc1-47eb-b11c-767385351a69,pay_3810ae66-5a31-44cc-8d4b-69a99b689c88,ORD00458,CUST0160,31690.53,633.81,114.09,30942.63,2026-08-04 23:03:08,settled
SET_7d23d479-9549-4a82-b787-ef8d3495311e,pay_402913ec-9ef2-493e-b0ac-7d7ba2f963a3,ORD00459,CUST0183,16326.75,326.54,58.78,15791.43,2026-08-22 00:05:44,settled
SET_720b274b-82a7-4586-a61d-9cde1747f387,pay_c478f6f1-b88e-4318-816d-83edad81f8bd,ORD00460,CUST0136,14815.4,296.31,53.34,14465.75,2026-07-17 08:04:39,settled
SET_21c71aa3-7414-43b5-8e3e-25f2cf0671c7,pay_2303f6c6-d69d-42f1-ae4c-84ffa8c01f05,ORD00461,CUST0155,21566.95,431.34,77.64,20907.97,2026-02-15 10:24:59,settled
SET_905c7bdd-74f0-4eae-aa59-43ce836435e3,pay_a0a11839-e745-4704-98df-bc3ca0d4de3d,ORD00462,CUST0219,32770.18,655.4,117.97,31846.81,2026-08-05 02:49:00,settled
SET_ac3a812f-765e-4cb5-8f0d-55400ec7d662,pay_c9e26074-4f16-49a0-8a17-991ea5769411,ORD00463,CUST0185,43288.07,865.76,155.84,42266.47,2026-06-19 00:32:32,settled
SET_00c59f30-d103-4424-8124-1bb4655ce508,pay_e8dd5e5a-1712-4b16-a1a4-344fbb7bee03-SET,ORD00465,CUST0087,41388.22,827.76,149.0,40411.46,2026-06-07 20:26:04,settled
SET_12b2102d-940c-4503-b7c8-6152beed0af9,pay_6a5e6920-bf5a-47e6-93a3-dd5a4b8c5bdc-SET,ORD00466,CUST0107,36507.66,730.15,131.43,35646.08,2026-05-05 09:09:42,settled
SET_b34c6c73-5833-4b30-ac77-6e950b981ccd,pay_c958e75e-21d5-4971-b367-49b52cf6bf75,ORD 00467,CUST0110,15694.93,313.9,56.5,15324.53,2026-04-11 23:44:42,settled
SET_0f6ce9bf-fe7e-4362-8a89-b0f0105291d3,pay_5da8d6d2-f8b3-4a8b-a05f-b8bc8a16a06c,ORD00468,CUST0096,47684.27,953.69,171.66,46558.92,2026-07-07 04:29:49,settled
SET_fc737d92-11ab-4d11-a4eb-8000ef40d162,,ORD00469,CUST0018,4652.12,93.04,16.75,4542.33,2026-02-05 03:39:12,settled
SET_497ec6d1-081f-46dc-b8d9-a88aef0bea4f,pay_e9ff1cae-41c8-4a8c-aa1f-955ad499da99,ORD 00470,CUST0024,21650.64,433.01,77.94,21139.69,2026-05-26 17:19:13,settled
SET_22ab7752-c4db-4a62-ae13-418d68ab80ea,pay_f7a67b94-7b5a-411a-b1b6-4afed31edf1a,ORD00471,CUST0208,6592.76,131.86,23.73,6287.17,2026-01-25 07:03:47,settled
SET_72d35458-61ea-4f30-a42e-707afe2bd987,pay_c1101266-2408-46dc-9346-d1a9f6802cdb,ORD00474,CUST0091,43693.01,873.86,157.29,42511.86,2026-06-15 06:03:25,settled
SET_60a399d4-e821-4716-aac8-0da1de9f6f5b,pay_ad238d36-dc32-4c97-b9c1-e262f76c8ede,ORD00475,CUST0223,45800.6,916.01,164.88,44719.71,2026-01-22 23:30:43,settled
SET_f6d22a7b-aec7-4a82-948b-4376602a4e57,pay_65bcc272-fadd-4ea3-aca5-e2fdb966442a,ORD00476,CUST0248,14452.71,289.05,52.03,13961.63,2026-05-03 08:14:05,settled
SET_220b9ea9-8a0f-4508-9fe2-c0a0a96b3c42,pay_8eac0a33-cdf9-44a7-9882-b5c1f79efd70,ORD00477,CUST0091,5269.67,105.39,18.97,5145.31,2026-07-20 01:25:39,settled
SET_1e5ebe54-5907-4299-9c3b-bdd8a74e02a9,pay_6502d6a2-ca6a-4224-971e-16cc5da36f1b,ORD00478,CUST0055,7821.04,156.42,28.16,7636.46,2026-07-08 06:19:51,settled
SET_649f7d88-8989-45ab-be2b-34d82db0728d,pay_bf85bf0e-ad64-456c-a10f-aa3ff0bbac67,ORD00479,CUST0058,42379.01,847.58,152.56,41378.87,2026-05-17 23:17:56,settled
SET_fa8dae42-ba54-4920-a099-d18087623997,settle-pay_bfbf397b-ac3e-4b0d-9e5b-a13d746cdb77,ORD00480,CUST0217,27857.65,557.15,100.29,27200.21,2026-02-17 14:48:31,settled
SET_c194f97f-00e3-4026-95b6-de85390239d9,pay_618ae305-95a5-4afa-831d-029fac1e86d8,ORD00481,CUST0196,14000.55,280.01,50.4,13670.14,2026-03-31 19:57:19,settled
SET_76876c62-4c61-445e-ba7e-5d9405d1fb63,pay_5f18e583-f0b6-483f-a377-f6f1d289f0ab,ORD00482,CUST0207,21512.71,430.25,77.44,21005.02,2026-08-09 20:34:45,settled
SET_6c93a791-8b60-4511-b816-8aebac6a7c85,pay_78b2b549-3bdb-409e-acc2-16a01bbc91f7,ORD00483,CUST0250,38394.88,767.9,138.22,37488.76,2026-09-09 10:53:09,settled
SET_3acb43a3-d2c7-4ffb-a118-433b882ccd1e,pay_f1738856-e25d-46eb-9e9a-9f83066803ee,ORD00484,CUST0158,33781.34,675.63,121.61,32984.1,2026-08-06 05:11:26,settled
SET_27b608dc-589d-4cb0-b5eb-89c23f5cf2f3,pay_9c2e58de-ea4e-4617-93f8-382b8fb864e4,ORD00485,CUST0007,30488.85,609.78,109.76,29769.31,2026-04-15 20:47:36,settled
SET_e00da49d-effa-4002-b040-413c4690fb15,pay_a2a9d4d8-102e-4de5-a5cc-8bf738ab854c,ord00486,CUST0008,9102.76,182.06,32.77,8887.93,2026-05-01 23:56:45,settled
SET_083f64c3-1ce3-42f8-83f7-25feb99b2b5a,pay_b379cb1e-e8cd-40cc-b6da-3ca0d2e82f38,ORD00487,CUST0236,17057.25,341.14,61.41,16654.7,2026-01-04 08:54:36,settled
SET_9d6b9b62-6b53-4a19-a902-b73fcf39f648,pay_1dde7969-6886-43db-a634-8e784d5c55c7,ORD00488,CUST0047,43506.15,870.12,156.62,42479.41,2026-08-11 22:29:42,settled
SET_e39836bb-e23d-4faa-afad-49e9c41c147e,pay_0986bbeb-f23e-423d-8b9b-d93423c86d30,ORD00489,CUST0169,20099.14,401.98,72.36,19624.8,2026-03-07 02:22:03,settled
SET_1139fa12-34c1-43ea-bd9c-4e6404015ced,pay_4767d76c-162f-4a24-af43-613cd4aac9a3,ORD00490,CUST0190,31695.28,633.91,114.1,30947.27,2026-01-14 21:44:41,settled
SET_7249f62c-0898-4462-980c-b95c19d45deb,pay_899ca782-e323-4d1a-bc1b-dacc18e19331,ORD00491,CUST0024,37330.98,746.62,134.39,36449.97,2026-03-28 13:11:01,settled
SET_df495037-b40a-4181-ac09-bdb799086e47,pay_5efa9c5b-7421-4f46-a37e-4b0122bae10e,ORD00492,CUST0097,21049.64,420.99,75.78,20552.87,2026-05-16 09:22:51,settled
SET_0b531932-bd94-49aa-bea6-e5b20c760d28,pay_7746d0ba-8ae8-405b-94b4-a48268586eba,ORD00493,CUST0041,18565.65,371.31,66.84,18127.5,2026-05-09 23:28:03,settled
SET_8a2db2e6-3bfd-48a6-b05f-ddf566fadca0,pay_965befdf-6b4b-4411-8a4a-0e2df22b5b98,ORD00494,CUST0199,47076.23,941.52,169.47,45965.24,2026-08-21 13:12:30,settled
SET_c6ac1b04-dd1d-4cd1-811f-6bf5379ef467,pay_e2aa7a5d-278e-400d-ba02-66efbe055787,ORD00495,CUST0022,44178.78,883.58,159.04,43136.16,2026-03-03 10:06:35,settled
SET_fe54ee4b-80ff-4173-a3df-ecd70e731dd7,pay_d56ce8ea-1959-4b5a-a7a8-f6366a35df59,ORD00496,CUST0041,37746.35,754.93,135.89,36855.53,2026-01-23 07:49:12,settled
SET_ea98fef8-d0d7-4e37-bbf2-025f4a0d2b73,pay_f065c817-687a-4850-9d9b-62317d45d8ef,ORD00497,CUST0173,4170.92,83.42,15.02,4072.48,2026-06-23 02:06:44,settled
SET_93d563ae-51a3-4c26-937b-f79bbb44badc,pay_b0b63bcf-0860-4833-879d-0cdaf396ea37,ORD00498,CUST0170,21258.34,425.17,76.53,20756.64,2026-08-26 18:21:30,settled
SET_d18183d1-ac2b-4cfc-85c5-1060991121e7,pay_71d79665-7181-4dcf-b79e-fc6e5edb0d3c,ORD00499,CUST0114,20767.77,415.36,74.76,20127.65,2026-03-27 17:14:54,settled
SET_DUP_8570b59f-a903-4e67-bc56-8b5324acb722,pay_e2acf72f-9e57-4f7a-a0ee-89aed453dd32,ORD00019,CUST0050,35258.13,705.16,126.93,34426.04,2026-01-20 19:06:51,settled
SET_DUP_46707cd6-4ced-4164-a9df-14e9389641dd,pay_0e51f30d-c6a7-4e39-84b0-32ccd7c524a5,ORD00033,CUST0227,45735.92,914.72,164.65,44656.55,2026-07-01 04:48:33,settled
SET_DUP_97777f10-f2d2-493f-8e85-140d0f9aeb70,pay_98ae4334-6c12-4ce8-ae34-0454cac5b68c,ORD00047,CUST0001,47695.41,953.91,171.7,46569.8,2026-04-16 06:57:49,settled
SET_DUP_2cd58759-e95d-4761-bc36-dc59e134edfc,pay_f143262f-dc5c-4eed-8da0-365bf89897b9,ORD00050,CUST0216,31983.58,639.67,115.14,31228.77,2026-08-26 12:00:49,settled
SET_DUP_8e4c3ab5-6d5d-4477-adc2-9178a0411612,pay_5fb8d16c-2720-497d-b2eb-d6899be578c7,ORD00060,CUST0243,27535.2,550.7,99.13,26885.37,2026-04-15 22:30:24,settled
SET_DUP_582b91ee-f8e8-435b-8c00-988a7ee1011a,pay_e0ccedc5-f05d-476e-9a84-a51aa9d3d7c7,ORD00137,CUST0192,7812.21,156.24,28.12,7627.85,2026-04-03 22:33:06,settled
SET_DUP_61935990-abdd-4a8f-a4b0-5c89f10bce9c,pay_5380b904-688c-4015-aab9-7e494f2d4796,ORD00192,CUST0116,13033.66,260.67,46.92,12726.07,2026-04-10 00:26:28,settled
SET_DUP_b2414482-5198-44d8-8643-3603c92a7d7c,pay_9b4e2c24-9479-41e6-8927-7d9b6e0d2648,ORD00199,CUST0181,10776.25,215.53,38.8,10521.92,2026-06-12 02:50:56,settled
SET_DUP_4cc57e0d-2633-4018-a883-ac6e6a944054,pay_f5b78cc7-e6b3-4944-8b32-3e357922bac2,ORD00202,CUST0100,45251.44,905.03,162.91,44183.5,2026-08-16 20:00:52,settled
SET_DUP_89b5aab0-c121-49db-af12-b150605fb1eb,pay_e49d681d-51d8-4c64-95fa-1ab8458f1f19,ORD00232,CUST0148,33899.63,677.99,122.04,33099.6,2026-05-28 18:06:51,settled
SET_DUP_39b02e2a-d96e-484f-bdb0-174e7938878a,pay_6db99102-a48b-4dbe-957d-94a106f028ff,ORD00253,CUST0125,10684.78,213.7,38.47,10432.61,2026-04-14 08:01:08,settled
SET_DUP_24f43c62-b523-40de-9b87-d29c4cfd0fc1,pay_4767d76c-162f-4a24-af43-613cd4aac9a3,ORD00292,CUST0157,48009.43,960.19,172.83,46876.41,2026-02-11 12:55:26,settled
SET_DUP_0ec0713d-ea2c-4a51-b688-d11fce4758be,pay_43b9da13-ec85-4f37-bbc1-a987aff8754d,ORD00347,CUST0186,14997.94,299.96,53.99,14643.99,2026-08-19 22:39:21,settled
SET_DUP_6aa0426d-f7c0-45f7-a9a5-3b4f8ff8869d,pay_9854ce4e-4ebf-45c3-8ae9-b4a72a79ea68,ORD00353,CUST0179,12016.4,240.33,43.26,11732.81,2026-05-30 17:32:49,settled
SET_DUP_636f6e5c-2253-4706-87ad-8b268eaa5841,pay_bc0a6a5d-6e99-4e3e-a3b1-37fc0a3450fc,ORD00359,CUST0129,48271.14,965.42,173.78,47131.94,2026-05-12 22:24:53,settled
SET_DUP_548c1d84-340d-4049-8147-65063e2bf9c9,pay_9c07a751-1437-4509-acd1-586a2b840c67,ORD00437,CUST0063,49442.16,988.84,177.99,48275.33,2026-08-11 06:14:53,settled
SET_DUP_73253aa3-ec17-4298-943d-f5b3a58e83dd,pay_059dd55d-4b94-4e30-b303-f438fe2110d0,ORD-00451,CUST0012,36389.43,727.79,131.0,35530.64,2026-07-24 12:16:39,settled
SET_DUP_891f6912-17ab-4863-9efe-ef4fd8ddbbc0,pay_e726be23-e776-4886-9534-ee1d7f2984f5,ORD00456,CUST0231,4131.44,82.63,14.87,4033.94,2026-08-28 05:44:34,settled
SET_DUP_0d31812e-30c3-4756-9453-f867b97e6224,pay_4767d76c-162f-4a24-af43-613cd4aac9a3,ORD00490,CUST0190,31695.28,633.91,114.1,30947.27,2026-01-14 21:44:41,settled
SET_DUP_9adf4709-ac75-4344-a08e-149e44b9e602,pay_b0b63bcf-0860-4833-879d-0cdaf396ea37,ORD00498,CUST0170,21258.34,425.17,76.53,20756.64,2026-08-26 18:21:30,settled
